time,Ia,Ib,Ic,Va,Vb,Vc
0,0,0,0,0,0,0
1.09959253113155e-06,2.44100070629266e-07,-0.000612073355324777,0.000611829255254148,0.00133852972382254,-0.00267550042478371,0.00133697070096116
2.1991850622631e-06,7.32294558026971e-07,-0.00122425454691585,0.00122352225235783,0.00400036543802019,-0.0079946377112988,0.00399427227327862
3.29877759339464e-06,1.46457777792732e-06,-0.00183654349496715,0.00183507891718922,0.00796256708279815,-0.0159103876630703,0.00794782058027214
4.39837012452619e-06,2.36772069494168e-06,-0.00244890782587875,0.00244654010518381,0.0128234832945607,-0.0256202941317062,0.0127968108371455
6.40961761093457e-06,4.59529106774391e-06,-0.00356922755967852,0.00356463226861078,0.0246398628600268,-0.049219329900914,0.0245794670408872
9.6294924121042e-06,9.82226633306625e-06,-0.0053635166890561,0.00535369442272303,0.0513873962078615,-0.102645736952442,0.05125834074458
1.45730186224511e-05,2.19003248754556e-05,-0.00812009789237584,0.00809819756750039,0.108333922203449,-0.216727921577786,0.108393999374337
1.84858643610612e-05,3.49507080725675e-05,-0.0103034866885284,0.0102685359804558,0.16428522306797,-0.329509859074229,0.165224636006259
2.23987100996713e-05,5.10935902179599e-05,-0.0124882269106192,0.0124371333204012,0.225934524648369,-0.4553249432113,0.229390418562931
2.63115558382815e-05,7.03275068366278e-05,-0.0146743144815934,0.0146039869747568,0.289732305375147,-0.588527541138218,0.298795235763072
3.02244015768916e-05,9.26511383640365e-05,-0.0168617454387947,0.0167690943004307,0.352460235309062,-0.724709043040033,0.37224880773097
3.41372473155017e-05,0.000118063809335431,-0.0190505161231476,0.0189324523138122,0.411530831063832,-0.861262789278971,0.449731958215139
3.89697500241757e-05,0.000153712200251067,-0.0217555686613616,0.0216018564611105,0.476908708564113,-1.03017388139297,0.553265172828861
4.48150668556988e-05,0.000203126891844545,-0.0250302699071413,0.0248271430152968,0.544119884037529,-1.24126057373418,0.69714068969665
4.89843050386133e-05,0.000242583184870976,-0.0273677980020475,0.0271252148171766,0.584986698772528,-1.40183742278985,0.81685072401732
5.31535432215278e-05,0.000285545060477307,-0.0297068281256305,0.0294212830651532,0.622102086284332,-1.57833607317484,0.956233986890505
5.73227814044422e-05,0.000332012200713911,-0.0320473559678128,0.0317153437670989,0.658246090857164,-1.77733041326892,1.11908432241175
6.14920195873567e-05,0.000381984284784179,-0.0343893772393838,0.0340073929545996,0.696563920933072,-2.00441223026745,1.30784830933438
6.56612577702712e-05,0.000435460980987873,-0.0367328876250602,0.0362974266440724,0.740183151739927,-2.26333960723743,1.5231564554975
6.98304959531856e-05,0.000492441941904974,-0.0390778827860828,0.0385854408441778,0.791885907851798,-2.55547904578447,1.76359313793267
7.49231699951435e-05,0.000566797365462427,-0.0419442737072478,0.0413774763417854,0.869267612131169,-2.95501713774548,2.08574952561431
8.00158440371013e-05,0.000646379996637543,-0.0448128655272389,0.0441664855306013,0.964249649853171,-3.39514798746205,2.43089833760888
8.51085180790592e-05,0.00073118907253112,-0.0476836503700154,0.0469524612974844,1.07768533648167,-3.86629798576692,2.78861264928525
9.0201192121017e-05,0.000821223778820949,-0.0505566203367523,0.0497353965579314,1.20906317537321,-4.3580999098404,3.14903673446719
9.52938661629748e-05,0.000916483263108888,-0.0534317675590785,0.0525152842959696,1.35686118224279,-4.86183076279338,3.50496958055059
0.000100386540204933,0.00101696664919349,-0.0563090841970423,0.0552921175478489,1.51899544182869,-5.37244184852226,3.85344640669357
0.000107154014546513,0.00115857711944977,-0.0601359905193315,0.0589774133998818,1.75242222907027,-6.06296364217657,4.3105414131063
0.000112378303712838,0.0012742032859244,-0.0630928486565859,0.0618186453706615,1.94439034517527,-6.61120917342089,4.66681882824562
0.000117602592879164,0.00139532379756395,-0.0660519621501108,0.0646566383525469,2.1441133610232,-7.18275064624645,5.03863728522325
0.00012282688204549,0.00152193776328307,-0.0690133224191349,0.0674913846558519,2.34969449021479,-7.78779112838934,5.43809663817455
0.000128051171211816,0.00165404432924293,-0.0719769209260146,0.0703228765967717,2.55930873874085,-8.4347510089847,5.87544227024386
0.000133275460378142,0.00179164266076124,-0.0749427491137243,0.073151106452963,2.77112499509512,-9.12806102481427,6.35693602971915
0.000138499749544468,0.00193473192572836,-0.0779107984127317,0.0759760664870034,2.98337951929638,-9.86698544862226,6.88360592932589
0.000146687536399207,0.00217003321096587,-0.0825669293839527,0.0803968961729868,3.31369030525042,-11.0979778120944,7.784287506844
0.00015234593803456,0.00234052308333862,-0.0857878408662844,0.0834473177829458,3.54001284348241,-11.9888375633096,8.44882471982718
0.000158004339669913,0.00251745048509753,-0.0890113214618504,0.0864938709767529,3.76587468834003,-12.8969350479893,9.1310603596493
0.000163662741305266,0.00270081410898547,-0.092237360269469,0.0895365461604836,3.99459457065272,-13.81340610335,9.81881153269724
0.000169321142940619,0.00289061258959019,-0.0954659465220251,0.092575333932435,4.23133900152007,-14.7358187707722,10.5044797692522
0.000174979544575972,0.00308684450343742,-0.0986970694221461,0.0956102249187087,4.48246760159072,-15.668955569298,11.1864879677073
0.000180637946211325,0.00328950838661518,-0.101930718100629,0.0986412097140143,4.75445791553649,-16.6235955619413,11.8691376464048
0.000188017947816252,0.00356349630501559,-0.106151997754462,0.102588501449446,5.14920293329679,-17.9255910629505,12.7763881296537
0.00019539794942118,0.00384841971930263,-0.110377530783626,0.106529111064323,5.59185607976211,-19.3124091916978,13.7205531119357
0.000201349097336363,0.00408614122936478,-0.113788034269961,0.109701893040597,5.98152875187088,-20.5008565990597,14.5193278471888
0.000207300245251546,0.00433096987071521,-0.117201274757049,0.112870304886334,6.39352352317229,-21.7503426267627,15.3568191035904
0.000213251393166729,0.00458290395246681,-0.120617239337941,0.116034335385474,6.81818935123695,-23.0495867749689,16.231397423732
0.000219202541081913,0.00484194179610957,-0.124035915281766,0.119193973485657,7.24496267375833,-24.3821970368568,17.1372343630984
0.000226676261436241,0.00517731284791365,-0.128333062526818,0.123155749678905,7.76969523544843,-26.0767328231106,18.3070375876622
0.000234149981790569,0.00552388148388156,-0.132634441069437,0.127110559585556,8.27523395242099,-27.7791410835788,19.5039071311578
0.000244738493833469,0.00603405062591196,-0.138735676758392,0.13270162613248,8.96896860641006,-30.2126508401411,21.243682233731
0.000255327005876369,0.00656667848006129,-0.144845283993562,0.1382786055135,9.67137222756192,-32.7214708846883,23.0500986571264
0.000263785539528035,0.00700829319052051,-0.149731857483197,0.142723564292676,10.2690331127322,-34.8220553110307,24.5530221982986
0.0002722440731797,0.00746422740218328,-0.154623690336578,0.147159462934395,10.9249460349107,-37.0389190051343,26.1139729702236
0.000280702606831365,0.00793447520750269,-0.159520745021295,0.151586269813793,11.647116642989,-39.371048001247,27.723931358258
0.00028916114048303,0.00841903056760151,-0.164422984331934,0.156003953764332,12.4275691939108,-41.7926666308886,29.3650974369778
0.000299750527896657,0.00904581181622374,-0.170567431259765,0.161521619443541,13.4536719258438,-44.8933135120836,31.4396415862398
0.000310339915310283,0.00969499543996158,-0.176719873699793,0.167024878259832,14.4986110759331,-48.0362454447541,33.537634368821
0.000318452799629738,0.010207506237143,-0.181438834917603,0.17123132868046,15.2951593879564,-50.4709830240029,35.1758236360465
0.000326565683949193,0.0107331538569369,-0.186162414546344,0.175429260689407,16.0825072354985,-52.9487302308373,36.8662229953387
0.000334678568268648,0.0112719329003446,-0.190890579855337,0.179618646954992,16.867443076444,-55.4967265911719,38.6292835147279
0.000344980432484454,0.0119749974331182,-0.196901028957887,0.184926031524769,17.8824576298591,-58.8615515036708,40.9790938738117
0.000354118213454709,0.0126163211411484,-0.202238405287732,0.189622084146583,18.8171103788942,-61.964142921769,43.1470325428748
0.000363255994424964,0.0132742791777706,-0.207581457875908,0.194307178698137,19.7990655197684,-65.1540985768029,45.3550330570345
0.000372393775395219,0.0139488626124278,-0.212930139460706,0.198981276848278,20.8345800429122,-68.4013467718009,47.5667667288888
0.000381531556365474,0.0146400622445611,-0.218284403037908,0.203644340793347,21.9227158999538,-71.6886880638202,49.7659721638664
0.000393697565590046,0.0155860937219635,-0.225421624396654,0.209835530674691,23.4391719637662,-76.1445504938252,52.705378530059
0.000402893609055264,0.0163207033162042,-0.230822957321679,0.214502254005475,24.6253709091447,-79.597341828975,54.9719709198303
0.000412089652520481,0.0170721105033867,-0.23622978469787,0.219157674194483,25.8307850245531,-83.1496531082145,57.3188680836614
0.000421285695985699,0.0178403059895817,-0.241642057991776,0.223801752002195,27.0435032249606,-86.8061848273111,59.7626816023505
0.000430481739450916,0.0186252804998118,-0.247059729165288,0.228434448665476,28.2566642269634,-90.5500669214974,62.2934026945339
0.00044395360380622,0.0198055115407544,-0.255006049646554,0.2352005381058,30.045504916273,-96.1333838898711,66.0878789735981
0.000454265490933058,0.0207332050617353,-0.261096143419128,0.240362938357393,31.4432850124481,-100.469350797808,69.0260657853595
0.000464577378059897,0.0216819515853718,-0.267192808381385,0.245510856796013,32.8956681552484,-104.86562399071,71.9699558354616
0.000474889265186735,0.0226517359047319,-0.273295975672126,0.250644239767394,34.4246458164485,-109.355868642642,74.9312228261938
0.000490934142266841,0.0242024724597881,-0.282804997778675,0.258602525318887,36.9517898025562,-116.592912230032,79.6411224274757
0.000503671392528422,0.0254697308163082,-0.290364681452126,0.264894950635817,39.0495148320611,-122.543540537243,83.4940257051815
0.000516408642790003,0.0267689987601771,-0.297933890366579,0.271164891606402,41.1722294894238,-128.626370686466,87.4541411970425
0.000529145893051584,0.0281002468953846,-0.305512494989937,0.277412248094552,43.288388891463,-134.792189129605,91.5038002381415
0.00054753597944746,0.0300786578581125,-0.316470791254873,0.28639213339676,46.3748194748411,-143.853478146263,97.4786586714219
0.00056217994892213,0.0317016371630784,-0.325210425839988,0.293508788676909,48.9230645977509,-151.262494303455,102.339429705705
0.0005768239183968,0.0333667417457888,-0.333961867453095,0.300595125707306,51.6144593796729,-158.899083383257,107.284624003584
0.00059146788787147,0.0350739216241194,-0.342724916435862,0.307650994811743,54.4496012133286,-166.753198358462,112.303597145133
0.000609245513936485,0.0372028866450196,-0.353378460322648,0.316175573677629,58.007848931883,-176.501364575203,118.49351564332
0.000627023140001501,0.0393936958196012,-0.364048466048421,0.32465477022882,61.6203180029867,-186.439343589439,124.819025586453
0.000644800766066517,0.0416462575992119,-0.3747345823596,0.333088324760388,65.2747322844313,-196.590424342859,131.315692058428
0.000662578392131533,0.0439604777838112,-0.385436454662747,0.341475976878936,69.0279805420078,-207.005968139786,137.977987597778
0.000677306983910562,0.0459244252103679,-0.394314550168377,0.348390124958009,72.2593947856662,-215.847958009839,143.588563224172
0.000692035575689591,0.0479305713984007,-0.403203013012609,0.355272441614208,75.6213805960329,-224.864336214801,149.242955618768
0.00070676416746862,0.0499788583869472,-0.412101639904794,0.362122781517846,79.0931834797812,-234.03074955781,154.937566078028
0.000722835368384771,0.0522618677846464,-0.421822786768732,0.369560918984085,82.9612395382179,-244.198493460235,161.237253922017
0.000738906569300922,0.0545949055669439,-0.431555531763056,0.376960626196113,86.8824521943348,-254.553152872482,167.670700678147
0.000754977770217073,0.056977894749904,-0.441299612091617,0.384321717341713,90.8609714591705,-265.104630547688,174.243659088517
0.000770776229565051,0.059369053701887,-0.450889121381759,0.391520067679872,94.8611622676048,-275.66399242186,180.802830154255
0.000786574688913029,0.0618083299389424,-0.460489077910315,0.398680747971373,98.9865500272332,-286.399660501162,187.413110473928
0.000802373148261006,0.0642956449125598,-0.470099229810399,0.40580358489784,103.249838034204,-297.311642750634,194.061804716431
0.000821877628239724,0.0674325734351345,-0.481977401758263,0.414544828323129,108.668649168814,-311.035176355493,202.366527186679
0.000836192713916361,0.0697813203467071,-0.490704645899789,0.420923325553082,112.726110495438,-321.283411404781,208.557300909343
0.000850507799592998,0.072169301491215,-0.499439611413715,0.4272703099225,116.828973856528,-331.671347284401,214.842373427873
0.000864822885269635,0.074596455298882,-0.508182109524282,0.4335856542254,120.983859199479,-342.18974847233,221.205889272852
0.000876350437656218,0.0765794113650245,-0.515227565440916,0.438648154075891,124.38368512737,-350.754317654928,226.370632527558
0.000887877990042802,0.0785876962160676,-0.522277686350383,0.443689990134315,127.851207858664,-359.409234028057,231.558026169393
0.000899405542429385,0.0806212762008009,-0.529332373645758,0.448711097444957,131.396284588215,-368.162147324764,236.765862736549
0.000910933094815969,0.0826801174929285,-0.536391529108797,0.453711411615869,135.015448384868,-377.015695865009,242.000247480141
0.000919655894194347,0.0842547958026248,-0.541736046801768,0.457481250999144,137.795482751179,-383.779632036546,245.984149285367
0.000928378693572725,0.0858439038494736,-0.547083023723362,0.461239119873889,140.600546547862,-390.593753956955,249.993207409093
0.000937101492951102,0.0874474266977218,-0.552432417162185,0.464984990464464,143.42268788511,-397.452794450928,254.030106565818
0.00094582429232948,0.0890653494500496,-0.557784184749271,0.468718835299222,146.25841125954,-404.353792320063,258.095381060522
0.00095819028375345,0.0913836631022468,-0.565375163588276,0.47399150048603,150.309169580936,-414.21205517044,263.902885589505
0.000970556275177419,0.0937308432599617,-0.572970706544293,0.479239863284331,154.414009701035,-424.167740388423,269.753730687388
0.000982922266601389,0.0961068461279622,-0.580570692878448,0.484463846750486,158.594776339229,-434.230940819298,275.636164480069
0.000995288258025358,0.09851162679234,-0.588175000282261,0.489663373489921,162.863702901872,-444.404505630665,281.540802728793
0.00100765424944933,0.100945139825012,-0.595783506364234,0.494838366539223,167.21698064932,-454.682458537719,287.4654778884
0.0010308990708996,0.105597075762781,-0.610096341787647,0.504499266024867,175.560422304188,-474.251568372229,298.691146068041
0.00105414389234986,0.110350063540017,-0.624422762260698,0.514072698720681,184.074152458211,-494.13907398403,310.064921525819
0.00107738871380013,0.115203797287038,-0.638761970856868,0.523558173569831,192.767939385458,-514.353481427982,321.585542042524
0.00110801239463495,0.121751505771854,-0.657671040646419,0.535919534874566,204.585244474236,-541.497886198203,336.912641723967
0.00113863607546977,0.128472774812824,-0.676599024929876,0.548126250117053,216.835377781982,-569.211885570607,352.376507788624
0.00117558228055515,0.136811568329279,-0.699457215322609,0.56264564699333,232.120448227653,-603.371626607247,371.251178379593
0.00122521581886033,0.148407160430333,-0.730197640830008,0.581790480399675,253.48762065678,-650.475582830241,396.987962173461
0.0012748493571655,0.160450802475083,-0.760969022667049,0.600518220191967,275.880128416509,-698.950641728656,423.070513312147
0.00132448289547068,0.172939004960346,-0.791763473501438,0.618824468541092,299.323836849641,-748.758022756064,449.434185906424
0.00139329422873194,0.190980270061711,-0.83447802682058,0.643497756758869,333.52095077064,-819.915398693908,486.394447923268
0.00148858669442705,0.217342813201468,-0.893634357678365,0.676291544476897,384.159893340771,-922.304998734669,538.145105393898
0.00158387916012216,0.245283220306671,-0.952749222590568,0.707466002283898,438.648939031657,-1028.93647318196,590.287534150304
0.00167917162581728,0.274772413507634,-1.01176685751748,0.736994444009848,496.997199946994,-1139.52829865304,642.531098706043
0.00177446409151239,0.305779597259043,-1.07063097097839,0.764851373719347,559.211235190283,-1253.8015150231,694.59027983282
0.0018697565572075,0.33827257970347,-1.12928543320297,0.791012853499501,625.2961426558,-1371.48333726718,746.187194611379
0.00196504902290261,0.372217828735233,-1.1876743758634,0.815456547128165,695.246549413594,-1492.30503264725,797.05848323366
0.00206034148859772,0.407580486895886,-1.24574220282914,0.838161715933257,769.050278980054,-1616.00244756448,846.952168584422
0.00215563395429283,0.444324392835038,-1.30343361522506,0.859109222390022,846.689558808372,-1742.31604942487,895.626490616495
0.00221545326135618,0.468081963428267,-1.33943620950486,0.871354246076595,897.378226363796,-1822.84954934858,925.471322984783
0.00225703340383553,0.484903314041763,-1.3643549236875,0.879451609645734,933.493469401052,-1879.34640101246,945.85293161141
0.00229861354631488,0.501972572037698,-1.38918019987425,0.887207627836548,970.328317981261,-1936.240496373,965.912178391739
0.00234019368879423,0.519286514007386,-1.4139076425408,0.894621128533419,1007.87985627255,-1993.51177372906,985.63191745651
0.00241291772088932,0.550145028556361,-1.45690499047605,0.906759961919685,1075.26891961944,-2094.51391633591,1019.24499671647
0.00252781231060361,0.600350542803876,-1.5241303409405,0.923779798136622,1186.12697083821,-2256.00556862911,1069.8785977909
0.00267834517540948,0.668713346159888,-1.61076560504674,0.942052258886855,1339.38140506938,-2470.54204150315,1131.16063643377
0.00286039947446117,0.755081243775318,-1.71308790404034,0.958006660265025,1536.56553419101,-2733.2795843196,1196.71405012859
0.00304245377351287,0.845209805203716,-1.81241019672214,0.967200391518429,1746.30475430111,-2998.21683912433,1251.91208482322
0.00317873682837597,0.914965363701586,-1.88461147861415,0.96964611491256,1911.25878329351,-3197.15948705916,1285.90070376566
0.00326618418037472,0.960682981097548,-1.92989583931269,0.969212858215142,2020.56781259177,-3324.75961188236,1304.19179929059
0.00335363153237348,1.00709488471116,-1.97431040651204,0.967215521800874,2132.49005962754,-3452.08233741577,1319.59227778823
0.00348532183648492,1.07820096429821,-2.03946535501202,0.961264390713814,2305.78745422164,-3642.90576488907,1337.11831066743
0.00367218405506506,1.18135334838278,-2.12813371322673,0.946780364843952,2561.00707937371,-3910.84286795195,1349.83578857824
0.0037413213866372,1.22015593085044,-2.15978692750344,0.939630996652993,2658.14043889448,-4009.00879510734,1350.86835621286
0.00383775173591102,1.27476533742346,-2.20282480537452,0.928059467951067,2795.88576049959,-4144.73905516526,1348.85329466567
0.00393418208518483,1.3299003705557,-2.2445350907338,0.914634720178105,2936.17900873942,-4278.93470355795,1342.75569481852
0.00403061243445865,1.38550632372346,-2.28487708640175,0.899370762678291,3078.90260226899,-4411.41213126822,1332.50952899922
0.00418086253993395,1.47293123332919,-2.34489812023587,0.871966886906681,3305.78573642996,-4613.90529245066,1308.1195560207
0.00440060736188871,1.6020953843439,-2.42618117460606,0.824085790262163,3646.53233713638,-4900.17793563736,1253.64559850098
0.00462035218384348,1.73227105372682,-2.49941484539147,0.767143791664655,3996.62226007141,-5173.16127797425,1176.53901790285
0.00476140351674916,1.81609918307345,-2.5420287935337,0.725929610460253,4225.63675482419,-5340.64721016252,1115.01045533833
0.00485171502498971,1.86977275899198,-2.56744899924095,0.697676240248975,4373.76517729656,-5444.40887234642,1070.64369504986
0.00494083817281277,1.92267287352313,-2.59107389441767,0.668401020894539,4520.9209201223,-5543.97296659133,1023.05204646903
0.00502996132063584,1.97546113333094,-2.61322699738696,0.63776586405603,4668.93127722019,-5640.61504969651,971.683772476316
0.0051190844684589,2.02809278446017,-2.63388883363149,0.605796049171327,4817.68045192274,-5734.23043801189,916.549986089153
0.00527743600344033,2.1210509283649,-2.6668525688151,0.545801640450206,5083.34966066332,-5892.71624882328,809.36658815996
0.00552571435814119,2.26480825626942,-2.7086826397993,0.443874383529882,5501.93483204184,-6119.82050643032,617.885674388483
0.0058491746361748,2.4470575184393,-2.74471950470155,0.297661986262251,6047.1787341674,-6373.83975839433,326.661024226927
0.00607968052189242,2.57264310766858,-2.75746642156721,0.184823313898625,6433.38256881537,-6524.50541088494,91.1228420695743
0.00631018640761004,2.69371065571808,-2.75928163011278,0.065570974394707,6814.89666557511,-6648.34490017923,-166.551765395875
0.00641157040589758,2.74539266250176,-2.75660390339301,0.0112112408912538,6980.80864587768,-6694.11548263184,-286.693163245835
0.00646900641571834,2.77419994485674,-2.75414105930698,-0.0200588855497641,7074.14864072578,-6717.6217314283,-356.526909297472
0.00663633322065007,2.85601953057934,-2.74307170979779,-0.112947820781547,7342.88692386179,-6775.93469146575,-566.952232396042
0.00685536324054786,2.95809093454384,-2.71984645240842,-0.23824448213542,7686.55540230163,-6829.10853625928,-857.446866042348
0.00707439326044564,3.05401066538218,-2.68678316370097,-0.367227501681201,8019.58212137644,-6855.65190158311,-1163.93021979333
0.00734379470804969,3.16273586525002,-2.6328150887208,-0.52992077652921,8411.89685673166,-6851.26388569523,-1560.63297103644
0.00761900935830413,3.26244238131876,-2.56283115620853,-0.699611225110225,8790.13567007618,-6804.31444895637,-1985.8212211198
0.00782244805443001,3.32830552646095,-2.5016704733872,-0.826635053073746,9053.45710959492,-6741.97557289292,-2311.481536702
0.00798043428131262,3.37460059752725,-2.44879931993947,-0.925801277587783,9247.46247076924,-6677.40305880457,-2570.05941196468
0.00806018860504992,3.39631152570735,-2.42035958428357,-0.975951941423774,9341.73410980118,-6639.46123396085,-2702.27287584033
0.00816058027433108,3.42200917236366,-2.38293500094665,-1.039074171417,9456.71208064231,-6586.64371862696,-2870.06836201535
0.00829878846007664,3.4543579298784,-2.32850880639607,-1.12584912348232,9608.0513167053,-6504.78149771065,-3103.26981899465
0.00850582054324365,3.49608946589252,-2.24088765866639,-1.25520180722612,9819.00205048487,-6362.5980151204,-3456.40403536447
0.0087795207821717,3.53853691134398,-2.11436685796607,-1.4241700533779,10067.3359188819,-6139.43358123669,-3927.90233764518
0.00905322102109974,3.56613826981492,-1.97640693849595,-1.58973133131896,10279.0855145741,-5877.39278982416,-4401.69272474996
0.00932692126002779,3.57855222604293,-1.82794116328522,-1.75061106275771,10452.308059459,-5578.1405179026,-4874.16754155638
0.00951081247917134,3.57825407140215,-1.72272268197637,-1.85553138942578,10546.2992908058,-5356.9969556224,-5189.30233518337
0.00965846835064126,3.57294018220937,-1.63533881468325,-1.93760136752612,10608.3199380509,-5168.30359705735,-5440.01634099358
0.00969893854016059,3.57069241169932,-1.61095692908847,-1.95973548261084,10623.2017958294,-5114.89507951228,-5508.30671631716
0.00976092297030913,3.56658840268556,-1.57327944072482,-1.99330896196073,10644.2006675594,-5031.73850733606,-5612.46216022339
0.00983917808361874,3.56026493350052,-1.52514951216987,-2.03511542133064,10667.5992076859,-4924.44442591626,-5743.15478176963
0.0100009286833145,3.54315966661799,-1.42380844570716,-2.11935122091082,10704.8513164621,-4694.79579374967,-6010.05552271245
0.0101626792830102,3.52062950555176,-1.32012897533975,-2.20050053021201,10727.0142989299,-4454.90866009864,-6272.10563883129
0.010324429882706,3.49270300498192,-1.2143567954898,-2.27834620949211,10733.9488118393,-4205.34796701593,-6528.60084482333
0.0105595277074497,3.44259621579139,-1.05749191786116,-2.38510429793022,10716.6514470441,-3826.7982669508,-6889.85318009334
0.0108842384943028,3.35520266322595,-0.836140435778645,-2.5190622274473,10639.25855809,-3276.56263765262,-7362.69592043734
0.0110916324721613,3.28854239963205,-0.692545802996376,-2.59599659663567,10557.3710830298,-2910.06880912686,-7647.30227390293
0.0112990264500198,3.21371569654087,-0.548020193645841,-2.66569550289502,10450.3261081622,-2533.85717890094,-7916.46892926129
0.011384257146321,3.18063763523122,-0.488452791499149,-2.69218484373207,10399.0756634508,-2376.68237367562,-8022.39328977514
0.0114694878426221,3.14624320942663,-0.428871726176299,-2.71737148325033,10343.6375626939,-2218.24142873543,-8125.39613395843
0.0116357040601096,3.07547451165241,-0.312816892364104,-2.7626576192883,10223.6084132539,-1906.09510650955,-8317.51330674432
0.0118679848060751,2.9686628559405,-0.151412971005382,-2.81724988493511,10029.8902878451,-1464.18345630298,-8565.70683154214
0.0121002655520406,2.85301764314778,0.00843513273415433,-2.86145277588193,9806.52335621253,-1017.43714063189,-8789.08621558065
0.0123325462980061,2.7290595086734,0.165934393083638,-2.89499390175703,9554.41112468301,-568.105341669067,-8986.30578301394
0.012463429271769,2.65571975559225,0.253406810348015,-2.90912656594026,9399.99694046263,-314.470310553489,-9085.52662990914
0.0125641917359041,2.5976445908792,0.319985995372045,-2.91763058625124,9275.24237789302,-119.385248048826,-9155.85712984419
0.0126649542000393,2.53822791135711,0.385824380723626,-2.92405229208073,9145.49941827598,75.3132768415466,-9220.81269511753
0.0127657166641744,2.47752085798131,0.450861659045837,-2.92838251702714,9010.8736603381,269.442844395455,-9280.31650473355
0.012939409553079,2.37003140756112,0.560881576461623,-2.93091298402274,8767.73994437552,602.103131030142,-9369.84307540566
0.0130431386445241,2.30418221062667,0.625259179234033,-2.9294413898607,8615.98831932898,799.374152422381,-9415.36247175136
0.0131648385319394,2.22546869704763,0.699396273609991,-2.92486497065762,8431.96807901901,1029.08906614617,-9461.05714516518
0.0132865384193547,2.14527562526175,0.771936827618221,-2.91721245287997,8241.70087510881,1256.64149287143,-9498.34236798025
0.0134082383067701,2.06370660778088,0.842782313711852,-2.90648892149273,8045.42277155263,1481.71418433206,-9527.13695588468
0.0135973428347241,1.9345202657796,0.949241222503467,-2.88376148828306,7729.18622984628,1825.66892220681,-9554.85515205309
0.0138748996378315,1.74033439704566,1.09683834159752,-2.83717273864317,7242.17501299342,2315.53425017493,-9557.70926316834
0.014152456440939,1.54175379477212,1.23333647313986,-2.77509026791197,6730.5400618305,2784.81971188196,-9515.35977371246
0.0142778845942893,1.45083079381707,1.29119178943434,-2.74202258325141,6491.89085673124,2989.47574642961,-9481.36660316085
0.0144019232575029,1.36043210119266,1.34589629783061,-2.70632839902327,6251.93889753335,3186.72384280559,-9438.66274033894
0.0145259619207165,1.26967591018573,1.39803021049844,-2.66770612068417,6008.38172005744,3378.57678721045,-9386.95850726788
0.0146500005839301,1.17868296819714,1.44752419910668,-2.62620716730382,5761.53779264292,3564.7656723893,-9326.30346503222
0.0148359815517926,1.04211519612667,1.51662207239967,-2.55873726852633,5386.09317823764,3832.66041884248,-9218.75359708013
0.014942363795012,0.964013988988023,1.55334433339854,-2.51735832238656,5168.70133766809,3979.63265741976,-9148.33399508785
0.0150487460382315,0.886044309599921,1.58796991166052,-2.47401422126044,4949.71740036201,4121.80340545051,-9071.52080581252
0.0151952946597651,0.779013521863519,1.63216544992106,-2.41117897178458,4645.89530787945,4309.48089468631,-8955.37620256577
0.0154132792114038,0.621047765210242,1.69022921164325,-2.31127697685349,4190.55720491227,4570.35616774728,-8760.91337265954
0.0156956186048247,0.419610211784011,1.75147517259921,-2.17108538438322,3597.48609989211,4874.13550153097,-8471.62160142308
0.0159779579982456,0.222933129795696,1.79665187750858,-2.01958500730427,3004.17024540979,5137.58761722438,-8141.75786263417
0.0161461743418445,0.108478818672882,1.81583088757694,-1.92430970624982,2651.9348256888,5274.71481901164,-7926.64964470045
0.0162813792223492,0.0182489386290298,1.82701095836579,-1.84525989699482,2370.37803485845,5373.80978302543,-7744.18781788388
0.0163368574664796,-0.0182876145243364,1.83050293292294,-1.8122153183986,2255.34869032069,5411.56406577994,-7666.91275610063
0.0164279805720037,-0.0776292845940188,1.83485241905307,-1.75722313445905,2067.21634306678,5469.84645434977,-7537.06279741655
0.0165574728464722,-0.160455639526493,1.83807002615513,-1.67761438662863,1801.80973081587,5544.63148992454,-7346.44122074041
0.016674305796109,-0.23359722746037,1.83799066416578,-1.60439343670541,1564.54536241851,5603.94364352609,-7168.48900594461
0.0167387809673056,-0.273288964152998,1.83673702685913,-1.56344806270613,1434.58915379898,5633.33775276371,-7067.92690656269
0.016838731428639,-0.333817813763271,1.83309818774836,-1.49928037398508,1234.69388204061,5674.17025290746,-6908.86413494807
0.0169842915079973,-0.419690469618043,1.82412793905903,-1.40443746944099,947.312214336435,5723.28320945811,-6670.59542379455
0.0171992248678529,-0.541241001923117,1.80299256616754,-1.26175156424442,532.110933437234,5773.22230281919,-6305.33323625643
0.0174751071727062,-0.687414965847254,1.76228803079151,-1.07487306494426,17.4899900635064,5797.7095861699,-5815.19957623341
0.0177509894775595,-0.821736449911755,1.70666420655166,-0.884927756639906,-473.712377632444,5777.68279364627,-5303.97041601383
0.0180268717824128,-0.943357185455513,1.63661352567064,-0.69325634021513,-938.325497670773,5713.42842215398,-4775.1029244832
0.0182327644817522,-1.02543412254955,1.57524791177722,-0.549813789227671,-1266.1211099289,5636.95117387038,-4370.83006394148
0.0183952811553488,-1.08474752651508,1.52153972940005,-0.436792202884974,-1512.48992468344,5559.62155935213,-4047.1316346687
0.0184602259217402,-1.10707206094035,1.49880802394917,-0.39173596300882,-1607.77134710087,5524.57591647819,-3916.80456937732
0.0185590360975018,-1.13949104400555,1.46288349414501,-0.323392450139456,-1749.09570564599,5466.79395143446,-3717.69824578847
0.0186829119336258,-1.17746908362852,1.41561131368979,-0.238142230061263,-1919.92700850519,5386.8310291484,-3466.90402064321
0.0188690740821471,-1.22887578816859,1.34007218075343,-0.111196392584835,-2162.92426939866,5251.23385978118,-3088.30959038253
0.0189920999426236,-1.25907649352965,1.28727142377746,-0.0281949302478108,-2314.26310554164,5151.60725620488,-2837.34415066324
0.0190572564526,-1.27384172764531,1.25841239494438,0.0154293327009307,-2391.35741570843,5095.67580216181,-2704.31838645338
0.0191813193372479,-1.2995741067274,1.20183333259932,0.097740774128079,-2532.12902100654,4983.27451175296,-2451.14549074642
0.0193053822218957,-1.32216791504457,1.14318149306872,0.178986421975841,-2664.89457642916,4863.25959151884,-2198.36501508968
0.0194940027342614,-1.35045702897728,1.05028454632052,0.300172482656755,-2851.02121381816,4666.71328678222,-1815.69207296406
0.0197601520727417,-1.37786365699187,0.91219703556051,0.465666621431361,-3080.56040417652,4361.85099625443,-1281.29059207791
0.0199623734668232,-1.38888152469472,0.802235908734268,0.586645615960454,-3228.59143455249,4109.63708561518,-881.045651062684
0.020119461483367,-1.39159974673488,0.714150193593791,0.677449553141084,-3327.54806938877,3902.20288090321,-574.654811514435
0.0201920344170426,-1.39113464301347,0.67273119871621,0.718403444297263,-3368.48006428411,3803.114412884,-434.634348599882
0.0202918498385593,-1.38872771670172,0.615098267912036,0.773629448789683,-3419.78804300592,3663.65907649654,-243.871033490619
0.0204273507103779,-1.38220327442129,0.535724412953593,0.846478861467694,-3480.15845629697,3468.70668068955,11.451775607422
0.0206282487965758,-1.36569554626717,0.41595340663427,0.949742139632904,-3549.91376061885,3168.49272994552,381.421030673324
0.0208949030400006,-1.33138913357722,0.253914456767893,1.07747467680933,-3605.99921197191,2751.37370135798,854.625510613931
0.0211615572834254,-1.28327497633906,0.0893815405020359,1.19389343583702,-3620.54599978294,2315.54237083513,1305.00362894781
0.0214282115268502,-1.22182527322653,-0.0764343033145252,1.29825957654106,-3593.89483824194,1864.14540353739,1729.74943470455
0.0216161709327586,-1.17076059576633,-0.193502419051296,1.36426301481762,-3550.62297342467,1538.15729181585,2012.46568160882
0.0217630436833616,-1.1265709600253,-0.284741571033776,1.41131253105907,-3502.93023820363,1279.87013615273,2223.0601020509
0.0218421346488732,-1.10125801038343,-0.333711888985802,1.43496989936923,-3472.26152995372,1139.69619263152,2332.5653373222
0.0219212256143848,-1.0749145716538,-0.382515661933848,1.45743023358764,-3438.15074687327,998.910155966058,2439.24059090721
0.0220468344962351,-1.03101494865315,-0.459594094856837,1.49060904350998,-3376.99831023322,774.310185534022,2602.68812469919
0.0222568907949044,-0.952172076796659,-0.586979612982239,1.5391516897789,-3255.99875440276,396.905559969643,2859.09319443312
0.0223298418574104,-0.923226142903789,-0.630740761517915,1.5539669044217,-3208.53636775837,265.411165522645,2943.12520223573
0.0224230790844457,-0.885122784404684,-0.686219495776214,1.5713422801809,-3143.91345115863,97.3003511419034,3046.61310001673
0.0225454474719464,-0.833289148942596,-0.758184013775145,1.59147316271774,-3052.47383996399,-123.185531636265,3175.65937160025
0.022667815859447,-0.77945854144522,-0.829093123670065,1.60855166511528,-2953.66284736496,-343.223162915978,3296.88601028094
0.0228586448406902,-0.691781211004231,-0.937265502386537,1.62904671339077,-2785.38610107649,-684.553617769623,3469.93971884612
0.0229001919205666,-0.672098355338472,-0.96041786240839,1.63251621774686,-2746.47587614978,-758.54491747291,3505.02079362269
0.0230054988996057,-0.621341109087838,-1.0183697819319,1.63971089101973,-2644.3859906891,-945.284438717336,3589.67042940644
0.0231433960393913,-0.553068377170307,-1.09259401375028,1.64566239092058,-2503.35215845553,-1187.83228214838,3691.18444060391
0.0232812931791768,-0.482867088519603,-1.16481278044475,1.64767986896435,-2354.25406539748,-1427.74760833447,3782.00167373195
0.0233696275751734,-0.436941228923961,-1.20996581852579,1.64690704744975,-2254.63586489375,-1579.87191314603,3834.50777803977
0.0234868514683076,-0.374944466781109,-1.2684540653736,1.6433985321547,-2117.71735190564,-1779.55696145439,3897.27431336002
0.0236040753614418,-0.311828883502536,-1.32523899770845,1.63706788121098,-1975.60210137392,-1976.51040979539,3952.1125111693
0.0237793138709717,-0.215631453394063,-1.40674848883608,1.62237994223014,-1754.03692004428,-2265.1631374978,4019.20005754209
0.0238580625589761,-0.171723051382405,-1.44202587589356,1.61374892727596,-1651.01095254854,-2392.5118597851,4043.52281233364
0.0239378290154844,-0.126876476309153,-1.47685878260912,1.60373525891828,-1544.60892512954,-2519.85156609829,4064.46049122783
0.0240175954719928,-0.0816883361007763,-1.51076221233505,1.59245054843583,-1436.22715910895,-2645.44367997179,4081.67083908075
0.0241336157446442,-0.0154261604397206,-1.5583632155785,1.57378937601822,-1275.23663307337,-2824.81088598097,4100.04751905435
0.0243248074992756,0.0948900133242723,-1.63220211932116,1.53731210599689,-1001.95101601235,-3111.19604118815,4113.1470572005
0.0245818942498423,0.244739363515898,-1.7220283261588,1.4772889626429,-620.591405751391,-3476.63187061658,4097.22327636797
0.0247417977891123,0.338511572172198,-1.77224701109929,1.43373543892709,-376.161329378503,-3691.86465543435,4068.02598481285
0.0249017013283823,0.432342208234852,-1.81792463943006,1.38558243119521,-127.186959261383,-3897.02294158432,4024.2099008457
0.0250616048676524,0.525962679987795,-1.85893108807263,1.33296840808484,125.602320597132,-4091.55919450045,3965.95687390332
0.0252215084069224,0.619109433693255,-1.89515074245874,1.27604130876548,381.478858216541,-4274.96345444436,3893.48459622781
0.0254318991536423,0.740458195276436,-1.93532479291156,1.19486659763513,721.481769487415,-4498.43290262692,3776.95113313951
0.0257143217338953,0.900200467161181,-1.97556458508959,1.07536411792841,1180.9951576927,-4764.87814662432,3583.88298893162
0.0259967443141484,1.05516767760945,-1.9998172640559,0.944649586446446,1640.65802806437,-4991.11661808564,3350.45859002127
0.0261903537398517,1.15803335086695,-2.00708392872757,0.849050577860622,1954.03516987456,-5122.11388231098,3168.07871243641
0.0263485902164493,1.23967814581415,-2.0073120445391,0.767633898724948,2207.91779467853,-5214.11266339861,3006.19486872009
0.0264475247290526,1.28950930281718,-2.00483643572974,0.715327132912566,2365.29855653919,-5264.62599452877,2899.32743798958
0.0265464592416559,1.33832527201214,-2.00034449730298,0.662019225290838,2521.38488120524,-5309.66672088704,2788.2818396818
0.0266880614785834,1.40631071447413,-1.99041205182456,0.584101337350432,2742.15738730056,-5364.51059470984,2622.35320740928
0.0268296637155108,1.47195829286206,-1.97636574043774,0.504407447575685,2959.44114808134,-5407.93552521052,2448.49437712919
0.0270134015617721,1.55339226092639,-1.95204427405748,0.398652013131084,3235.30914608591,-5447.09337851553,2211.78423242962
0.0272543724614649,1.65328087426619,-1.90982255239694,0.256541678130757,3585.03624080671,-5468.80342729055,1883.76718648384
0.0274953433611578,1.74477594137049,-1.85606444307901,0.111288501708522,3919.14342521455,-5456.74622000041,1537.60279478586
0.0277363142608506,1.82726452942635,-1.79103575028145,-0.0362287791449067,4235.42787241533,-5410.92449762237,1175.49662520704
0.0278559528834494,1.86473689237832,-1.75463673658625,-0.110100155792066,4385.3318161329,-5375.66025851284,990.328442379934
0.0279755915060481,1.89977778668361,-1.71558599729121,-0.184191789392397,4530.04627219761,-5332.14531912871,802.099046931099
0.0281262531589936,1.94034742403245,-1.66272163140625,-0.277625792626197,4704.50938454685,-5265.70434213132,561.194957584474
0.0282769148119391,1.97685736729461,-1.6058404942228,-0.37101687307181,4869.9154743924,-5186.40475786608,316.489283473679
0.0284826816959451,2.01995795536288,-1.52190452588482,-0.498053429478055,5080.31243093987,-5057.66809108645,-22.6443398534179
0.0287652172352291,2.06602329900442,-1.39548448095806,-0.670538818046356,5338.23453908337,-4843.41498969176,-494.819549391608
0.0290477527745132,2.09651778077485,-1.25691924840204,-0.83959853237281,5558.32442220566,-4587.14072128851,-971.183700917152
0.029277165683817,2.10957474808525,-1.1361176173101,-0.973457130775153,5707.7855439821,-4349.32410226064,-1358.46144172145
0.0294565220543019,2.11236151829557,-1.03690997506882,-1.07545154322675,5805.61239895039,-4145.63477671079,-1659.9776222396
0.0295514418441247,2.11118072402782,-0.982818070802636,-1.12836265322518,5850.46437283735,-4031.73686149359,-1818.72751134375
0.0296284660576513,2.10886482647585,-0.938168426093662,-1.17069640038219,5883.26729092495,-3936.31821631782,-1946.94907460713
0.0297377128208572,2.10349119864862,-0.873738587543825,-1.2297526111048,5924.20677699058,-3796.51257072004,-2127.69420627054
0.0298975809284202,2.0912107981294,-0.77726916664357,-1.31394163148583,5972.16963931862,-3582.79765491358,-2389.37198440504
0.0301293846621373,2.06410524521363,-0.633233983300178,-1.43087126191345,6016.14814207678,-3254.69133073982,-2761.45681133696
0.0304187402400155,2.0149395745968,-0.447527860984883,-1.56741171361191,6028.01469622885,-2817.18555512407,-3210.82914110478
0.0307080958178937,1.94899040430638,-0.256532292961948,-1.69245811134443,5991.64833472793,-2351.71770311102,-3639.93063161691
0.0309456343354579,1.88255568460958,-0.0967665719629164,-1.78578911264666,5925.58780124571,-1951.1143936825,-3974.47340756321
0.0311345765893697,1.82199020307828,0.0316122508895709,-1.85360245396784,5849.75053838543,-1622.11166725534,-4227.63887113009
0.0312470172129591,1.78276856573088,0.108371241758948,-1.89113980748983,5794.86145846843,-1422.44258673945,-4372.41887172898
0.0312912444655609,1.76670236169273,0.138609486538309,-1.90531184823104,5771.28475828151,-1343.1840435138,-4428.10071476771
0.0313902482390393,1.72945835364422,0.206332227682764,-1.93579058132698,5714.47316389643,-1164.44750244541,-4550.02566145102
0.0315454849556754,1.66756096374433,0.312491655717497,-1.98005261946183,5614.24585528786,-880.865905976473,-4733.37994931138
0.031769278327981,1.57104531181959,0.465025574943557,-2.03607088676315,5446.13726420158,-466.123973504304,-4980.01329069728
0.031868157735236,1.52571306927487,0.532139230253178,-2.05785229952804,5363.05190568191,-280.896880958623,-5082.15502472329
0.0319335335135808,1.49486939644963,0.576360281490469,-2.07122967794009,5305.20368233252,-157.924399259473,-5147.27928307305
0.032052730154193,1.43690518409196,0.656584049391516,-2.09348923348347,5193.85502692886,67.0674226890693,-5260.92244961793
0.0321719267948052,1.37675858097723,0.736213842947287,-2.11297242392452,5075.00459595814,292.85603876431,-5367.86063472245
0.0323564582104202,1.27953897760483,0.858034544781977,-2.13757352238681,4876.57933528227,643.152138524812,-5519.73147380709
0.0326136117753447,1.1362499638073,1.02417267086727,-2.16042263467457,4571.81367517155,1130.83282158987,-5702.64649676142
0.0328259507907232,1.0115157478642,1.15763810199114,-2.16915384985533,4296.23898986528,1531.49467616407,-5827.73366602934
0.0329822946360002,0.916261840886085,1.25340947498701,-2.1696713158731,4080.11254221573,1824.26849472034,-5904.38103693607
0.0330208510111102,0.892347802588747,1.27667765468713,-2.16902545727587,4025.13436485878,1896.10400920051,-5921.23837405928
0.0331065214109061,0.83866310560419,1.32782888760031,-2.1664919932045,3900.70698183335,2055.03301797836,-5955.73999981171
0.033239071777248,0.754172801848632,1.40541614858575,-2.15958895043437,3702.16958585339,2298.86957525965,-6001.03916111304
0.03337162214359,0.668046712439863,1.48101997855954,-2.14906669099939,3496.54424395649,2539.89664264629,-6036.44088660278
0.033538781560781,0.557325651404927,1.57333012010608,-2.13065577151101,3227.6445058831,2839.17758763212,-6066.82209351522
0.0337704239611112,0.400528474692243,1.69520762209612,-2.09573609678836,2838.57629355197,3243.79018990762,-6082.36648345958
0.0340619033761154,0.1987508949762,1.83774467393013,-2.03649556890632,2324.49468750533,3733.30612558077,-6057.8008130861
0.0342639107362273,0.0565669330432068,1.92902638972707,-1.98559332277028,1953.63267959828,4058.22875572253,-6011.86143532081
0.0344101000616304,-0.0471639161438363,1.99100370223482,-1.94383978609098,1678.70825611969,4285.144879826,-5963.85313594568
0.0344592855827597,-0.0821851139001133,2.01106147664981,-1.92887636274969,1585.06888555173,4359.84943908128,-5944.918324633
0.0345391724684494,-0.139145503007499,2.0427561954647,-1.9036106924572,1431.88764233341,4479.30635541971,-5911.19399775312
0.034619059354139,-0.196182326970567,2.07334620382569,-1.87716387685513,1277.4113692313,4596.39234542822,-5873.80371465952
0.0347647316811484,-0.300258234952643,2.1262151047329,-1.82595686978025,992.73182241716,4803.52307559129,-5796.25489800845
0.0348971470504062,-0.394828980292717,2.17095312376692,-1.7761241434742,730.907108030013,4984.42752505314,-5715.33463308315
0.0350295624196639,-0.48920943993928,2.21245369506712,-1.72324425512783,466.606068533131,5157.98677495436,-5624.59284348749
0.0351619777889217,-0.583248074867416,2.25064938597974,-1.66740131111232,200.24648390027,5323.90597615667,-5524.15246005694
0.0353554518398494,-0.71967954951172,2.30037303939447,-1.58069348988275,-191.641662590126,5551.94283760077,-5360.30117501065
0.0356315954687815,-0.9115475055736,2.35853368859502,-1.44698618302142,-754.073010993275,5846.35260793674,-5092.27959694347
0.0359077390977135,-1.09899482150729,2.40133685123381,-1.30234202972652,-1317.05735609733,6102.56997297015,-4785.51261687283
0.0361838827266456,-1.28073532933792,2.42850671208431,-1.14777138274639,-1876.76884838961,6318.75234020498,-4441.98349181537
0.0364060552954288,-1.42202165670616,2.43890751542639,-1.01688585872024,-2322.30101804749,6462.61076190577,-4140.30974385828
0.0365788293708603,-1.52840284091593,2.43990047585154,-0.911497634935601,-2664.42108541445,6555.43886361896,-3891.01777820451
0.0366591768556333,-1.57675182377558,2.43824627252525,-0.861494448749665,-2821.96376840419,6592.84858509874,-3770.88481669455
0.0367485167469216,-1.62960758338744,2.43483283223175,-0.80522524884431,-2995.75943709149,6630.09383608525,-3634.33439899376
0.0368600223022188,-1.69418660016684,2.42825436784315,-0.7340677676763,-3210.45718374057,6670.1164313729,-3459.65924763232
0.0370119383413977,-1.77956028307213,2.41517069383543,-0.63561041076329,-3498.58447671948,6713.02428102575,-3214.43980430627
0.0371638543805765,-1.86178148715794,2.39736546125157,-0.535583974093631,-3781.17643761258,6742.46543185746,-2961.28899424488
0.0373768927895038,-1.97141463480494,2.36454757886966,-0.39313294406472,-4166.90331412565,6760.96362333088,-2594.06030920523
0.0376580161205768,-2.10527601618231,2.30749765561055,-0.202221639428242,-4654.60560063496,6744.64751838208,-2090.04191774711
0.0379391394516497,-2.2260745489102,2.23523459321751,-0.00916004430730213,-5115.24048258509,6682.21187371135,-1566.97139112627
0.0381631717642042,-2.31247601541902,2.16711399050655,0.145362024912476,-5460.97075029444,6599.73564414008,-1138.76489384564
0.0383402468532461,-2.37429110458044,2.10691120624837,0.26737989833207,-5719.68016508064,6514.28720826381,-794.607043183169
0.0384266230991992,-2.40231629942408,2.07556276412498,0.326753535299097,-5840.99069490009,6466.18681091001,-625.19611600992
0.0385161491807536,-2.4298544744433,2.04174591191754,0.38810856252576,-5963.18238665797,6411.95726268098,-448.774876023003
0.0386242225099244,-2.46102649912169,1.99916653736781,0.461859961753882,-6105.76681225585,6340.62680939807,-234.859997142224
0.0387818226479967,-2.50236264482442,1.93373919053882,0.568623454285603,-6303.74976698557,6225.29434608637,78.4554208992045
0.039016142660716,-2.55462254448764,1.82949868804532,0.725123856442322,-6575.46450603886,6029.64506369522,545.819442343646
0.0393103920396117,-2.60439595866293,1.68761772368061,0.916778234982317,-6876.68723506962,5744.58216565333,1132.10506941629
0.0396046414185074,-2.63627686957722,1.53460046877499,1.10167640080224,-7131.58150402387,5417.87361485751,1713.70788916636
0.0398356473078697,-2.64866670935684,1.40745690171462,1.24120980764223,-7298.1405128282,5133.85073205199,2164.28978077621
0.0400240337245512,-2.65051664864885,1.29973955261532,1.35077709603354,-7411.52480607862,4885.46187965621,2526.06292642241
0.0401280276024355,-2.6483650203144,1.23886439509756,1.40950062521685,-7465.35364811746,4742.20258649705,2723.1510616204
0.040214934184385,-2.64484202481819,1.18729800962443,1.45754401519377,-7505.50213383083,4619.30746908147,2886.19466474936
0.0403208525307215,-2.63843492243552,1.12366403751808,1.51477088491745,-7548.44861189475,4465.77853582058,3082.67007607416
0.0404719704027231,-2.6253008821955,1.03152150497685,1.59377937721865,-7598.2896411637,4239.94808691812,3358.34155424558
0.0406987844958016,-2.59688068327908,0.890691209780692,1.7061894734984,-7647.77406837162,3887.1413780974,3760.63269027422
0.0409885923344831,-2.54565864875997,0.707358105485164,1.83830054327481,-7666.75619561191,3414.74662743442,4252.00956817749
0.0412784001731645,-2.47817827847118,0.521544289772903,1.95663398869828,-7636.32609298774,2921.50668393519,4714.81940905256
0.0414976669994638,-2.41667088569632,0.380166110238625,2.0365047754577,-7580.75614297371,2536.70716978634,5044.04897318738
0.0416756095919254,-2.36039520080341,0.265485350680157,2.09490985012326,-7515.33219597008,2218.54946627301,5296.78272969707
0.0417456612235401,-2.33671521688725,0.220424891429632,2.11629032545763,-7484.62800330406,2092.05276139758,5392.57524190648
0.0418527225638186,-2.29892257038533,0.151765178341955,2.14715739204338,-7432.39313684672,1897.67634027719,5534.71679656952
0.0419925749546418,-2.24670520486585,0.0625617790717922,2.18414342579406,-7354.60580828199,1642.16266728072,5712.44314100127
0.0421809660815511,-2.17145236194519,-0.0564400405500914,2.22789240249528,-7233.04334290052,1295.92993241062,5937.11341048989
0.0424295714113391,-2.06398805248478,-0.210764168022395,2.27475222050717,-7044.01815843379,837.403484595534,6206.61467383826
0.0426263825294979,-1.97268134930662,-0.330279826973545,2.30296117628017,-6871.96006409956,474.467169070175,6397.49289502939
0.042753364096447,-1.91102822567682,-0.405916124930875,2.3169443506077,-6750.78771969277,241.011949638085,6509.77577005469
0.0428061311186291,-1.88480608911438,-0.436969584733091,2.32177567384748,-6698.15132546259,144.274873390336,6553.87645207225
0.0429058009594095,-1.83436875440683,-0.494956237395875,2.32932499180271,-6595.19097228502,-37.8081158913921,6632.99908817641
0.0430054708001899,-1.78278002773617,-0.55203072080353,2.33481074853971,-6487.68116369645,-218.93758825012,6706.61875194657
0.0431758866686183,-1.69208794450284,-0.647315586971045,2.33940353147389,-6293.72292001589,-525.831990258231,6819.55491027412
0.0432946725227437,-1.62710307839166,-0.71193023983347,2.33903331822513,-6151.15228679466,-737.386660282193,6888.53894707685
0.0433692897174717,-1.58558789195606,-0.751713975361717,2.33730186731778,-6058.60703668282,-869.132133063759,6927.73916974658
0.0434953416216906,-1.51434662001005,-0.817411353470021,2.33175797348007,-5897.27979005922,-1089.36039082942,6986.64018088864
0.0436213935259095,-1.44179867241947,-0.88113662724538,2.32293529966486,-5729.88860854717,-1306.40950080106,7036.29810934823
0.0438018154472844,-1.33595456396359,-0.968691939165222,2.30464650312882,-5480.39012131068,-1610.78870261526,7091.17882392595
0.0439520435954148,-1.24621205341477,-1.03816149683444,2.28437355024922,-5264.20445625586,-1858.06825217742,7122.27270843327
0.0440355621269638,-1.19575991196716,-1.07537756407234,2.27113747603951,-5140.87834855633,-1992.92592169626,7133.80427025259
0.044152684329091,-1.12445196141895,-1.12579050942672,2.25024247084568,-4964.44708344887,-2178.59094519134,7143.03802864021
0.0442698065312182,-1.05257594323043,-1.17407395285345,2.22664989608389,-4784.15429270657,-2360.02503228577,7144.17932499234
0.0444450811198084,-0.944205721273282,-1.24218937010156,2.18639509137484,-4507.78502908853,-2623.03447018866,7130.81949927719
0.0446914842759617,-0.790840950374719,-1.32918526775832,2.12002621813305,-4107.59024899383,-2974.12619608104,7081.71644507487
0.0448051786092122,-0.719811117796618,-1.3657995436638,2.08561066146042,-3918.69392168213,-3128.47894020441,7047.17286188653
0.0449188729424628,-0.648791471578231,-1.40009245844857,2.0488839300268,-3727.5935518702,-3277.62227372593,7005.21582559614
0.0451022635895769,-0.534541313793718,-1.4503839316407,1.98492524543442,-3415.48018371882,-3506.65194649598,6922.1321302148
0.0452856542366911,-0.420964802442767,-1.49435058062643,1.9153153830692,-3099.42016059671,-3720.87755765864,6820.29771825534
0.0454690448838052,-0.308452312148716,-1.53184430287581,1.84029661502453,-2780.51384443974,-3919.59640781697,6700.11025225671
0.0455929325123068,-0.233218800133675,-1.5534515873335,1.78667038746718,-2563.95731197803,-4044.76910467554,6608.72641665357
0.0456488959561724,-0.199475954947068,-1.56221641542497,1.76169237037204,-2465.94468722326,-4098.85193247886,6564.79661970211
0.0457431075543337,-0.143073157221518,-1.57555532582199,1.71862848304351,-2300.85967446295,-4186.34263087161,6487.20230533456
0.0458564090038518,-0.0759655953585789,-1.58923118097199,1.66519677633057,-2102.34997637997,-4285.57235393212,6387.92233031209
0.0460405204930504,0.031152625305318,-1.60589752421234,1.57474489890702,-1780.56866062519,-4432.5372140825,6213.10587470769
0.0462938295712529,0.174016005063361,-1.61750161383065,1.44348560876729,-1341.30988623989,-4605.08524017891,5946.3951264188
0.0463584601472315,0.209590061481641,-1.6183580213643,1.40876795988266,-1229.99958829289,-4643.56314500307,5873.56273329595
0.046456670531119,0.262852526234891,-1.61801288674348,1.35516036050859,-1061.80007143827,-4697.58672744464,5759.38679888291
0.0466003233871843,0.338939071017538,-1.61393356384161,1.27499449282407,-818.126658209955,-4766.86461964437,5584.99127785432
0.0467439762432497,0.412737909172837,-1.60561529253917,1.19287738336633,-577.652289655887,-4824.4663573832,5402.11864703908
0.046933208982034,0.506171765932172,-1.58821799226738,1.08204622633521,-266.707710720757,-4882.31741046602,5149.02512118678
0.0471947356320689,0.62760336353895,-1.5522411334668,0.924637769927858,150.030486443371,-4928.21476088413,4778.18427444076
0.0475095568599109,0.760857338805451,-1.49089243996522,0.730035101159769,627.960798606162,-4930.76736347535,4302.80656486919
0.0477294488951436,0.845008364050904,-1.43658233702085,0.591573972969952,944.432730440578,-4898.37663610088,3953.94390566031
0.0479493409303762,0.921242731686519,-1.37315605426156,0.451913322575042,1244.49887524126,-4838.00415777534,3593.50528253408
0.0480444744110015,0.951696616385387,-1.34294191090015,0.391245294514766,1368.94641257496,-4803.25350481845,3434.30709224349
0.0481396078916267,0.980559984773843,-1.31110370255855,0.330543717784713,1489.8965456922,-4763.34054336479,3273.44399767258
0.0482760878377544,1.0191318065897,-1.26265436093241,0.24352255434272,1657.06087737889,-4697.14998604569,3040.0891086668
0.0484754916181893,1.06933356751003,-1.18616782750507,0.116834259995039,1887.2105251028,-4581.78238798495,2694.57186288215
0.048620856663567,1.10124660368829,-1.12625707658983,0.0250104729015532,2044.08795151582,-4483.89055867994,2439.80260716412
0.048664789955829,1.11010321961519,-1.1074778386214,-0.00262538099378528,2089.64026565485,-4452.04243266558,2362.40216701073
0.0487230317695059,1.12126976144934,-1.08211867978158,-0.039151081667755,2148.6469521995,-4408.23135463412,2259.58440243463
0.0488371687222704,1.14123864675444,-1.03092150759024,-0.110317139164194,2259.63824213149,-4317.17566994144,2057.53742780996
0.0490015041826728,1.16549133842399,-0.953829597700581,-0.211661740723402,2408.38895202894,-4174.18996273292,1765.80101070398
0.0492283521266513,1.19012712395015,-0.841218627113771,-0.348908496836377,2591.573491036,-3954.45771701955,1362.88422598355
0.0494562815945155,1.20443595159526,-0.721308225662556,-0.483127725932695,2748.94091202816,-3708.50700786453,959.566095836371
0.0496034962190155,1.20807070469904,-0.640492947635193,-0.567577757063846,2835.99750356875,-3536.72145843877,700.723954870016
0.0497038023959161,1.20801200128367,-0.584028163456821,-0.623983837826839,2888.60109664077,-3414.09691629749,525.495819656723
0.04982824186964,1.20507740436889,-0.512518860581237,-0.692558543787647,2946.16626107985,-3255.94453778807,309.778276708213
0.0499526813433639,1.19897514822215,-0.439486639538737,-0.759488508683407,2995.12629183488,-3091.32925930373,96.2029674688511
0.0501360167373312,1.18422875038669,-0.329379466393404,-0.854849283993284,3051.3792980866,-2837.63593178391,-213.743366302698
0.0504031378466416,1.15055764178539,-0.164319059283699,-0.986238582501686,3099.09088131707,-2445.88378615175,-653.207095165323
0.0506702589559521,1.10261088402538,0.00531635393931734,-1.10792723796469,3105.86725750815,-2030.1163468597,-1075.75091064845
0.0509373800652625,1.0406854832178,0.178350278252783,-1.21903576147058,3071.52681409323,-1593.23310616689,-1478.29370792634
0.0511471102057006,0.982498518733322,0.315869262227296,-1.29836778096061,3015.78304590559,-1237.23283930063,-1778.55020660496
0.0513052126875757,0.933221762786283,0.420100955160334,-1.35332271794661,2957.11017269193,-962.350378703883,-1994.75979398804
0.0513488139813335,0.918826604815312,0.448899432965891,-1.3677260377812,2938.42141914263,-885.641073268705,-2052.78034587392
0.0514372426643842,0.88859157703059,0.507312606570109,-1.39590418360069,2897.22049581937,-729.039367895348,-2168.18112792402
0.0515700771674122,0.840595120106031,0.594999488893684,-1.43559460899971,2827.08286681268,-491.421323976404,-2335.66154283627
0.051726179136993,0.780325920215908,0.69778498815393,-1.47811090836983,2732.13408201045,-209.000650001605,-2523.13343200884
0.0517572713204126,0.767827243312104,0.7182158749848,-1.4860431182969,2711.61235355673,-152.360377484964,-2559.25197607176
0.0517947782449456,0.75253822860859,0.742831260450325,-1.49536948905891,2686.15494148096,-83.8965289044383,-2602.25841257652
0.0519133481627686,0.702709223549579,0.820384193056007,-1.52309341660558,2600.6735902637,133.408530293054,-2734.08212055675
0.0520961733004634,0.621547040891075,0.93898555547651,-1.56053259636758,2454.1854753242,470.515510415403,-2924.7009857396
0.0523405891621136,0.505243864458086,1.0950892269203,-1.60033309137838,2231.25597411484,923.334474923558,-3154.5904490384
0.0523723070915629,0.489504739966615,1.11513026165624,-1.60463500162284,2200.06778925304,982.245407510114,-3182.31319676315
0.0524687964396057,0.440783254850446,1.17569268507904,-1.61647593992948,2102.13133048705,1161.38072830776,-3263.51205879481
0.0526724963364066,0.333939170520278,1.30133832981561,-1.63527750033588,1880.61037740229,1538.54066995678,-3419.15104735907
0.0528761962332075,0.22196938453789,1.42365208777798,-1.64562147231586,1639.6416038855,1913.30480224456,-3552.94640613005
0.0530334395489072,0.132274720506931,1.51551725040264,-1.64779197090956,1440.84188365272,2200.11542759693,-3640.95731124965
0.0530692026075646,0.11149584579706,1.53608089316127,-1.64757673895832,1394.1095597135,2264.98474865688,-3659.09430837038
0.0531507160617688,0.0636566909371061,1.58244558119405,-1.64610227213115,1285.59221879218,2412.18560222069,-3697.77782101286
0.0532743568693662,-0.0101248682259717,1.65138224846928,-1.6412573802433,1115.79713699247,2633.56933393488,-3749.36647092735
0.0533772634335408,-0.0726003708549369,1.70743103226956,-1.63483066141462,969.822921790513,2815.92637021331,-3785.74929200382
0.053518996442688,-0.160091763783964,1.78252206301067,-1.6224302992267,762.18242138439,3063.83147812254,-3826.01389950693
0.0536607294518353,-0.249116757025172,1.85505291883487,-1.60593616180969,547.233863512268,3307.56176585146,-3854.79562936373
0.0538610805733663,-0.377200088416877,1.95290268366202,-1.57570259524514,231.824478162517,3643.92105357169,-3875.74553173421
0.0541290157602425,-0.551780291247372,2.07458067449292,-1.52280038324554,-209.154686508439,4076.64605574651,-3867.49136923807
0.0543969509471186,-0.729118113742323,2.18505291764122,-1.45593480389889,-669.538199333648,4487.28233110097,-3817.74413176733
0.0546119579076205,-0.872660217397354,2.26511115390644,-1.39245093650908,-1051.06843951614,4799.01358200663,-3747.94514249049
0.0547745118401351,-0.9814862875307,2.32030768774756,-1.33882140021685,-1345.55135451209,5023.20620369397,-3677.65484918188
0.0548274385984565,-1.01693089686199,2.33726397640485,-1.32033307954285,-1442.43579870449,5093.96855988842,-3651.53276118393
0.0549247098375982,-1.08200424474689,2.36708440875971,-1.28508016401282,-1621.55480154399,5220.98442296437,-3599.42962142038
0.0551110499220988,-1.20621546593149,2.41926636385496,-1.21305089792346,-1967.96688672401,5452.9456237243,-3484.97873700029
0.0553483290227274,-1.36300511151378,2.47609765147879,-1.11309253996501,-2413.84322040472,5725.7452016272,-3311.90198122248
0.0555023507606802,-1.46368207185033,2.50712264058237,-1.04344056873203,-2705.35698453549,5888.80493885271,-3183.44795431722
0.0555844831045201,-1.5169167991888,2.52174531582221,-1.0048285166334,-2861.19972625974,5971.07455705471,-3109.87483079497
0.0557035618951663,-1.59341411748234,2.54053469172199,-0.947120574239642,-3087.26417351077,6084.36252833123,-2997.09835482047
0.0558226406858125,-1.66902051696315,2.55645099819712,-0.887430481233968,-3313.22903878664,6190.44121620357,-2877.21217741693
0.0560041959438618,-1.78231394480356,2.57513347858927,-0.792819533785703,-3656.76308055441,6337.92660976136,-2681.16352920695
0.0562595797584634,-1.93699088231171,2.58990247428456,-0.652911591972841,-4136.040576013,6515.44982960736,-2379.40925359436
0.0564360964152406,-2.04036390100854,2.59221595640534,-0.551852055396791,-4463.57150792296,6617.30559068455,-2153.73408276159
0.0565705637194123,-2.11693056204248,2.58963458603117,-0.472704023988688,-4710.27477715175,6683.19976750622,-1972.92499035447
0.0566277128038821,-2.14886599062642,2.587399718736,-0.43853372810957,-4814.28061983356,6708.10737835274,-1893.82675851919
0.0567083464401167,-2.19326866615548,2.583094126108,-0.389825459952505,-4960.03538415457,6740.0718045337,-1780.03642037914
0.0568811480357989,-2.2857022741195,2.56934205110279,-0.283639776983283,-5268.03780638581,6795.95525163389,-1527.91744524808
0.0570539496314811,-2.37424854097042,2.54945023654406,-0.175201695573635,-5569.51768499956,6834.53584087673,-1265.01815587717
0.0572757410698563,-2.48176366169617,2.51502442133193,-0.0332607596357583,-5945.42129331935,6858.51387095443,-913.092577635082
0.0575599344355273,-2.60867753091532,2.45656792948435,0.152109601430981,-6406.22990093158,6847.15036126878,-440.920460337204
0.0578441278011983,-2.72256766696057,2.3824053220318,0.340162344928779,-6840.56819967241,6788.6195046105,51.9486950619071
0.058054671373137,-2.79807050737376,2.31762997693196,0.480440530441804,-7143.4817248328,6715.03436766993,428.447357162866
0.0582232008934379,-2.852791760621,2.25996260082138,0.592829159799624,-7373.30197207467,6637.79941989812,735.502552176547
0.0582793040366076,-2.86985586460779,2.23964061386195,0.630215250745845,-7447.21128089418,6608.49758111841,838.713699775766
0.0583749515797217,-2.89758101416646,2.20374327259051,0.693837741575956,-7570.0566602136,6554.46617380985,1015.59048640375
0.0585284691258059,-2.93842964526477,2.14290172627679,0.795527918987985,-7758.67684921993,6457.11901190175,1301.55783731817
0.0586819866718901,-2.97471292175774,2.07819182514161,0.896521096616131,-7936.44932535138,6346.85238507278,1589.5969402786
0.0589000713256811,-3.01823124117372,1.97994319648896,1.03828804468476,-8169.47177295096,6168.56540530772,2000.90636764324
0.059193359234919,-3.06160082402249,1.83687950192159,1.22472132210091,-8445.04603653377,5890.17493164834,2554.87110488543
0.0594866471441568,-3.08731237034329,1.68228177440922,1.40503059593408,-8675.42678601902,5569.46648512155,3105.96030089747
0.0597059557254893,-3.0948775208532,1.55982651447682,1.53505100637638,-8817.11200291944,5303.39289988402,3513.71910303542
0.0598847584729222,-3.0936172017612,1.45611527951802,1.63750192224319,-8912.6669591673,5070.82062429463,3841.84633487267
0.0599504490413075,-3.09147643940017,1.41719513677696,1.67428130262321,-8943.20842926182,4981.96882298801,3961.23960627381
0.0600549801978207,-3.08621450661619,1.35445146137597,1.73176304524023,-8986.6702019968,4837.01985333379,4149.650348663
0.0603177037761605,-3.06299116322867,1.19284942081151,1.87014174241716,-9067.7939615127,4454.57368771546,4613.22027379723
0.0604318526598221,-3.04845724842517,1.12097389741145,1.92748335101372,-9090.4723657269,4280.50621526653,4809.96615046037
0.0605692058690846,-3.02744418995819,1.03339244267138,1.99405174728682,-9107.57599695591,4065.28321509363,5042.29278186229
0.0607065590783471,-3.00261689354212,0.944759517559007,2.05785737598311,-9113.53001967157,3844.11237305331,5269.41764661826
0.0609348540012235,-2.95306592552333,0.795637627511534,2.15742829801179,-9098.75738305998,3464.65661641675,5634.10076664323
0.0612801501739871,-2.85903487114692,0.567376156951661,2.29165871419526,-9018.25558309944,2866.67844618016,6151.57713691928
0.0614277129279616,-2.81196533598351,0.469123588522978,2.34284174746053,-8962.59739933092,2603.06156908519,6359.53583024573
0.0615752756819361,-2.76095506382799,0.370861795456126,2.39009326837186,-8894.38705314776,2335.70030137035,6558.68675177741
0.0616755236240309,-2.72410089538874,0.304194700947772,2.41990619444097,-8840.94982414497,2152.1827958477,6688.76702829727
0.0617757715661256,-2.68551437646052,0.237685204024233,2.44782917243628,-8781.83796611535,1967.37928959001,6814.45867652534
0.0619110423652359,-2.63077573001876,0.148315530390468,2.48246019962829,-8693.19772982039,1716.32585631677,6976.87187350361
0.0621232811769277,-2.53894968914595,0.00934960777851077,2.52960008136744,-8533.98482031435,1319.61044371324,7214.37437660112
0.0622091106023107,-2.49979238702893,-0.0463562344606602,2.54614862148959,-8462.67966908178,1158.36512903338,7304.3145400484
0.0623033117760071,-2.45554270505136,-0.107069651150404,2.56261235620176,-8379.95227030048,981.139572696294,7398.81269760419
0.0624303427444855,-2.3938338578074,-0.188139443626569,2.58197330143396,-8261.12710575664,742.01538204542,7519.11172371122
0.0626114153976965,-2.30201575221957,-0.301863084287497,2.60387883650706,-8077.69787357923,401.613971800994,7676.08390177824
0.0626652805347812,-2.27384282099785,-0.335257566333637,2.60910038733149,-8019.97522452572,300.51307761816,7719.46214690756
0.0627892574871425,-2.20761330375714,-0.411226473999668,2.61883977775681,-7881.84412327239,68.4999639561545,7813.34415931623
0.0629132344395039,-2.13951315245871,-0.485882206122311,2.62539535858102,-7736.48945595735,-162.348875545407,7898.83833150276
0.0630658186611629,-2.05329042949504,-0.575789508346975,2.62907993784201,-7548.02161662736,-444.331461810817,7992.35307843818
0.0632301356091572,-1.95766969186891,-0.669963251523207,2.62763294339212,-7333.69911940572,-744.701761634639,8078.40088104035
0.0633252614284505,-1.90107506305079,-0.723154677346003,2.62422974039679,-7204.4031642757,-916.796780564166,8121.19994483987
0.0634203872477438,-1.84364924786603,-0.77529943168508,2.61894867955111,-7071.45227712411,-1087.33927015928,8158.79154728339
0.0635565000927139,-1.76014932921966,-0.847988934538314,2.60813826375797,-6875.12743057763,-1328.32587289868,8203.45330347631
0.0637437176655922,-1.64299902810106,-0.944051622837778,2.58705065093884,-6593.99955569043,-1653.2125828135,8247.21213850393
0.0639309352384706,-1.52351340050079,-1.03531361088033,2.55882701138111,-6300.8200964116,-1969.5817617388,8270.40185815039
0.064189736870843,-1.35534198943678,-1.15293217613941,2.50827416557619,-5877.7893305382,-2390.67988770534,8268.46921824354
0.0642871899085493,-1.29121621317499,-1.19458290138715,2.48579911456213,-5713.41103990981,-2544.10562184805,8257.51666175785
0.0643576266920316,-1.24467190775901,-1.22373555094441,2.46840745870341,-5593.06367611461,-2653.05592532306,8246.11960143767
0.0644672616206974,-1.17197183887546,-1.26747853589538,2.43945037477084,-5403.3634876361,-2819.22565397535,8222.58914161145
0.0645345942735802,-1.12718935984011,-1.29334627275788,2.42053563259798,-5285.47409441595,-2919.17589221088,8204.64998662684
0.064650294601019,-1.05008750469453,-1.33597426299897,2.38606176769349,-5080.66932536186,-3086.99339088861,8167.66271625047
0.0648085807545101,-0.944457322006716,-1.3904778799357,2.33493520194241,-4796.338420496,-3308.19200905428,8104.53042955027
0.0649206680689676,-0.869647882649312,-1.42636025955714,2.29600814220645,-4592.35574730726,-3458.77099061027,8051.12673791752
0.0650327553834251,-0.794947787557918,-1.45993661259743,2.25488440015534,-4386.50373187749,-3604.0890132965,7990.59274517399
0.0651448426978825,-0.720449494885167,-1.49116608485386,2.21161557973902,-4179.03751766539,-3743.96674831746,7923.00426598285
0.0652907292814809,-0.623953368404525,-1.5282307463893,2.15218411479382,-3907.05311003206,-3917.57052947175,7824.62363950381
0.0653718029697983,-0.570600851570782,-1.54706056362262,2.11766141519339,-3755.07321422815,-4009.83339063083,7764.90660485898
0.0654528766581158,-0.517497742435167,-1.56460783580356,2.08210557823872,-3602.65417674001,-4098.99060038557,7701.64477712558
0.0655339503464332,-0.464678179133634,-1.58086165841606,2.04553983754969,-3449.89421774956,-4184.98524133783,7634.87945908739
0.0655669925290765,-0.443237888632919,-1.58711339149108,2.03035128012399,-3387.5535496365,-4219.11706664222,7606.67061627872
0.0656313146919404,-0.40166282630753,-1.59865937956444,2.00032220587196,-3266.11291151322,-4284.01041411708,7550.1233256303
0.0657230988281912,-0.342735506457804,-1.61370019467058,1.95643570112838,-3092.71157161059,-4373.02233302269,7465.73390463328
0.065834652445765,-0.271806481601272,-1.62969522704303,1.9015017086443,-2881.96287491939,-4475.43837624943,7357.40125116882
0.0659462060633389,-0.201710030699979,-1.6431670909314,1.84487712163137,-2671.43900894419,-4571.41957405796,7242.85858300215
0.066080877419509,-0.118324823314263,-1.65604651984253,1.77437134315679,-2417.97386833823,-4678.54571466723,7096.51958300545
0.0661568881637888,-0.0718955120989222,-1.66167618209776,1.73357169419667,-2275.35809807038,-4734.73839189287,7010.09648996325
0.0662580348353801,-0.0108957116323133,-1.66732419319244,1.67821990482474,-2086.30196140974,-4804.64523405546,6890.9471954652
0.0663591815069715,0.0491597946370079,-1.67086390984554,1.62170411520852,-1898.22507822562,-4868.93788162056,6767.16295984617
0.0664875252544072,0.123903894888416,-1.67231683869343,1.54841294380501,-1661.30181612417,-4942.33301667484,6603.63483279901
0.0665727301724318,0.172582824929247,-1.67140429395684,1.49882146902759,-1505.2078976346,-4985.96321356326,6491.17111119787
0.0666883861415544,0.237367794367575,-1.66777175454411,1.43040396017653,-1295.136809712,-5038.60268169842,6333.73949141042
0.0668040421106771,0.300597212987478,-1.66138837440837,1.36079116142088,-1087.3727572591,-5083.60825994127,6170.98101720037
0.0669801670234715,0.393687091550271,-1.64641152761699,1.25272443606671,-776.108387872237,-5137.34528812324,5913.45367599547
0.067226701312626,0.517028138391004,-1.61489454641901,1.097866408028,-352.423124567822,-5182.34388610613,5534.76701067395
0.0674732356017806,0.631673233410818,-1.57124593081069,0.939572697399863,55.2561565611304,-5191.94150525178,5136.68534869065
0.0676679340139381,0.715667362828604,-1.52836261025449,0.812695247425876,364.475803077381,-5174.47379262399,4809.99798954661
0.0678186185550602,0.776486107923471,-1.49018958520871,0.713703477285226,595.258101994483,-5145.81374905126,4550.55564705678
0.0679142080941102,0.81310542615105,-1.46376152366635,0.650656097515291,737.541012851619,-5120.81088183765,4383.26986898604
0.0679542733223587,0.827990808414332,-1.45218089674111,0.624190088326766,796.187143266641,-5108.7621698919,4312.57502662526
0.0680322510244711,0.856160023835277,-1.42880359404316,0.572643570207874,908.582364300586,-5082.67082825756,4174.08846395698
0.0681319265113146,0.890606410478924,-1.39732674527514,0.506720334796207,1048.81694784809,-5044.2608117896,3995.44386394152
0.0682101134473954,0.916385438248391,-1.37139886529208,0.455013427043679,1156.05791142969,-5010.17840222062,3854.12049079093
0.0683347208034871,0.955165863195583,-1.32788267375029,0.372716810554693,1321.74730680112,-4948.75051529949,3627.00320849837
0.0684593281595788,0.991073071010666,-1.28172247403153,0.290649403020855,1480.83569970259,-4878.66286123015,3397.82716152756
0.0685280613876693,1.00963483420853,-1.2551495247316,0.245514690523068,1565.69619833806,-4836.32759476746,3270.6313964294
0.0685819691864825,1.02356491186453,-1.23376829671172,0.210203384847171,1630.7732735989,-4801.31544918556,3170.54217558666
0.0686358769852957,1.03693829170737,-1.21192002633968,0.1749817346323,1694.52776709884,-4764.72605439658,3070.19828729774
0.068710407760538,1.054503674306,-1.18095744336654,0.126453769060527,1780.45832618993,-4711.56383935347,2931.10551316355
0.0688353155922373,1.08151240923333,-1.12714890537819,0.0456364961448565,1918.58484938994,-4615.85499130152,2697.27014191159
0.0689602234239367,1.10545061660073,-1.07100179813924,-0.0344488184615026,2049.19048322075,-4511.97808895766,2462.78760573691
0.069048701397259,1.12053314141623,-1.02985668222586,-0.0906764591903799,2137.06256476624,-4433.5316928559,2296.46912808965
0.0691625478792747,1.13762971691013,-0.975310349180488,-0.162319367729654,2244.32094681536,-4326.79357098882,2082.47262417346
0.0692763943612903,1.15210995734768,-0.919020062656629,-0.233089894691066,2344.93247666045,-4213.64971217278,1868.71723551234
0.0694611772000107,1.16999688126697,-0.824167137503314,-0.345829743763671,2493.72673302753,-4016.82828134018,1523.10154831265
0.0697238858477563,1.18339218278885,-0.682472380632238,-0.500919802156622,2673.58530436045,-3710.18942694446,1036.60412258401
0.0698190047331076,1.18475271014179,-0.62926923065713,-0.55548347948467,2729.43679047171,-3591.57380333245,862.13701286074
0.0699141236184589,1.18425316416617,-0.575167396976815,-0.609085767189365,2780.23551574112,-3469.16348175281,688.927966011695
0.0700867761128369,1.17860479841688,-0.474861950369543,-0.703742848047345,2859.38455896733,-3237.7182452651,378.333686297776
0.0702594286072148,1.16686461683073,-0.372056043346555,-0.794808573484183,2921.56607760476,-2994.83384140127,73.267763796511
0.0704772643268745,1.14343612018206,-0.239289920852131,-0.904146199329941,2975.56819523447,-2673.28054306056,-302.287652173916
0.0707625615314562,1.09843903058178,-0.061285276374758,-1.03715375420704,3004.77750460782,-2229.18322287388,-775.594281733944
0.070995159196139,1.04996083221985,0.0865299401844936,-1.13649077240436,2993.70454870217,-1849.76285898523,-1143.94168971694
0.0711758601132495,1.0051682408554,0.202485711926888,-1.2076539527823,2963.515638241,-1545.62484653536,-1417.89079170564
0.0713021343947275,0.970252843759598,0.28387081226591,-1.25412365602552,2931.27083130561,-1328.81336112621,-1602.45747017939
0.0713267817251316,0.963095437152134,0.299779271782838,-1.26287470893498,2923.91071366359,-1286.1123916853,-1637.79832197829
0.0714010278029376,0.940874871913489,0.34771250479743,-1.28858737671093,2899.65188884306,-1156.81917636894,-1742.83271247412
0.0715578431577268,0.890738125574311,0.448906781623544,-1.33964490719787,2838.18464304184,-880.74495026837,-1957.43969277347
0.071714658512516,0.836339542340885,0.549874129056859,-1.38621367139775,2762.95468255727,-601.059172822783,-2161.89550973448
0.0718714738673052,0.777814225287706,0.650373617789468,-1.42818784307718,2674.16204894536,-318.427749853168,-2355.73429909219
0.0719577595927347,0.743893343095166,0.705401446910171,-1.44929479000535,2619.58521252337,-161.855543584665,-2457.72966893871
0.0720797886997848,0.693923000478749,0.782760680996454,-1.47668368147521,2535.60626499863,60.4758076062237,-2596.08207260485
0.0722018178068349,0.641673920338264,0.859484641667455,-1.50115856200573,2443.77695292419,283.596969920545,-2727.37392284474
0.07238050581125,0.561243987625414,0.970416236656686,-1.53166022428211,2295.49684223295,610.957091039211,-2906.45393327216
0.0724054446629546,0.549650946714434,0.98576087976941,-1.53541182648385,2273.50170670252,656.694912526028,-2930.19661922855
0.072493436190899,0.5080722975374,1.03957240109706,-1.54764469863447,2193.43625989406,817.9929660054,-3011.42922589946
0.0726913114535944,0.410886167446617,1.15851847526149,-1.56940464270811,1999.70609181042,1179.69194089694,-3179.39803270735
0.0728891867162899,0.308858498224433,1.27430458766641,-1.58316308589085,1787.57549501911,1539.05060762367,-3326.62610264278
0.0730808116669648,0.205808559737585,1.38301057678814,-1.58881913652573,1565.39022794871,1883.55936778361,-3448.94959573232
0.0731654922714666,0.159013268744186,1.42989677613461,-1.5889100448788,1462.11111632124,2034.45718072639,-3496.56829704763
0.073279348429186,0.0950016245862378,1.49170156924926,-1.58670319383551,1318.59213156823,2235.65861623703,-3554.25074780526
0.0733932045869054,0.0298042652268847,1.55202491965309,-1.58182918487999,1169.88937302784,2434.71680816895,-3604.60618119679
0.0735070607446248,-0.0364942063142668,1.61078969634448,-1.57429549003023,1016.19837342504,2631.37907511474,-3647.57744853978
0.0736857523407811,-0.142521132997543,1.69966237652563,-1.5571412435281,765.509550312392,2934.49135805282,-3700.00090836521
0.0739391331737104,-0.29637748479598,1.81815097486415,-1.52177349006818,391.697483500108,3350.98515873282,-3742.68264223292
0.0741290878918216,-0.41400760778555,1.90087356903583,-1.48686596125029,98.3671065757358,3651.88687340959,-3750.25397998532
0.074228114257434,-0.475959765219386,1.94181571583905,-1.46585595061967,-58.6345800897316,3804.51816248925,-3745.88358239952
0.0743228777641987,-0.535549155963702,1.97952627020589,-1.4439771142422,-211.247003988227,3947.61319146477,-3736.36618747655
0.0744176412709634,-0.59538070190987,2.01576531748378,-1.42038461557392,-366.033917748384,4087.67740593958,-3721.6434881912
0.074560929885205,-0.686172540241376,2.06768459289752,-1.38151205265615,-603.852359397958,4293.39473558453,-3689.54237618657
0.0747878900105957,-0.830323339107656,2.14258429478763,-1.31226095567998,-988.626429867499,4603.30149572047,-3614.67506585297
0.0748613228951754,-0.877010634236904,2.16487001831347,-1.28785938407658,-1115.12864819619,4699.2978107854,-3584.1691625892
0.0749347557797551,-0.923654237740329,2.18616905367722,-1.2625148159369,-1242.43349379807,4793.06361020745,-3550.63011640938
0.0750081886643348,-0.970229204210729,2.20647003180235,-1.23624082759162,-1370.47253274256,4884.54959088118,-3514.07705813863
0.0750816215489145,-1.01671092768618,2.22576221702866,-1.20905128934249,-1499.17773194724,4973.70830298866,-3474.53057104143
0.0752177228258406,-1.10250913025699,2.25880768398634,-1.15629855372936,-1739.18991977678,5132.60610606844,-3393.41618629166
0.0753538241027668,-1.18773694708135,2.28828838964569,-1.10055144256435,-1980.78923437529,5283.05031341649,-3302.2610790412
0.0754899253796929,-1.27223577454662,2.31414817328608,-1.04191239873947,-2223.52477342845,5424.76422059133,-3201.23944716289
0.0757040353836301,-1.40324123068211,2.34736255439264,-0.944121323710537,-2606.3887353778,5629.29981254988,-3022.91107717208
0.0757856026674533,-1.4524796631332,2.35760102912826,-0.905121365995073,-2752.41951244796,5701.22193064359,-2948.80241819563
0.0758900786903681,-1.51488815665464,2.36873919867951,-0.853851042024879,-2939.25369133455,5788.32859893348,-2849.07490759893
0.0759945547132828,-1.57649861844487,2.37764756073306,-0.801148942288196,-3125.67726527949,5869.72313147204,-2744.04586619255
0.0761644823708014,-1.67479666312424,2.38734311033315,-0.712546447208908,-3427.39005759291,5989.64569174451,-2562.2556341516
0.0762638143655203,-1.73110108495492,2.39025450833306,-0.659153423378146,-3602.71016434968,6052.52445168576,-2449.81428733607
0.0764036192420907,-1.80872969452315,2.39089260928216,-0.582162914759021,-3847.6220848792,6131.79859670708,-2284.17651182788
0.0765434241186611,-1.88434208739628,2.38748307408241,-0.503140986686137,-4089.98313539225,6200.16125821601,-2110.17812282375
0.0766832289952314,-1.95778744005482,2.38002874925009,-0.422241309195279,-4329.31083316805,6257.47437973492,-1928.16354656687
0.0768230338718018,-2.02891757033973,2.36854013799448,-0.339622567654756,-4565.12376615591,6303.61936662343,-1738.49560046752
0.0770227860475122,-2.1262099916296,2.34516949110403,-0.218959499474437,-4894.89222226388,6349.9683861467,-1455.07616388281
0.0771148064782986,-2.1692575881766,2.33166115128008,-0.162403563103486,-5043.78651350591,6363.53924385764,-1319.75273035172
0.077207736161917,-2.21152233664416,2.31628091565248,-0.10475857900833,-5191.96736367069,6372.22934266486,-1180.26197899417
0.0773309000769532,-2.26559641656601,2.29322782322964,-0.0276314066636267,-5384.72939102841,6375.96524825305,-991.235857224645
0.0774940357101395,-2.33367784210149,2.25806329282714,0.0756145492743507,-5633.20193987012,6367.25084319043,-734.048903320307
0.0777356642531793,-2.4267074449655,2.19647858887552,0.230228856089977,-5985.4577320898,6325.80070056309,-340.342968473293
0.0777908447528425,-2.44662808624843,2.18083328658287,0.265794799665561,-6063.19837033638,6311.55964004953,-248.361269713155
0.0778843787128196,-2.47920523123036,2.15301010068759,0.326195130542771,-6192.43263400567,6283.38853353048,-90.9558995248094
0.078011578956699,-2.52106669921234,2.11257530122708,0.408491397985259,-6362.89414195834,6236.97750212335,125.916639834984
0.0780846177197536,-2.54381604224951,2.08801881966599,0.455797222583513,-6457.95439728334,6206.12467122098,251.829726062359
0.0781973281078819,-2.57703083016706,2.04825309015218,0.528777740014872,-6600.4165418333,6152.55144398288,447.865097850426
0.078347021166975,-2.61752880891795,1.99200342872937,0.625525380188573,-6781.40098911804,6070.31639340593,711.084595712105
0.0784967142260681,-2.65382231317201,1.93193421376122,0.721888099410788,-6952.65479020995,5975.58408792006,977.070702289892
0.0785476090356521,-2.66519376314436,1.91065505378512,0.754538709359243,-7008.61679488088,5940.54995308941,1068.06684179147
0.0786599606936163,-2.6885170052025,1.86220455479651,0.826312450405991,-7127.90104058461,5858.23267932045,1269.66836126416
0.0787723123515806,-2.70937166256851,1.81175933919756,0.897612323370948,-7241.23448830539,5769.12738986869,1472.1070984367
0.0789639443117985,-2.73915162777364,1.72132025306617,1.01783137470747,-7420.31701819026,5601.85318401422,1818.46383417603
0.0792423466608072,-2.76919966930697,1.58065425183127,1.1885454174757,-7647.31329516796,5325.6421149673,2321.67118020066
0.0795207490098158,-2.78339073538688,1.42984093133027,1.35354980405661,-7833.57173303876,5011.78839288731,2821.78334015145
0.0796786884487558,-2.78433558818177,1.34010391638054,1.44423167180123,-7920.62320335277,4817.67784614005,3102.94535721272
0.0798039946620052,-2.78140236396251,1.26696982190965,1.51443254205286,-7979.81821048577,4655.85248167965,3323.96572880612
0.0798737407894545,-2.77835684057269,1.22556216656049,1.5527946740122,-8008.93824156788,4562.87343580101,3446.06480576687
0.0799434869169038,-2.77430156395473,1.18368398517231,1.59061757878242,-8035.29308685726,4467.88471414779,3567.40837270947
0.0800656289617965,-2.76477226870305,1.1092803281505,1.65549194055256,-8074.7367347335,4296.85358275788,3777.88315197563
0.0802801324646539,-2.74059338492844,0.97564890663612,1.76494447829232,-8123.15306805098,3982.8062754781,4140.34679257288
0.0805654885880678,-2.6938751215132,0.792894404520937,1.90098071699227,-8146.03259482919,3540.09216095351,4605.94043387568
0.0808508447114816,-2.63082373320898,0.605643652760913,2.02518008044807,-8121.25906052529,3071.83475512526,5049.42430540003
0.0811362008348954,-2.55188105554327,0.415355061251899,2.13652599429137,-8048.84147609787,2581.6950662993,5467.14640979858
0.0813097509730905,-2.4962888915698,0.298661655642229,2.19762723592757,-7981.59476023743,2274.2369624213,5707.35779781613
0.0814415973371776,-2.45034560517552,0.209821198231435,2.24052440694408,-7918.87478537119,2036.70479731323,5882.16998805795
0.0814976134242942,-2.42987400379899,0.172064905573083,2.25780909822591,-7889.20611280443,1934.8531930773,5954.35291972712
0.0815891794654953,-2.39521840187334,0.110392457232697,2.28482594464064,-7836.86863021999,1767.32709943942,6069.54153078057
0.0817089532400765,-2.34769128608517,0.0298733706313043,2.31781791545386,-7761.27052193085,1546.43834753903,6214.83217439182
0.0818973284037528,-2.26806433274025,-0.0961440111437527,2.36420834388401,-7626.24951339138,1195.76361473854,6430.48589865283
0.0819678727140713,-2.23673051748046,-0.143107295742651,2.37983781322311,-7570.6446864471,1063.50561891211,6507.139067535
0.0820832764173746,-2.18377331393919,-0.219535738418226,2.40330905235742,-7473.89115593876,846.413609019804,6627.47754691896
0.082230221272293,-2.1133797418117,-0.316007111758713,2.42938685357041,-7340.4512598327,569.04687000514,6771.40438982756
0.0823771661272115,-2.03978798090142,-0.411361601426903,2.45114958232832,-7195.75971507937,291.118103776313,6904.64161130306
0.0824804242079782,-1.98623028145867,-0.477606492665974,2.46383677412465,-7087.48279667059,95.7526667514751,6991.73012991911
0.0825836822887448,-1.93121917926507,-0.543133728980452,2.47435290824552,-6973.8907067257,-99.4004211893459,7073.29112791504
0.0826869403695115,-1.87480983730629,-0.607875569145997,2.48268540645229,-6855.09423087023,-294.137695116737,7149.23192598697
0.0828636712890493,-1.77521197874275,-0.716635474444977,2.49184745318773,-6640.09597217755,-625.785942711055,7265.8819148886
0.0830655694724302,-1.65701666895002,-0.83739156830715,2.49440823725717,-6377.0891763877,-1001.09599437754,7378.18517076524
0.08313545028058,-1.6150540388715,-0.878273634121714,2.49332767299321,-6281.83056954561,-1129.96673879698,7411.79730834259
0.0832398157828844,-1.5514759799823,-0.938351739849879,2.48982771983217,-6135.73631833762,-1321.11903162922,7456.85534996684
0.083434688509141,-1.43008231776395,-1.0471764851965,2.47725880296045,-5851.2060832738,-1673.12798786792,7524.33407114172
0.0836295612353977,-1.3055036345782,-1.15136147390926,2.45686510848745,-5552.09691675686,-2017.84250897392,7569.93942573078
0.0838244339616544,-1.17817689891785,-1.25053604674245,2.42871294566029,-5239.44504605863,-2354.02075515726,7593.46580121589
0.084019306687911,-1.04855875678429,-1.34433879454934,2.39289755133363,-4914.35730215465,-2680.42245590582,7594.77975806047
0.0840752781929067,-1.01094561805509,-1.37025791640492,2.38120353446001,-4818.78291770426,-2772.25987698206,7591.04279468632
0.0841672939602318,-0.948823151732829,-1.41181446356803,2.36063761530085,-4659.73602613888,-2921.16481929685,7580.90084543573
0.084259309727557,-0.886376347045716,-1.4520390215323,2.33841536857801,-4498.38014864997,-3067.41193805827,7565.79208670823
0.0844236874180296,-0.774196784502964,-1.52046501698295,2.29466180148591,-4204.85925185342,-3321.62162401579,7526.48087586921
0.0846706155120447,-0.604742329405232,-1.61465136122999,2.21939369063521,-3752.71047678959,-3685.23628786666,7437.94676465624
0.0848002286661401,-0.515514883612684,-1.65986200340816,2.17537688702084,-3510.43522882026,-3866.95057700655,7377.38580582682
0.0849298418202356,-0.42632623706666,-1.70203915127344,2.12836538834009,-3265.37734104161,-4041.8708471503,7307.24818819191
0.0850594549743311,-0.337319979612328,-1.74111504693916,2.07843502655148,-3017.9287273912,-4209.70882099828,7227.63754838948
0.0851890681284266,-0.248636347613875,-1.77702877514926,2.02566512276313,-2768.47743004075,-4370.19498463362,7138.67241467437
0.0853835763372032,-0.116507644920929,-1.82485260415293,1.94136024907385,-2391.36160273341,-4596.59941182891,6987.96101456232
0.0855759262094206,0.0126683386781479,-1.86485826029442,1.85218992161627,-2016.18147912043,-4802.84441793182,6819.02589705225
0.0856831356866046,0.0838930551641345,-1.88396962784343,1.80007657267929,-1806.47854036186,-4909.96285378613,6716.44139414799
0.0857694661941696,0.14076101769487,-1.89767773092898,1.7569167132341,-1637.55045337868,-4992.01057797251,6629.5610313512
0.0858557967017346,0.197148131684899,-1.90987483363261,1.7127267019477,-1468.70517463202,-5070.23282865841,6538.93800329043
0.0859784644178045,0.276356321165826,-1.92459035090202,1.64823402973619,-1229.1908547375,-5174.68169750784,6403.87255224533
0.0861818855117428,0.405043705304145,-1.94218040784613,1.53713670254198,-833.954908233819,-5330.17568881143,6164.13059704525
0.0864088128832715,0.544200651438002,-1.95172771720399,1.40752706576598,-397.401082094976,-5477.0046816676,5874.40576376257
0.0865369965687173,0.620574526161556,-1.95241470726931,1.33184018110775,-153.399141911667,-5547.33319379894,5700.73233571061
0.0866651802541631,0.695149565841495,-1.94970183513901,1.25455226929751,88.1347967027414,-5608.37050696498,5520.23571026224
0.0867933639396089,0.767810138624602,-1.9435966760999,1.17578653747529,326.825455680043,-5660.02268549533,5333.19722981529
0.0869215476250547,0.838445805120384,-1.93411237537336,1.09566657025297,562.308799905439,-5702.2135858464,5139.90478594097
0.0871208578581218,0.943961424985348,-1.9127075934814,0.968746168496045,921.10606757796,-5748.8690727756,4827.76300519764
0.087408177900671,1.08611761431584,-1.86779371523874,0.781676100922891,1420.1438959176,-5775.33945256372,4355.19555664612
0.0876051509196952,1.17642809335131,-1.82755037374318,0.651122280391861,1748.58259580617,-5765.6198783482,4017.03728254202
0.0877582748156216,1.24235403346725,-1.79107412838975,0.548720094922494,1995.25937339055,-5742.41296275683,3747.15358936628
0.0878359385014834,1.27431105338381,-1.77086538229417,0.496554328910351,2117.29772660289,-5725.4225418033,3608.12481520042
0.0879476767089072,1.31847618291449,-1.73981806014893,0.421341877234424,2288.99893833162,-5694.85117250346,3405.85223417184
0.088059414916331,1.36046498501466,-1.70647571258669,0.346010727572027,2455.97208001854,-5657.08684598732,3201.11476596879
0.0882285772387891,1.41977373841899,-1.65174147767371,0.23196773925471,2699.28078029171,-5586.36431940853,2887.08353911682
0.0882506128781334,1.42712057518641,-1.64423557352064,0.217114998334215,2730.12935480406,-5575.95205172558,2845.82269692152
0.0883033422267551,1.44433587428759,-1.6259338948733,0.1815980205857,2803.11178760484,-5549.92832795071,2746.81654034587
0.0883462591203386,1.45796640289225,-1.61068473353263,0.152718330640378,2861.6380687795,-5527.59594429545,2665.95787551595
0.0884506343378445,1.48967181071904,-1.57229843355404,0.082626622834989,3000.62383524181,-5469.00643060293,2468.38259536112
0.0886110948139312,1.53436469828098,-1.50977723862121,-0.0245874596597741,3204.76819344486,-5367.25062081108,2162.48242736622
0.0888400751788096,1.58947121030683,-1.41350442568182,-0.175966784625019,3475.25785184261,-5198.05408204261,1722.7962302
0.089122988605046,1.64316834156866,-1.28379996031972,-0.359368381248953,3773.99863479751,-4951.3252436546,1177.32660885709
0.0893514233401622,1.67473474365312,-1.17096361921015,-0.503771124442981,3985.47684131577,-4722.79491497927,737.318073663499
0.0895414443325707,1.6928537680961,-1.0720489979352,-0.620804770160907,4140.33865282624,-4513.66410141744,373.325448591196
0.0896897346112633,1.70182158229106,-0.991917501109812,-0.709904081181255,4247.54882541594,-4338.96791009662,91.4190846806846
0.0897731941342741,1.70486887547791,-0.945754385238491,-0.759114490239426,4302.54230779245,-4236.36321838336,-66.1790894090914
0.0898830965514745,1.70668237444334,-0.883885443817146,-0.822796930626201,4368.99404359272,-4096.74039556891,-272.25364802381
0.0899929989686748,1.70599828156027,-0.82085102624828,-0.885147255311997,4428.61322702233,-3952.13207109441,-476.481155927924
0.0901388482410761,1.7012440260363,-0.735543179610743,-0.965700846425568,4497.07886351009,-3752.85751415014,-744.221349359945
0.0902846975134774,1.69212033292105,-0.648499798221696,-1.04362053469936,4553.30308134668,-3545.53842575234,-1007.76465559434
0.0904760721601218,1.67357499472799,-0.531997420910769,-1.14157757381723,4608.35552381411,-3262.12270165796,-1346.23282215615
0.0907411370066018,1.63574079459396,-0.367132551417753,-1.26860824317621,4649.32817230102,-2850.16829644269,-1799.15987585833
0.0910596836561968,1.5720420731147,-0.165100175745811,-1.4069418973689,4644.35158868723,-2328.99156744284,-2315.36002124439
0.0912894500366299,1.51405527689689,-0.0176077940190757,-1.49644748287782,4604.16457185691,-1937.62464790806,-2666.53992394885
0.0915192164170631,1.44638617078592,0.130369693043712,-1.57675586382963,4533.64382896539,-1535.91584653837,-2997.72798242702
0.0916185325013298,1.41420710308011,0.194338737007957,-1.60854584008808,4493.84623618454,-1359.4608971578,-3134.38533902674
0.0916973912556249,1.38744093632469,0.245046723057924,-1.63248765938262,4458.29596732359,-1218.37680206065,-3239.91916526294
0.0918508610751707,1.33235767175982,0.343359062275312,-1.67571673403514,4379.2288280835,-941.771528662826,-3437.45729942068
0.0920546254179904,1.2533107047567,0.472811001511054,-1.72612170626776,4254.4063733526,-571.261446280364,-3683.14492707224
0.0921951454237995,1.1949929046298,0.561176352305918,-1.75616925693572,4155.34843420697,-314.127435346275,-3841.22099886069
0.0922948685769253,1.15180075532541,0.623320413975874,-1.77512116930129,4078.76077350482,-131.178824244298,-3947.58194926052
0.092394591730051,1.10716916740119,0.684910977353876,-1.79208014475507,3997.06139580461,51.9157129051019,-4048.97710870971
0.0924943148831768,1.06114475482782,0.745886560824153,-1.80703131565198,3910.33984982403,234.974656131641,-4145.31450595567
0.0926588098157781,0.982334319001724,0.844933008748468,-1.8272673277502,3756.61878495373,536.287887679814,-4292.90667263355
0.0928233047483795,0.900090231176278,0.941870758199235,-1.84196098937552,3589.95346800097,836.193931125237,-4426.14739912621
0.0928959654702757,0.862710016507605,0.983970142078189,-1.8466801585858,3512.29900009005,968.072151116019,-4480.37115120607
0.0930061311409687,0.804897892043375,1.04685671877389,-1.85175461081727,3390.0385418665,1167.01090257528,-4557.04944444178
0.0931162968116618,0.745770685957722,1.10854892870314,-1.85431961466087,3262.4491064679,1364.54970717975,-4626.99881364765
0.0932138616743069,0.692364614408005,1.16213066639296,-1.85449528080096,3145.12828721344,1538.1446940093,-4683.27298122274
0.093311426536952,0.638037352063254,1.21466606333803,-1.85270341540129,3023.87382988681,1710.29215768038,-4734.1659875672
0.0934331708036669,0.569042927547968,1.27867074062885,-1.84771366817682,2867.25521952592,1922.80298472436,-4790.05820425028
0.0935807437469729,0.483764254437351,1.3538172077195,-1.83758146215685,2669.83627000293,2176.55037063613,-4846.38664063906
0.0937915207091602,0.359224763293858,1.45618447122411,-1.81540923451797,2374.40895071333,2530.547917536,-4904.95686824934
0.0938660574827839,0.314458107507354,1.49095100505412,-1.80540911256147,2266.25572017736,2653.235789785,-4919.49150996236
0.0939608006665086,0.257103746085671,1.5339859984942,-1.79108974457987,2126.2377195867,2807.04127587019,-4933.27899545689
0.0940825784722387,0.182720733884713,1.58734178024689,-1.77006251413161,1942.28111657668,3001.00779986559,-4943.28891644227
0.0942043562779688,0.107687657117345,1.63842744951863,-1.74611510663597,1754.08244463744,3190.54308214151,-4944.62552677895
0.0943952379593367,-0.010913269671726,1.71372385862804,-1.70281058895632,1451.3670951872,3477.94449715858,-4929.31159234578
0.0944707387548883,-0.0581179903442186,1.74187136854358,-1.68375337819936,1329.1324293737,3588.26409258651,-4917.39652196021
0.0945343549729944,-0.0979776807045607,1.76484178635407,-1.66686410564951,1225.15200544724,3679.63836055228,-4904.79036599953
0.0946455518275508,-0.167772524014764,1.80331651877166,-1.6355439947569,1041.40566528972,3835.74074809439,-4877.14641338411
0.0947567486821072,-0.237660514426729,1.83962544556278,-1.60196493113605,855.289226956128,3987.11082937177,-4842.4000563279
0.0948588992034871,-0.301872482104801,1.87103450708508,-1.56916202498028,682.420208329296,4121.84345845846,-4804.26366678775
0.0950029716333403,-0.392294280918107,1.91208961943042,-1.51979533851231,435.954199154474,4304.5122037672,-4740.46640292167
0.0951470440631935,-0.482393098501591,1.94927889882503,-1.46688580032344,186.815126765334,4478.26693172998,-4665.08205849531
0.0953358034235553,-0.599596977313217,1.99200902453149,-1.39241204721827,-142.661329736471,4691.77028586294,-4549.10895612647
0.0955983297265898,-0.7602268720649,2.0398571413208,-1.2796302692559,-604.416410824821,4960.67251239686,-4356.25610157204
0.0959152606359963,-0.949016408901835,2.07926327834875,-1.13024686944692,-1163.11534272087,5239.57086635552,-4076.45552363465
0.0961465098942899,-1.08237670746582,2.09516026003477,-1.01278355256895,-1569.10920155026,5410.27003313092,-3841.16083158066
0.0963777591525835,-1.21109360845827,2.10006400026979,-0.888970391811524,-1970.85586755681,5552.062039619,-3581.20617206219
0.0964815727598842,-1.26722547022597,2.09867806179975,-0.831452591573777,-2149.38770234892,5606.14820020566,-3456.76049785674
0.0965853863671849,-1.32220634566198,2.09506445728235,-0.772858111620372,-2326.39037773977,5654.17100761262,-3327.78062987285
0.0966891999744856,-1.37597735230697,2.08922651962751,-0.713249167320544,-2501.67328905736,5696.08156381472,-3194.40827475735
0.0968471321034787,-1.45530844494995,2.0760942322472,-0.620785787297249,-2764.54062052884,5748.00938644238,-2983.46876591354
0.0970050642324717,-1.53150075809206,2.05785616374287,-0.526355405650807,-3022.3106589663,5785.56466007253,-2763.25400110623
0.0971159403596185,-1.5830241089358,2.04201953954542,-0.458995430609621,-3199.92209447739,5803.29420788047,-2603.37211340308
0.0971643255276345,-1.60498070993484,2.03432881136426,-0.429348101429425,-3276.49763818651,5808.78940742837,-2532.29176924186
0.0972464933967615,-1.64150116085157,2.02019194382578,-0.378690782974207,-3405.13083069296,5814.99019246448,-2409.85936177152
0.0973286612658884,-1.67703934479881,2.0047065242683,-0.327667179469489,-3531.92984710121,5817.24712436645,-2285.31727726524
0.0974636183330766,-1.7332017714494,1.97637631106749,-0.243174539618085,-3735.9414272132,5812.39189861673,-2076.45047140353
0.0976595234260142,-1.80964844630892,1.92894058657712,-0.119292140268198,-4021.9722349175,5786.43282508999,-1764.46059017249
0.0978947281681603,-1.89311374592145,1.8623359681853,0.0307777777361451,-4348.17236543585,5725.8239563725,-1377.65159093665
0.0980189736469799,-1.9334329501315,1.82297583656951,0.110457113561992,-4512.48966352429,5680.90044920432,-1168.41078568003
0.0981432191257994,-1.97102924275026,1.78081916895262,0.190210073797638,-4670.82166687474,5627.14223331332,-956.320566438582
0.098267464604619,-2.00583963803909,1.73592845900085,0.26991117903824,-4822.90800745454,5564.62766162177,-741.719654167234
0.0983917100834385,-2.03780669630957,1.68836938904457,0.349437307264998,-4968.50317837054,5493.44797979092,-524.944801420377
0.0985856096479329,-2.08186886964357,1.60901182916911,0.472857040474459,-5182.10688609234,5365.35121132173,-183.244325229395
0.0988291718011333,-2.12692336725509,1.50084839180801,0.626074975447085,-5425.80605733713,5175.7188405061,250.087216831028
0.0991341453013646,-2.16676312232735,1.35301303947513,0.813750082852221,-5690.13120652665,4894.82701669791,795.304189828739
0.0993407206226927,-2.18312136561941,1.24551992560193,0.937601440017476,-5842.42272833839,4678.01812047143,1164.40460786697
0.0994820163011371,-2.18929456452485,1.16884720785056,1.02044735667429,-5933.64834573047,4517.90695423376,1415.74139149671
0.0995435310432737,-2.19070084179259,1.13471091790704,1.05598992388555,-5970.01139114976,4445.28865389402,1524.72273725574
0.0996496674452387,-2.19129228759369,1.07480787289879,1.11648441469489,-6027.87492448574,4315.996415494,1711.87850899174
0.0997558038472037,-2.18955913681893,1.01367720595509,1.17588193086384,-6079.51740932287,4181.7409317669,1897.77647755597
0.0999062273769997,-2.18311999286157,0.925078758867846,1.25804123399373,-6141.91470964446,3983.28202009625,2158.63268954821
0.100056650906796,-2.1720167319922,0.834338624340922,1.33767810765127,-6191.5255429231,3775.58241085064,2415.94313207246
0.100250747539266,-2.15082777539281,0.714439764558771,1.43638801083404,-6236.40926794836,3494.73778306181,2741.67148488655
0.100516907223856,-2.10932299011455,0.545661123867103,1.56366186624745,-6262.55732056545,3087.97955374931,3174.57776681614
0.100836552177069,-2.04078788108313,0.337769166459598,1.70301871462353,-6239.53965604093,2570.01442019539,3669.52523584554
0.101073310886003,-1.97715020289131,0.181057077099323,1.79609312579199,-6184.17737546771,2167.94759134211,4016.22978412559
0.101310069594937,-1.90292903910324,0.0230808628711485,1.87984817623209,-6096.37374372241,1752.9113053138,4343.46243840861
0.101402680437031,-1.87107054211696,-0.0389270878420292,1.90999762995899,-6053.24403728566,1587.37549481459,4465.86854247107
0.101495291279126,-1.83767547314422,-0.100937597961352,1.93861307110557,-6005.22706232743,1420.35698742376,4584.87007490367
0.101784093317705,-1.72407100119013,-0.293583157673535,2.01765415886367,-5824.70577746632,892.057364505262,4932.64841296106
0.101986243228986,-1.63623489589099,-0.427418645407289,2.06365354129828,-5670.93520389157,516.522318149639,5154.41288574193
0.102122497670788,-1.5733482448888,-0.516859715926313,2.09020796081511,-5554.84187315046,261.56971809066,5293.2721550598
0.102168612807889,-1.55141349192112,-0.546958110660511,2.09837160258163,-5513.31417041101,175.039998625735,5338.27417178528
0.102235397749348,-1.51908645398608,-0.59035867378551,2.10944512777159,-5451.20819652661,49.6060372794739,5401.60215924714
0.102342635454517,-1.46582128066661,-0.65953997652998,2.12536125719659,-5346.67977990398,-151.98124818285,5498.66102808683
0.102510847029763,-1.37903093358784,-0.766625225544545,2.14565615913239,-5171.04473287946,-468.119492708578,5639.16422558804
0.102749422148903,-1.24956858684782,-0.914987251255407,2.16455583810323,-4898.33356026034,-914.801266147056,5813.13482640739
0.102954127273338,-1.13292358440192,-1.0385424240918,2.17146600849372,-4643.07388724297,-1295.09350719485,5938.16739443782
0.103095214959552,-1.04977067156103,-1.12142813220452,2.17119880376555,-4456.19829530375,-1554.80353454037,6011.00182984412
0.10313222897189,-1.02760276341168,-1.1428447091652,2.17044747257689,-4405.73520112019,-1622.54753864453,6028.28273976472
0.103218254401815,-0.975562436121226,-1.19204447367888,2.16760690980011,-4286.25009650064,-1779.21436664152,6065.46446314216
0.103347361732649,-0.896158035065929,-1.26431797629465,2.16047601136058,-4101.28679751443,-2012.11302087784,6113.39981839228
0.103549369552042,-0.769068693372528,-1.37337023676219,2.14243893013472,-3798.97067160442,-2370.30264530747,6169.27331691189
0.103633621002166,-0.715085439233329,-1.41735650205523,2.13244194128856,-3668.3423999136,-2517.30890200592,6185.65130191951
0.103717872452291,-0.660598816342816,-1.46039994774336,2.12099876408618,-3535.21127068238,-2662.70420069958,6197.91547138196
0.10382650327767,-0.58966790497376,-1.5144548720242,2.10412277699796,-3360.02010953205,-2847.61558286566,6207.63569239771
0.10401404729517,-0.465661246175194,-1.60376129165101,2.06942253782621,-3048.79985519154,-3159.42221399548,6208.22206918702
0.104279701717759,-0.287364933892009,-1.7210525814729,2.00841751536492,-2590.7649434883,-3583.18421654349,6173.94916003178
0.104545356140349,-0.106930883129507,-1.82692198955847,1.93385287268799,-2115.02976894623,-3983.64739293168,6098.67716187792
0.104722947213027,0.0143763800407682,-1.8910201019069,1.87664372186614,-1788.43997851807,-4237.19667901925,6025.63665753732
0.104864179543385,0.110923276465083,-1.93799822158241,1.82707494511733,-1524.65485334486,-4430.0324451774,5954.68729852226
0.10492334870197,0.151348820986508,-1.95660514751207,1.80525632652556,-1413.18732450443,-4508.41250070206,5921.59982520649
0.10500309893334,0.205764463035231,-1.98065645680891,1.77489199377369,-1262.19181881751,-4611.70452137674,5873.89634019425
0.105132039796773,0.293490559757737,-2.0170125818417,1.72352202208396,-1016.44934044345,-4772.84532656571,5789.29466700916
0.105296876782339,0.404996285132293,-2.058862187636,1.65386590250371,-699.916198274094,-4967.95427058379,5667.87046885789
0.105524830695248,0.557487567474528,-2.10799174904766,1.55050418157314,-259.268566493736,-5216.72130951305,5475.98987600679
0.10580964223785,0.744188155566297,-2.15480232400471,1.41061416843841,293.037578852534,-5491.53553691816,5198.49795806562
0.106094453780452,0.925403769654747,-2.18513702748852,1.25973325783377,843.635041104094,-5724.54115642877,4880.90611532468
0.106318161765596,1.06306836537413,-2.19727162612166,1.13420326074753,1272.41289353407,-5877.13249355961,4604.71960002554
0.106496068406822,1.16911526040635,-2.19952662725181,1.03041136684546,1609.55002042791,-5978.77529762603,4369.22527719813
0.106580252864153,1.21814421192713,-2.19830590421936,0.980161692292228,1767.60284243187,-6020.68743569442,4253.08459326255
0.106660115577196,1.2639144099129,-2.1957900833404,0.931875673427502,1916.47897348533,-6056.72091096391,4140.24193747858
0.106787906980705,1.33557332887011,-2.18902197490763,0.853448646037521,2152.29553233763,-6106.77481934526,3954.47928700763
0.106965660195618,1.43183461768041,-2.17402076096902,0.742186143288609,2474.78561294508,-6160.7226342778,3685.93702133273
0.107147616524895,1.52601677964813,-2.15198014353002,0.625963363881895,2797.43234503293,-6196.93401235856,3399.50166732562
0.107193411517077,1.54900759213431,-2.14537207151007,0.596364479375758,2877.38138915194,-6203.00924296975,3325.6278538178
0.107299801401744,1.60123404233747,-2.12839546811716,0.527161425779698,3060.89812429143,-6212.37905624376,3151.48093195233
0.107406191286411,1.65177161896763,-2.10915989393164,0.457388274964007,3241.199279888,-6215.114684138,2973.91540424999
0.10746819242576,1.68042849673124,-2.09691486492151,0.416486368190267,3344.7329566814,-6213.64879102776,2868.91583434635
0.10759468354722,1.73700598605278,-2.06960276848478,0.332596782432004,3552.18000881977,-6203.67675231872,2651.49674349895
0.10772117466868,1.79099588570344,-2.03919414574828,0.248198260044842,3754.35224289392,-6184.35171422467,2429.99947133075
0.107911057556239,1.86698756120238,-1.98785894124552,0.120871380043141,4047.1939003862,-6137.87916855591,2090.68526816972
0.108173170817705,1.96149597191662,-1.90611693745324,-0.0553790344633789,4428.77767235405,-6039.65205120369,1610.87437884964
0.108277934339707,1.99583598881334,-1.86997568546091,-0.125860303352428,4573.68319894811,-5989.40527682133,1415.72207787322
0.108382697861709,2.02813536210414,-1.8319331715908,-0.196202190513335,4713.91134815833,-5932.98409392659,1219.07274576826
0.108677766190187,2.1077857823876,-1.71507353261017,-0.392712249777428,5082.13928522168,-5741.7061888813,659.566903659621
0.108972834518665,2.17039579381661,-1.58452842622106,-0.585867367595553,5409.2501565387,-5503.78853310237,94.5383765636648
0.109121482816458,2.1953659313582,-1.5138367138105,-0.681529217547696,5557.84244608756,-5366.71887387573,-191.123572211829
0.109270131114251,2.21583597671703,-1.44010925638607,-0.775726720330963,5695.01323207612,-5218.60629983533,-476.406932240795
0.109418779412043,2.23176856227476,-1.3635100832432,-0.868258479031563,5820.48596593056,-5059.77935016121,-760.706615769347
0.109567427709836,2.2431371473154,-1.2842066926888,-0.958930454626598,5934.01617438041,-4890.58577035459,-1043.43040402583
0.109764109913353,2.25113486077445,-1.17544995999432,-1.07568490078013,6065.47146313454,-4651.49330183233,-1413.97816130222
0.109913897000395,2.25183809876609,-1.08988858612413,-1.16194951264196,6151.05117490737,-4458.18847932444,-1692.86269558293
0.110012441788978,2.24976080283366,-1.03240740337192,-1.21735339946174,6200.40654224212,-4325.9440699149,-1874.46247232722
0.110133121771726,2.24447797662226,-0.960846053979056,-1.28363192264321,6253.24602289167,-4158.78401704433,-2094.46200584735
0.110253801754474,2.23619019987789,-0.888088606869984,-1.34810159300791,6297.66284175753,-3986.09899697022,-2311.56384478731
0.110433196342264,2.21835687446034,-0.777980358801141,-1.4403765156592,6348.00792590774,-3719.80289773508,-2628.20502817267
0.110697604549602,2.18020954232905,-0.612152880252299,-1.56805666207675,6387.85276206286,-3308.14757227418,-3079.70518978868
0.110962012756941,2.12818228397994,-0.443020370835031,-1.6851619131449,6386.70086998679,-2875.93472221135,-3510.76614777545
0.11122642096428,2.06266769600855,-0.271748991338264,-1.79091870467029,6344.68463355936,-2426.13270170814,-3918.55193185122
0.111430421901555,2.00317680218411,-0.13882840893198,-1.86434839325213,6284.54743490478,-2068.85015836617,-4215.69727653861
0.111583593907215,1.95355738187587,-0.0389569518845245,-1.91460042999134,6223.69635638599,-1795.71984862657,-4427.97650775942
0.111651436955192,1.93025406842237,0.0052338928326601,-1.93548796125503,6192.47920704691,-1673.58072993712,-4518.89847710979
0.111751491074773,1.89444781277647,0.0702702775215738,-1.96471809029804,6141.72760952246,-1492.38340059588,-4649.34420892659
0.111888923114706,1.84253137309037,0.159235680050785,-2.00176705314116,6062.95868665256,-1241.70948264129,-4821.24920401127
0.112091724193789,1.7603552348069,0.289399597576309,-2.04975483238322,5927.9343357704,-868.995025816638,-5058.93930995376
0.112302831195938,1.66807250346052,0.423021278522033,-2.09109378198256,5764.12858143707,-478.772972785098,-5285.35560865197
0.112422043167647,1.61304208216458,0.497463550145357,-2.11050563230994,5661.36475330675,-257.895552187191,-5403.46920111956
0.112477801592074,1.58661153299522,0.531987313576168,-2.11859884657139,5610.81502321201,-154.584124219986,-5456.23089899203
0.11258342550171,1.53539384153858,0.596796730406335,-2.13219057194492,5510.83054351549,40.9015204022098,-5551.7320639177
0.112689049411346,1.48271004930707,0.660787670774767,-2.14349772008184,5405.39245360248,235.959032377727,-5641.35148598021
0.112862055695462,1.39343234478698,0.763620140745886,-2.15705248553287,5221.28993943611,553.878708266662,-5775.16864770278
0.113110490150828,1.25925278956713,0.906433018412428,-2.16568580797956,4933.24813195914,1005.28313485382,-5938.53126681296
0.113188513208959,1.21570866407727,0.950051487846055,-2.16576015192333,4837.13572212038,1145.6388171304,-5982.77453925078
0.113296311729179,1.15457202565707,1.00921447224102,-2.1637864978981,4700.18354169906,1338.03082843857,-6038.21437013763
0.113336074582513,1.1317415260722,1.03070915649582,-2.16245068256803,4648.46210288486,1408.53120037293,-6056.9933032578
0.1134110794604,1.08829413451045,1.07074719071514,-2.1590413252256,4549.19605556329,1540.74877521918,-6089.94483078247
0.11355625285627,1.00287229336592,1.14627752005655,-2.14914981342248,4350.95138765606,1793.54497910781,-6144.49636676387
0.113701426252139,0.915825143219789,1.21911036106456,-2.13493550428435,4144.94584603199,2041.8752020525,-6186.82104808449
0.113833959570675,0.835087018440884,1.28312388401167,-2.11821090245256,3950.45765978649,2264.26876460208,-6214.72642438857
0.113912932274341,0.786453876844271,1.32010143299128,-2.10655530983556,3831.78214559756,2394.68489108065,-6226.46703667821
0.114012893221429,0.72441032040279,1.36560033225927,-2.09001065266207,3678.76866009092,2557.31115160515,-6236.07981169607
0.114082210939846,0.681091386712771,1.39627780227918,-2.07736918899196,3570.88466094062,2668.41667823735,-6239.30133917797
0.114187643676055,0.614806773413935,1.44151999185731,-2.05632676527125,3404.17046734701,2834.62317869297,-6238.79364603999
0.114324940901589,0.527881953163829,1.49779762013516,-2.02567957329899,3182.60809851087,3045.75778797648,-6228.36588648735
0.114528969948296,0.397797722294322,1.5756924493972,-1.97349017169153,2844.96163510815,3347.59157147152,-6192.55320657967
0.114662407386891,0.312291985830641,1.62283454886049,-1.93512653469113,2619.12583721042,3536.92552794449,-6156.0513651549
0.114695494812593,0.291055713439779,1.63404814250843,-1.92510385594821,2562.56226701778,3582.84441051074,-6145.40667752851
0.114783577382261,0.234511203062313,1.66294872241338,-1.8974599254757,2411.035613752,3702.97432872195,-6114.00994247395
0.114871659951928,0.177974976436127,1.6904544402906,-1.86842941672674,2258.19738323269,3819.98498172664,-6078.18236495932
0.115021625241266,0.0818810598821774,1.73400831494066,-1.81588937482285,1995.35628728969,4011.74103505871,-6007.0973223484
0.115171590530605,-0.0138489832268454,1.77336492364382,-1.75951594041698,1729.64859648553,4193.78958705848,-5923.43818354401
0.115364847891122,-0.13629777849307,1.81774060338109,-1.68144282488803,1384.07278025788,4413.37544406024,-5797.44822431811
0.115628104822443,-0.300623665956112,1.86641819939648,-1.56579453344038,909.918854452751,4683.89841429194,-5593.81726874469
0.11594574315256,-0.493627743344277,1.90667672802973,-1.41304898468546,336.869040169337,4964.11622117439,-5300.98526134373
0.116175173686172,-0.628615846125098,1.92301452757555,-1.29439868145046,-75.199771543229,5133.90180450547,-5058.70203296224
0.116404604219783,-0.758975026401709,1.92852920902489,-1.16955418262319,-482.918464530049,5275.1357733756,-4792.21730884555
0.116509140592334,-0.81669371624645,1.92744208168629,-1.11074836543986,-666.80355135592,5329.85520446532,-4663.0516531094
0.116613676964885,-0.873235082718235,1.92409796278121,-1.05086288006298,-849.10653064588,5378.41337056266,-4529.30683991678
0.116718213337436,-0.928539162219272,1.91850082939369,-0.989961667174432,-1029.63272076253,5420.76183260735,-4391.12911184482
0.116878247728215,-1.0106515825446,1.90558458171742,-0.894932999172837,-1302.04705503181,5473.45502313559,-4171.40796810379
0.117126112293925,-1.13126609625391,1.87528221709831,-0.744016120844412,-1712.9640780829,5525.83680319656,-3812.87272511366
0.117368520234977,-1.24097521621224,1.83368690768351,-0.592711691471278,-2100.05961183682,5542.5170861641,-3442.45747432728
0.117554529295128,-1.3192526487114,1.79387932580952,-0.474626677098137,-2385.86809837665,5532.07593064284,-3146.20783226619
0.117677268604016,-1.367943354119,1.7639256238486,-0.395982269729611,-2568.57397837477,5514.13086758984,-2945.55688921508
0.117712730508926,-1.38155974518759,1.75473204379977,-0.373172298612185,-2620.44238419862,5507.31093364992,-2886.86854945131
0.117761735523711,-1.40003305456523,1.74163559232006,-0.341602537754851,-2691.40292495597,5496.68355850583,-2805.28063354985
0.117885123849977,-1.44475411177356,1.70666930828051,-0.261915196506964,-2866.27846613846,5463.76769065472,-2597.48922451626
0.118073161755437,-1.50784854282631,1.64800182278358,-0.140153279957283,-3121.84738597681,5396.76490987615,-2274.91752389935
0.118148879094309,-1.53150835313253,1.62256252422551,-0.0910541710929961,-3220.94186990966,5364.06338138393,-2143.12151147427
0.118224596433182,-1.55413531404929,1.59610908416772,-0.0419737701184404,-3317.72233405209,5328.11043968508,-2010.38810563299
0.118453547296099,-1.61608993601047,1.51016510351854,0.105924832491918,-3595.51411658027,5199.93329440032,-1604.41917782005
0.118553361033588,-1.64004041358421,1.46992349430805,0.170116919276152,-3709.54740937594,5134.93871960438,-1425.39131022844
0.118653174771078,-1.66208487414172,1.42806789910674,0.234016975034959,-3819.06407378671,5064.51821556603,-1245.45414177932
0.11877379108435,-1.68614501518493,1.37539893339498,0.310746081789935,-3945.20537694627,4972.28857379577,-1027.0831968495
0.118951384261183,-1.71635737224503,1.29385255942096,0.422504812824061,-4118.18304659747,4822.58249237274,-704.39944577527
0.119183460706397,-1.74633916186868,1.18049739152015,0.565841770348512,-4320.53063708861,4602.70953568378,-282.178898595178
0.119415537151612,-1.7654211329443,1.0599558182865,0.705465314657779,-4495.10896864418,4356.37534789012,138.733620754054
0.119647613596826,-1.77348760788323,0.932860690609066,0.840626917274152,-4640.94460615503,4084.87634061883,556.068265536202
0.119680967859213,-1.77373896667763,0.914073804062365,0.859665162615247,-4659.51599897755,4043.82507077405,615.690928203503
0.119752312665243,-1.77350601696072,0.873498565087238,0.900007451873471,-4697.16218996354,3954.40638138786,742.755808575679
0.119858478272021,-1.77121724475555,0.812162679345866,0.959054565409673,-4747.92106776785,3817.34609234958,930.574975418272
0.120011149771303,-1.76385919928094,0.722072266558104,1.04178693272282,-4809.78772713134,3612.13682186548,1197.65090526586
0.120163821270584,-1.75171650201797,0.629919741577655,1.1217967604403,-4858.41320430071,3397.73668131395,1460.67652298676
0.120362392448638,-1.72881017763426,0.507354874638725,1.22145530299552,-4901.63421019826,3106.0150619958,1795.61914820246
0.120617885799621,-1.68764290539115,0.345885495208402,1.34175741018274,-4923.68385365528,2711.04089003984,2212.64296361545
0.120873379150605,-1.63353667573365,0.181055791308032,1.45248088442561,-4907.82903303488,2296.15435513077,2611.67467790411
0.121128872501588,-1.5668198313957,0.0139174457531268,1.55290238564256,-4854.10706133243,1864.00718874982,2990.09987258261
0.121310885636874,-1.51179267027681,-0.106040028835548,1.61783269911234,-4792.84959268249,1546.9553205761,3245.8942721064
0.121444874312719,-1.46741340931374,-0.194542132579791,1.66195554189352,-4735.63201993537,1309.39542785056,3426.23659208481
0.121507379584315,-1.44560971371277,-0.235837131227015,1.68144684493977,-4705.4471503073,1197.49382287381,3507.95332743349
0.121593550610138,-1.41443065943618,-0.29272067952059,1.70715133895676,-4660.22631864665,1042.24843775685,3617.9778808898
0.121748633813486,-1.35512060613328,-0.394825068026069,1.74994567415934,-4568.41822361205,760.371842665465,3808.04638094658
0.121982699653759,-1.2581029957305,-0.547798000016683,1.80590099574717,-4404.92650998938,330.232351376191,4074.69415861319
0.122087532859875,-1.21178769038079,-0.615769490863736,1.82755718124451,-4322.08105099722,136.028975934417,4186.0520750628
0.122192366065991,-1.16379066491732,-0.683266103615717,1.84705676853303,-4233.43328332656,-58.7390578003472,4292.17234112691
0.122297199272107,-1.11416337197661,-0.750214134887706,1.8643775068643,-4139.07615140972,-253.858549410534,4392.93470082026
0.122465377087841,-1.03129851788279,-0.85625920773008,1.88755772561286,-3976.0727479826,-566.996153101949,4543.06890108455
0.12271312980153,-0.902380163240054,-1.00886917965261,1.91124934289266,-3710.7380685779,-1026.86773767186,4737.60580624976
0.122930984411321,-0.782731038572528,-1.13897783983611,1.92170887840862,-3453.53599184658,-1428.22661349714,4881.76260534373
0.123085604311448,-0.694528906614669,-1.2286782719918,1.92320717860646,-3258.02963998029,-1710.37861106073,4968.40825104102
0.123158462073213,-0.65208688874982,-1.2701163434629,1.92220323221271,-3162.31279262201,-1842.3366432611,5004.64943588311
0.123209552349719,-0.622011177962428,-1.2988341304743,1.92084530843672,-3093.86928939205,-1934.41732058959,5028.28660998164
0.12331765400055,-0.557569440399563,-1.35862822857537,1.91619766897492,-2945.56389562862,-2127.8717824231,5073.43567805172
0.123465274071807,-0.46791040100342,-1.43805713054887,1.90596753155229,-2735.64081518913,-2388.70668360176,5124.34749879089
0.123682782059984,-0.332705784649478,-1.55006693925994,1.88277272390941,-2411.68821333111,-2764.86146129264,5176.54967462375
0.123959345471965,-0.1563402774089,-1.68313036162392,1.83947063903282,-1976.7032888645,-3226.66610617459,5203.36939503909
0.124157392399558,-0.0275085915753164,-1.77158131056659,1.7990899021419,-1650.62388487206,-3544.63667195402,5195.26055682608
0.124295980127249,0.0635961984365613,-1.82986261669542,1.76626641825886,-1415.96407399244,-3760.0382733901,5176.00234738253
0.124334592993324,0.0890948811935154,-1.84555402323784,1.75645914204432,-1349.69466137317,-3818.95013489468,5168.64479626785
0.124409226703482,0.138482607291287,-1.87518239443706,1.73669978714577,-1220.60976370864,-3931.36090413558,5151.97066784422
0.1245264661705,0.216285265356474,-1.91982966119926,1.70354439584278,-1015.32091290495,-4103.94976351916,5119.27067642411
0.124707201539539,0.336530941953969,-1.98399566804387,1.6474647260899,-693.425345205892,-4359.96055591378,5053.38590111967
0.1247799113501,0.384974518065733,-2.00819530869157,1.62322079062583,-562.166349051328,-4459.43715710872,5021.60350616005
0.12490155970181,0.46597015291488,-2.04653826501954,1.58056811210465,-340.683748868043,-4621.05689439715,4961.74064326519
0.125155872803916,0.634536728650164,-2.11777766252462,1.48324093387446,128.435295651042,-4938.42146922127,4809.98617357022
0.125410185906021,0.801367933978789,-2.17666996638864,1.37530203240985,603.819342635459,-5226.73766837029,4622.91832573483
0.125664499008126,0.965434685577816,-2.22285167093083,1.25741698535301,1082.54341114644,-5484.21349621223,4401.67008506579
0.125918812110231,1.12569948708081,-2.25602719616578,1.13032770908497,1561.59178924508,-5709.19773589715,4147.60594665207
0.126084590750794,1.22771253893425,-2.27055880529142,1.04284626635717,1872.82257077929,-5837.76009335435,3964.93752257506
0.126200736270063,1.29783146006669,-2.27736917438741,0.979537714320722,2089.79075669931,-5919.05397923848,3829.26322253917
0.126259299767088,1.33272988341335,-2.27974556214195,0.9470156787286,2198.74682256056,-5957.25801673064,3758.51119417008
0.126346288595392,1.383956939512,-2.28196359349016,0.898006653978164,2359.89900856779,-6010.50794828023,3650.60893971244
0.126480447077519,1.46145189437438,-2.28230896428172,0.820857069907347,2606.56931947508,-6084.3587887489,3477.78946927382
0.126612711542352,1.53596041768977,-2.2789979327415,0.743037515051735,2847.2241902796,-6147.24845961604,3300.02426933644
0.126682834219707,1.57466684669286,-2.27577309399162,0.701106247298765,2973.68385399458,-6176.56626652341,3202.88241252883
0.126718026297592,1.59387500979296,-2.27377142197375,0.679896412180795,3036.82436197867,-6190.22086293645,3153.39650095778
0.126800456586705,1.63827379118887,-2.26808288841233,0.629809097223463,3183.78829007953,-6219.41625941969,3035.62796934016
0.126942294690689,1.71265388939722,-2.25502519708436,0.542371307687147,3433.37487732987,-6260.46398473651,2827.08910740664
0.127165489755332,1.82421183359597,-2.22617155491488,0.401959721318916,3816.60419359288,-6301.3750362499,2484.77084265702
0.127324791480308,1.89954913491859,-2.19941739611739,0.299868261198802,4082.37859292317,-6312.80186681039,2230.42327388722
0.127436189804032,1.94999339169467,-2.17769757369134,0.227704181996667,4263.98598868553,-6311.96669113518,2047.98070244965
0.127547588127755,1.99851159900251,-2.15353369803233,0.15502209902982,4441.79921901469,-6303.86209171935,1862.06287270465
0.127658986451478,2.0450452111967,-2.1269554066075,0.0819101954108012,4615.60360978905,-6288.49797230838,1672.89436251933
0.127831839720599,2.11317115919333,-2.0810248398636,-0.0321463193297263,4876.79270780148,-6250.34624180323,1373.55353400175
0.128085775569434,2.2038826325535,-2.00348346203801,-0.200399170515487,5240.30719762727,-6163.00702560146,922.699827974194
0.128147936069505,2.22436920538593,-1.98269416456312,-0.241675040822799,5325.55110346662,-6135.97168808862,810.420584622007
0.128244337638381,2.25474124222017,-1.94910289528491,-0.305638346935254,5454.58732162261,-6089.70730510108,635.119983478461
0.128383928495884,2.29565941752396,-1.89760803476698,-0.398051382756969,5634.41934222988,-6013.45183292474,379.032490694859
0.128523519353388,2.33289838995857,-1.84281487912569,-0.49008351083288,5805.69422737962,-5926.35621297672,120.661985597099
0.128709287857999,2.37662067864283,-1.76497962638567,-0.611641052257151,6019.75656120923,-5793.95928370908,-225.797277500155
0.128793231725204,2.39417072624033,-1.72800404798302,-0.666166678257297,6111.18614213112,-5728.01858012781,-383.167562003307
0.128913742203799,2.41691510934218,-1.67305571455029,-0.743859394791876,6236.42659701914,-5626.86852625398,-609.558070765157
0.129034252682394,2.43674656189777,-1.6159703979327,-0.820776163965058,6354.43815820159,-5518.19011038664,-836.248047814955
0.129221716963519,2.46173413955739,-1.52314451508061,-0.938589624476766,6523.20790598332,-5334.59847165951,-1188.60943432381
0.129491026991514,2.48500556521893,-1.38182360455177,-1.10318196066715,6733.11367066855,-5041.12341431815,-1691.9902563504
0.12970159781197,2.49276660963128,-1.26523784155282,-1.22752876807845,6869.85793143795,-4788.18887540192,-2081.66905603604
0.129864317959755,2.49246120985881,-1.17183521313861,-1.32062599672018,6958.63431988434,-4579.36822940325,-2379.26609048109
0.12990836179639,2.49143240670099,-1.14608507726022,-1.34534732944075,6980.09994930414,-4520.9024788824,-2459.19747042174
0.129996716411981,2.48815436901269,-1.0938856951985,-1.39426867381418,7019.81450702974,-4401.25117224917,-2618.56333478057
0.130129247469647,2.48020614256129,-1.01429663626359,-1.46590950629768,7070.96994681359,-4216.01649146675,-2854.95345534684
0.130327339750265,2.46158071318955,-0.89272960234738,-1.56885111084216,7128.45522071273,-3926.92856894488,-3201.52665176785
0.130529584650842,2.43429393055842,-0.765777698766597,-1.66851623179181,7163.53618726678,-3617.59779617317,-3545.9383910936
0.130604981959968,2.42199622829217,-0.717782036231769,-1.70421419206039,7170.48862896832,-3498.76969485593,-3671.71893411239
0.130680705979757,2.408498083253,-0.66927720922691,-1.73922087402607,7174.10663809216,-3377.66371841136,-3796.44291968081
0.130808497196106,2.38313752992309,-0.586823525505632,-1.79631400441745,7172.56568972653,-3169.49884526589,-4003.06684446063
0.130936288412456,2.35456669916953,-0.503715298505038,-1.85085140066448,7161.4303673804,-2956.82057268071,-4204.6097946997
0.131064079628806,2.32283139912242,-0.42008324661957,-1.90274815250284,7140.72168419012,-2739.96375023049,-4400.75793395964
0.13126827527146,2.26570802670229,-0.285754263657095,-1.97995376304518,7087.88201977316,-2385.80240756011,-4702.07961221305
0.131451419943496,2.20790420663285,-0.16486767904823,-2.0430365275846,7019.9688918815,-2060.99810605886,-4958.97078582264
0.131565871003595,2.16870240326961,-0.0892885093836152,-2.07941389388598,6967.75997317763,-1855.01383222935,-5112.74614094827
0.131623708476955,2.14801129380601,-0.0511255280024531,-2.09688576580354,6938.54297177149,-1750.15044743621,-5188.39252433528
0.131723455265425,2.11097452359726,0.0145749254509348,-2.12554944904818,6883.73678883811,-1568.2722113801,-5315.46457745801
0.131878968301121,2.04989456078071,0.116579559797969,-2.16647412057866,6787.25744848761,-1282.48631046276,-5504.77113802484
0.131986617505331,2.00527954452692,0.186807314678605,-2.19208685920552,6712.67509852675,-1083.28855133102,-5629.38654719573
0.132094266709541,1.95881991493786,0.256619485729303,-2.21543940066715,6631.82167033223,-883.260830682348,-5748.56083964988
0.13220191591375,1.91056955886499,0.325935448307978,-2.23650500717296,6544.79144442931,-682.634080415883,-5862.15736401343
0.132384591196996,1.82478122812726,0.442160809859205,-2.26694203798646,6383.31919856434,-341.57933373109,-6041.73986483325
0.132415446004448,1.80980854919804,0.461613757375862,-2.2714223065739,6354.33886645089,-283.910954161136,-6070.42791228976
0.132512293129908,1.76196289042843,0.522263358887783,-2.2842262493162,6260.27859577915,-103.004895368946,-6157.2737004102
0.132616599830285,1.70902046851784,0.586853903314172,-2.295874371832,6153.77946032748,91.5510638152277,-6245.33052414271
0.132750084620515,1.63922410814425,0.668298250096419,-2.30752235824066,6009.81793211671,339.77073105853,-6349.58866317524
0.132921581373849,1.54637358683104,0.770717014986605,-2.31709060181763,5812.61919183958,656.757704226568,-6469.37689606615
0.133167680934873,1.40743218673222,0.912744397151539,-2.32017658388375,5506.76729509935,1106.04574004337,-6612.81303514272
0.133249898861977,1.35957388371716,0.958836721663555,-2.31841060538071,5398.70415142607,1254.49327065071,-6653.19742207679
0.13333211678908,1.31107421806643,1.00416927782684,-2.31524349589326,5287.87077700128,1401.857957327,-6689.72873432829
0.133414334716184,1.26196458634152,1.04871318598371,-2.31067777232523,5174.33928311399,1548.0454645313,-6722.38474764528
0.133512863297678,1.20235628006067,1.10101277055383,-2.3033690506145,5034.84133930698,1721.54425664387,-6756.38559595086
0.133611391879173,1.14197372256056,1.15209027708186,-2.29406399964242,4891.70703889515,1893.05612622396,-6784.76316511911
0.133719338048116,1.07500120610337,1.2065879484726,-2.28158915457597,4730.88480848329,2078.48197470778,-6809.36678319108
0.133852973835071,0.991022719929956,1.27184272763891,-2.26286544756886,4526.27069614864,2304.12103718992,-6830.39173333856
0.133925171150671,0.945194623759548,1.30605285712339,-2.25124748088293,4413.26718375343,2424.13256056388,-6837.39974431731
0.134034065463446,0.87555237203885,1.35620004626014,-2.23175241829899,4239.77774285219,2602.40401609582,-6842.18175894801
0.134176038881209,0.783934794554247,1.41887466299,-2.20280945754424,4008.38386118745,2829.5782798464,-6837.96214103385
0.134397561919161,0.639571689518261,1.5102551290191,-2.14982681853736,3636.70553423439,3171.09605934453,-6807.80159357891
0.134591998852536,0.511834294677539,1.58378205809789,-2.09561635277543,3300.80924194577,3456.94412788936,-6757.75336983514
0.134713095390501,0.431987436495549,1.62630551029822,-2.05829294679377,3087.55095482869,3627.96072548775,-6715.51168031644
0.134738775395694,0.415039032271593,1.63499328580824,-2.05003231807983,3041.96012729983,3663.50657756851,-6705.46670486834
0.134819604620948,0.361696974752635,1.66156423026925,-2.02326120502188,2897.73068681302,3773.65846283014,-6671.38914964316
0.134927995979906,0.290214601169045,1.69533239247459,-1.98554699364364,2702.68948040822,3917.16963361409,-6619.85911402231
0.135077312773778,0.191974518501369,1.7382911396206,-1.93026565812196,2431.33307544465,4106.70940756699,-6538.04248301164
0.135189405805315,0.118491609593814,1.76779176989159,-1.8862833794854,2225.837655863,4242.61492349309,-6468.45257935609
0.135301498836853,0.0453482643378349,1.79489010293399,-1.84023836727183,2019.12022198907,4372.8398830118,-6391.96010500087
0.13541359186839,-0.0273639413915519,1.81955243946326,-1.7921884980717,1811.43989936214,4497.22167519573,-6308.66157455787
0.135481866585194,-0.0714092341161083,1.83336944459823,-1.76196021048212,1684.56252177431,4570.0633692091,-6254.62589098341
0.135588455586146,-0.139728681785235,1.8530933931873,-1.71336471140207,1486.12420142656,4679.24107804121,-6165.36527946777
0.135717173682105,-0.221421027169806,1.87388630291287,-1.65246527574306,1246.16841156356,4803.56436842927,-6049.73277999283
0.135845891778064,-0.302109828660517,1.89134028327895,-1.58923045461843,1006.20601253913,4919.48528766343,-5925.69130020256
0.135974609874023,-0.381664267662911,1.90542762780204,-1.52376336013913,766.62674217999,5026.81716832737,-5793.44391050736
0.136060627272419,-0.434139855269439,1.91295510228855,-1.47881524701911,606.905046488946,5093.67992414898,-5700.58497063792
0.136146644670815,-0.486011868185116,1.91896321963716,-1.43295135145204,447.647866635091,5156.57835593311,-5604.22622256821
0.136269989778661,-0.559255595587576,1.92491824286231,-1.36566264727474,220.353115247646,5239.75311128381,-5460.10622653145
0.136468897068164,-0.67426831439177,1.9279026310849,-1.25363431669313,-142.661456109774,5356.16810428538,-5213.50664817561
0.13657097542754,-0.731736620148838,1.92626098283977,-1.19452436269093,-327.049837024396,5407.35196868154,-5080.30213165714
0.136673053786915,-0.78805041810912,1.92246783430331,-1.13441741619419,-509.826427511106,5452.63580898968,-4942.80938147857
0.136775132146291,-0.843151251517805,1.91652745427809,-1.07337620276029,-690.801106429139,5491.97303481992,-4801.17192839078
0.136877210505667,-0.896983219806723,1.90844634418284,-1.01146312437612,-869.789781594818,5525.32468318398,-4655.53490158916
0.137045529221832,-0.982805545985904,1.89047517445284,-0.907669628466935,-1160.01881404268,5567.15085563579,-4407.13204159312
0.137284809013215,-1.09809264737502,1.85507588143366,-0.756983234058648,-1560.67903511093,5598.24152041698,-4037.56248530605
0.137524088804598,-1.20498504366653,1.80828587929361,-0.603300835627077,-1945.55280637929,5595.93269680206,-3650.37989042277
0.137763368595982,-1.30288942365735,1.75037220978385,-0.447482786126499,-2312.49792399947,5560.25052726132,-3247.75260326185
0.137886831846018,-1.34974822048934,1.71621920560663,-0.3664709851173,-2494.28997929922,5528.82321958427,-3034.53324028505
0.138010295096054,-1.39399020579492,1.6792430487503,-0.285252842955383,-2670.46104719495,5488.5978775089,-2818.13683031395
0.138108418138234,-1.42724556649198,1.64787678929413,-0.220631222802149,-2806.30512745978,5450.39133993788,-2644.08621247809
0.138206541180414,-1.4587764160824,1.61479252704423,-0.156016110961835,-2938.30814825818,5406.7038112871,-2468.39566302892
0.138304664222594,-1.48855357444858,1.58002189901374,-0.0914683245651688,-3066.34704987785,5357.57794075952,-2291.23089088167
0.138402787264774,-1.51654934822718,1.54359812495842,-0.0270487767312468,-3190.30198885678,5303.06130022375,-2112.75931136698
0.138564949382839,-1.55883038580953,1.47989063434095,0.0789397514685819,-3385.83983337642,5201.32174149745,-1815.48190812103
0.138797350436227,-1.61058210880335,1.38126830933934,0.229313799464005,-3644.96313458954,5030.74235592761,-1385.77922133807
0.13898796806087,-1.64512271942647,1.29420927727269,0.350913442153772,-3838.26113351776,4869.52033989107,-1031.25920637332
0.139102894900464,-1.66245116406612,1.23915966406683,0.423291499999287,-3946.13369074365,4763.26262260928,-817.128931865632
0.139168216765577,-1.67111416407673,1.20705008371021,0.464064080366516,-4004.45851626343,4699.9024842637,-695.443968000267
0.139266699601498,-1.68253662180129,1.15756527057831,0.52497135122298,-4088.20904866037,4600.41171324681,-512.202664586443
0.139365182437419,-1.69198196733485,1.1068242288713,0.585157738463547,-4166.87281439537,4496.22615032969,-329.353335934319
0.139532758726462,-1.70348341920331,1.01776076624232,0.685722652960982,-4288.79636453973,4308.49779038189,-19.7014258421605
0.1397732700284,-1.70988943528991,0.884390005179484,0.825499430110426,-4436.97626984063,4017.03924235973,419.937027480895
0.139879813931536,-1.70891824530314,0.823315802227218,0.885602443075914,-4492.41291607437,3879.83733794837,612.575578125994
0.139986357834672,-1.7056067532882,0.761148515621866,0.944458237666327,-4541.45174164683,3737.95542227097,803.496319375856
0.140092901737809,-1.69995936555363,0.697958703646946,1.00200066190668,-4584.03894441035,3591.55448916747,992.484455242874
0.140199445640945,-1.6919831155441,0.633816588475009,1.05816652706909,-4620.12978116675,3440.79762734334,1179.33215382341
0.140364593323489,-1.67504449853845,0.532707043990631,1.14233745454781,-4663.1362427977,3198.97273540891,1464.16350738879
0.140598470044047,-1.64163790454565,0.386504842290663,1.25513306225498,-4696.98147245554,2840.76449517853,1856.21697727701
0.140879628064171,-1.58711797571444,0.207062501415398,1.38005547429903,-4695.55662689875,2388.17289575976,2307.38373113899
0.141160786084295,-1.51731946330904,0.0248424428443619,1.49247702046467,-4648.23639396686,1914.74686728818,2733.48952667869
0.141344357583485,-1.46371827983258,-0.0950561454408631,1.55877442527344,-4592.70083420117,1595.87613445497,2996.8246997462
0.141527929082674,-1.40401453581468,-0.215124688206996,1.61913922402168,-4517.9204284561,1270.76441196267,3247.15601649344
0.141538123640989,-1.40052151306715,-0.221794416454546,1.62231592952169,-4513.20499933398,1252.5350632386,3260.66993609539
0.141566744136844,-1.39061910714887,-0.240512528706139,1.631131635855,-4499.65487515656,1201.2799899727,3298.37488518385
0.141600858017404,-1.3786310858625,-0.262810887320553,1.64144197318304,-4482.90343612706,1140.03700161806,3342.866434509
0.141634971897963,-1.36644230527845,-0.28509531792422,1.65153762320267,-4465.49987246121,1078.63197885471,3386.8678936065
0.14177691609563,-1.31361471119571,-0.377591851243532,1.69120656243924,-4386.15267891311,821.606987304012,3564.54569160909
0.141918860293296,-1.2574435317792,-0.469620783627939,1.72706431540714,-4295.72291106059,562.408433651229,3733.31447740936
0.142115013984417,-1.17454849297957,-0.595656286229999,1.77020477920957,-4152.90367739972,201.689428481556,3951.21424891816
0.142178238756503,-1.14654730602199,-0.635966141361552,1.78251344738354,-4102.49117639344,84.8880300339193,4017.60314635952
0.142261692002079,-1.1086780853048,-0.688867201665868,1.79754528697066,-4032.76455387576,-69.4775351962516,4102.24208907202
0.142345145247656,-1.06979552043171,-0.741391412397372,1.81118693282908,-3959.45369870544,-223.979235351935,4183.43293405738
0.142498137566633,-0.995989674529779,-0.836560877241812,1.83255055177159,-3815.95610571224,-507.15437000514,4323.11047571738
0.142731138895635,-0.877668925343314,-0.978268378894629,1.85593730423794,-3575.51368260923,-936.920988895193,4512.43467150442
0.142899666388756,-0.787869435657335,-1.07805917960342,1.86592861526075,-3385.60289486053,-1245.80914214567,4631.4120370062
0.142982005689326,-0.74278562247939,-1.1258995089898,1.86868513146919,-3288.09399712834,-1395.85322460383,4683.94722173217
0.143055331434117,-0.702014341328541,-1.16794703301706,1.86996137434559,-3198.74659091825,-1528.83521584753,4727.58180676578
0.143148320234272,-0.649505094793866,-1.22047728078714,1.86998237558101,-3082.12158184774,-1696.48893458951,4778.61051643725
0.143207013226367,-0.615912308833316,-1.25316388039828,1.8690761892316,-3006.62969007994,-1801.69759655431,4808.32728663425
0.143325031863801,-0.547383234395594,-1.31771938106317,1.86510261545876,-2850.59177447353,-2011.59157616316,4862.18335063669
0.143443050501234,-0.477607948844659,-1.38065240560699,1.85826035445164,-2689.0388000908,-2219.07715147585,4908.11595156664
0.143619112503329,-0.371437935922335,-1.47130920287533,1.84274713879766,-2438.33817466365,-2523.4320101815,4961.77018484515
0.143878905487503,-0.210898414932694,-1.59746882709822,1.80836724203091,-2048.81543992858,-2959.3492767952,5008.16471672378
0.14398990897716,-0.141016174055873,-1.64851189486829,1.78952806892416,-1875.55351867557,-3140.48510952989,5016.03862820546
0.144098530981671,-0.0720496680950028,-1.69667694223434,1.76872661032934,-1702.44829800011,-3314.33357055056,5016.78186855067
0.144207152986182,-0.00258873210713044,-1.74302075124703,1.74560948335416,-1526.02915382077,-3484.60999642261,5010.63915024338
0.144315774990693,0.0672863686323974,-1.78749009093202,1.72020372229962,-1346.50062208738,-3651.11911941798,4997.61974150535
0.144488485771552,0.179006364960196,-1.8541896968724,1.6751833319122,-1055.25411537767,-3907.56189657792,4962.81601195559
0.144738623633675,0.341531429323705,-1.94170857089667,1.60017714157297,-622.475710553436,-4259.49248378251,4881.96819433594
0.144845244550745,0.410950798029433,-1.97568488081517,1.56473408278574,-434.368982921158,-4402.24710194704,4836.6160848682
0.144919650527488,0.459363233938247,-1.99817312007432,1.53880988613607,-302.031928143606,-4499.1225012246,4801.1544293682
0.145112610562743,0.584496043586256,-2.05167699666545,1.4671809530792,44.4380814462597,-4739.25646826031,4694.81838681405
0.145150329814875,0.608884698000851,-2.06132308270915,1.45243838470831,112.712874707622,-4784.32273265928,4671.60985795166
0.145235547544526,0.66383636745529,-2.08211183465652,1.41827546720123,267.450473702257,-4883.76512573847,4616.31465203622
0.145320765274178,0.71855845127079,-2.10149978346075,1.38294133218996,422.796656680515,-4979.87484945808,4557.07819277757
0.145468467794831,0.812725581454657,-2.13173864783374,1.31901306637909,693.103687854467,-5138.32899961126,4445.2253117568
0.145699430932345,0.957798813028652,-2.17033275623895,1.2125339432103,1117.1647008114,-5364.72001089908,4247.55531008769
0.145873198879794,1.0648979859977,-2.19230451553341,1.12740652953572,1436.44693445858,-5517.394018607,4080.94708414842
0.145939829758831,1.10543410833186,-2.1991049321309,1.09367082379905,1558.73891948525,-5571.81877784858,4013.07985836333
0.145984550329931,1.13245312261943,-2.20315931197251,1.07070618935309,1640.7080623452,-5607.03420196432,3966.32613961912
0.146097729280193,1.20010798257212,-2.21158348780839,1.01147550523627,1847.60487975372,-5691.38169659159,3843.77681683787
0.146244948689719,1.28645330857625,-2.21859051608875,0.932137207512507,2115.23109398977,-5790.73205485642,3675.50096086665
0.146337503976225,1.3397241680154,-2.22070416608903,0.880979998073636,2282.45054712747,-5847.12994937949,3564.67940225201
0.146485487193504,1.42309872115702,-2.22039910063591,0.797300379478896,2547.61201731454,-5927.39421021666,3379.78219290212
0.146550473687061,1.45899319971297,-2.21883257479852,0.759839375085554,2663.1378875317,-5958.77008063987,3295.63219310817
0.146646908543649,1.51138464887782,-2.21489783016892,0.703513181291101,2833.33013412756,-6000.91519687979,3167.58506275223
0.146789823272051,1.58701213330442,-2.20553662637837,0.618524493073959,3082.51290575941,-6053.60034747493,2971.08744171552
0.146932738000453,1.66011300817404,-2.19197539704509,0.531862388871057,3327.67166342349,-6094.53504355787,2766.86338013439
0.147122183009346,1.75284178433319,-2.16757592803764,0.414734143704463,3645.51521593308,-6130.53594260653,2485.02072667345
0.147374045998999,1.86821786517628,-2.12394869687785,0.255730831701584,4053.63246825869,-6145.98949868643,2092.35703042774
0.147516608508992,1.92935613979165,-2.09365556121106,0.16429942141942,4276.73126317034,-6138.31167234281,1861.58040917248
0.147622633582997,1.9727564797321,-2.0685491776052,0.0957926978731155,4438.53291541245,-6124.89487100007,1686.36195558762
0.147728658657002,2.01432825200344,-2.04127841001927,0.026950158015841,4596.58493336123,-6104.9175593782,1508.33262601697
0.147834683731007,2.05402535399817,-2.01187278463178,-0.0421525693663872,4750.71239820067,-6078.40136913468,1327.68897093401
0.148014372290219,2.11687543626558,-1.95727085885527,-0.159604577410301,5002.39316838932,-6018.63692847713,1016.24376008781
0.148104032104855,2.14612507282176,-1.92780844841405,-0.218316624407702,5123.3784904668,-5981.86861282791,858.490122361113
0.148240155266928,2.18775017454341,-1.88034463435864,-0.307405540184758,5300.82089416822,-5917.30996048764,616.489066319417
0.148376278429001,2.22596154526312,-1.82965219453278,-0.396309350730333,5470.48774785679,-5842.31079538645,371.823047529665
0.148431045453368,2.24036091489749,-1.80835985411155,-0.432001060785937,5536.50755340257,-5809.210253955,272.702700552429
0.148543685675375,2.26817800514846,-1.76300500562748,-0.505172999520961,5668.06281565823,-5735.93866904337,67.8758533851437
0.148656325897381,2.29355270857752,-1.71558472625394,-0.577967982323564,5793.82077056982,-5655.74044102776,-138.080329542056
0.148839628879956,2.32952875012827,-1.63417832730932,-0.695350422818943,5985.60608309474,-5510.73111678113,-474.874966313616
0.149102080455916,2.36936494487417,-1.50897771181241,-0.860387233061756,6231.33738076931,-5272.75514129406,-958.582239475252
0.149236143509196,2.38436094528626,-1.44124162952676,-0.943119315759485,6343.4473868241,-5137.67516355315,-1205.77222327095
0.149370206562476,2.39568093791943,-1.37114329532854,-1.02453764259088,6446.1186607054,-4993.83046071382,-1452.28819999158
0.149504269615756,2.40330235975005,-1.29880719872687,-1.10449516102317,6539.15981654459,-4841.47576604557,-1697.68405049902
0.149702455457949,2.40776008363982,-1.18808131216706,-1.21967877147275,6658.66403555397,-4601.31716593158,-2057.34686962239
0.149780986025886,2.40727718556692,-1.14299588541027,-1.26428130015663,6700.01750963131,-4501.3144196386,-2198.70308999271
0.149859516593823,2.40551542173298,-1.09728069552027,-1.3082347262127,6737.90291861579,-4398.68903177703,-2339.21388683876
0.149976918757431,2.40049880304832,-1.02783052136226,-1.37266828168605,6788.01584237336,-4240.52787548279,-2547.48796689057
0.15009432092104,2.39263174274905,-0.957126549339735,-1.4355051934093,6830.25630871844,-4076.85526710573,-2753.40104161271
0.15026357463592,2.37629601470559,-0.853205175376487,-1.5230908393291,6877.16499541451,-3831.69993667065,-3045.46505874386
0.150516107104506,2.34106022870914,-0.694396958690772,-1.64666327001836,6916.19425142154,-3447.2084484243,-3468.98580299723
0.150770637509398,2.29256525435205,-0.530577254587101,-1.76198799976494,6917.83978157494,-3038.94263926689,-3878.89714230805
0.150940695258538,2.2530200414344,-0.419454261672022,-1.83356577976236,6897.80807152034,-2755.63540740149,-4142.17266411884
0.151048234139966,2.22511439090688,-0.348670472505663,-1.87644391840121,6876.40667260382,-2572.57154249773,-4303.83513010609
0.151180365130679,2.18781827030744,-0.26133312420203,-1.9264851461054,6840.88417395285,-2343.95484283137,-4496.92933112148
0.151312496121392,2.14725888583503,-0.173719206505084,-1.97353967932994,6795.23953658096,-2111.60644286209,-4683.63309371887
0.151503949075034,2.08285773983748,-0.0466211691575411,-2.03623657067993,6711.32239740498,-1769.23490985537,-4942.08748754961
0.151573755884522,2.05773650090801,-0.000272611073090385,-2.05746388983491,6675.51310925057,-1642.82073719839,-5032.69237205218
0.15164356269401,2.03176530813401,0.0460277007092466,-2.07779300884325,6636.95192446802,-1515.70220545164,-5121.24971901637
0.151787248211062,1.97569749802132,0.141062221704952,-2.11675971972627,6549.01615856905,-1252.15146619202,-5296.86469237704
0.151965408787195,1.90142884350697,0.258181006639863,-2.15960985014683,6424.18476516713,-922.430330731351,-5501.75443443578
0.152071811181524,1.85462781281542,0.327650080232239,-2.18227789304766,6341.39130318373,-724.239419051878,-5617.15188413185
0.152178213575853,1.80607184359724,0.396647803722652,-2.20271964731989,6252.56081061148,-525.421893404827,-5727.13891720665
0.152307811571608,1.74464366213955,0.479930395743554,-2.22457405788309,6136.36196573978,-282.762533894267,-5853.59943184551
0.152422874621647,1.68806655984451,0.553085009059236,-2.24115156890374,6025.95389083659,-67.1249637545179,-5958.82892708207
0.152537937671686,1.62965012925061,0.625396494642056,-2.25504662389266,5908.88458169311,148.392159226699,-6057.2767409198
0.152678022710752,1.5561641426854,0.712149380739178,-2.26831352342457,5757.59806234074,410.178177123637,-6167.77623946438
0.152774368492046,1.50416809697676,0.770933620960521,-2.27510171793727,5648.07411645756,589.652799614332,-6237.72691607189
0.152912121844626,1.42789631376198,0.853584097054116,-2.28148041081609,5484.00210974031,844.991729086485,-6328.9938388268
0.153049875197205,1.34946735159737,0.934467240577485,-2.28393459217485,5311.37352166609,1098.45633320469,-6409.82985487078
0.153188260117216,1.26865101356954,1.01379170262677,-2.28244271619631,5129.6535545177,1350.7241148859,-6480.37766940361
0.153246441313556,1.23409171025461,1.04653928163629,-2.2806309918909,5050.82466365093,1455.99856192811,-6506.82322557904
0.153328852947604,1.18459633059446,1.09226955969685,-2.2768658902913,4936.80925827772,1604.17557415446,-6540.98483243218
0.153510074867108,1.07369567328374,1.18996383505351,-2.26365950833725,4676.79040212132,1925.60331396282,-6602.39371608414
0.153657706357966,0.981395261765724,1.26651786865138,-2.2479131304171,4455.84220833055,2182.57080169465,-6638.4130100252
0.153731458017852,0.934681755625281,1.30369562572046,-2.23837738134573,4342.52343262241,2309.14594456674,-6651.66937718916
0.153852524197297,0.857247410828286,1.36308740602995,-2.22033481685823,4152.54488029124,2513.99798440305,-6666.54286469429
0.153973590376742,0.778958693545259,1.4203836269607,-2.19934232050595,3957.84126489843,2715.00056754778,-6672.84183244621
0.154150317836799,0.663401360284105,1.50007157502568,-2.16347293530978,3665.78416300065,3000.83887657353,-6666.62303957418
0.154397638225151,0.499771328838467,1.60329630371761,-2.10306763255607,3243.04488897483,3384.22418793132,-6627.26907690615
0.154626694813715,0.346890030357553,1.68986231221929,-2.03675234257684,2838.63418090645,3720.46440494703,-6559.09858585348
0.154788088271511,0.238787081554251,1.74541348911239,-1.98420057066664,2547.25957672714,3945.62890255394,-6492.88847928108
0.154885044834585,0.173827216733541,1.7765489091638,-1.95037612589735,2370.02037938855,4075.93211219611,-6445.95249158466
0.155008085281135,0.0915190345917258,1.81357167414675,-1.90509070873847,2143.12182928538,4235.62622828273,-6378.74805756811
0.155131125727685,0.00945450539127333,1.84776630258019,-1.85722080797147,1914.2906025302,4388.7902078115,-6303.0808103417
0.155198115416487,-0.035090285130479,1.86518075011031,-1.83009046497983,1788.98203609141,4469.37266255395,-6258.35469864536
0.155327174250108,-0.120515883907017,1.89629152468964,-1.77577564078263,1546.48146366252,4618.81327068039,-6165.2947343429
0.155456233083729,-0.20533159135029,1.92415867808659,-1.7188270867363,1302.81609470254,4760.44906516614,-6063.26515986868
0.155638473050598,-0.323764690046875,1.95789166875152,-1.63412697870464,957.606380790514,4946.67074631991,-5904.27712711043
0.155888205801703,-0.482874777975658,1.99326555321509,-1.51039077523943,484.293894227434,5174.66857588896,-5658.9624701164
0.156084442987347,-0.604869670459263,2.0121653023124,-1.40729563185314,113.501135457272,5331.12980763227,-5444.63094308954
0.156212820559318,-0.683003846952667,2.020253190403,-1.33724934345033,-127.83614235015,5422.36608974246,-5294.52994739231
0.156265063225453,-0.714385374697045,2.02257135279648,-1.30818597809944,-225.659002553762,5456.9306748096,-5231.27167225583
0.156364263708562,-0.773249599518194,2.02541897498249,-1.2521693754643,-410.592269111861,5518.40961580261,-5107.81734669075
0.156463464191671,-0.831129292983781,2.02623004245762,-1.19510074947384,-594.342496106861,5574.4121425386,-4980.06964643174
0.1565799860153,-0.897782438820787,2.02458209670234,-1.12679965788156,-808.42580222253,5633.12819171651,-4824.70238949397
0.156728900659175,-0.980731527696298,2.01839282015968,-1.03766129246338,-1078.82630390954,5696.94129954189,-4618.11499563235
0.156877815303051,-1.06102390762485,2.00763661265868,-0.94661270503383,-1345.14591324582,5748.04747584081,-4402.90156259499
0.157074144250098,-1.16250378630293,1.98652558842058,-0.824021802117648,-1688.96881804933,5795.81649978386,-4106.84768173453
0.157199729218745,-1.22469122964493,1.96891436603633,-0.744223136391405,-1904.16005738687,5814.62359781139,-3910.46354042452
0.157236265779866,-1.24236840028443,1.96319273951695,-0.720824339232522,-1966.01755487541,5818.3668503423,-3852.34929546689
0.15727585100104,-1.26130045760522,1.95669215456888,-0.695391696963665,-2032.62471600652,5821.54037169468,-3788.91565568816
0.157397040724209,-1.31780503698449,1.93485485718728,-0.617049820202789,-2233.76304075678,5825.55374569545,-3591.79070493867
0.157575762387471,-1.39700258067894,1.89738316054165,-0.500380579862712,-2522.28611959345,5815.79659670664,-3293.5104771132
0.157612595886326,-1.41270714647807,1.88888300498403,-0.476175858505967,-2580.52833910685,5811.46437888595,-3230.93603977909
0.15773013054374,-1.46133336933374,1.86002287790239,-0.398689508568659,-2763.30958408891,5792.35258398509,-3029.04299989618
0.157907566247946,-1.53035087526094,1.81151679702768,-0.281165921766747,-3030.00177303309,5748.3114225783,-2718.3096495452
0.158085001952151,-1.59393071314242,1.7571923672324,-0.163261654089995,-3284.96485687555,5686.12070147189,-2401.15584459634
0.158172669144643,-1.62329325352371,1.72824217144608,-0.104948917922378,-3406.43102254925,5648.73592368273,-2242.30490113348
0.158260336337134,-1.65125902128389,1.69793521680383,-0.0466761955199422,-3524.75144935595,5606.99414960933,-2082.24270025339
0.158348003529626,-1.67780772397618,1.66629488605398,0.0115128379221905,-3639.83913646622,5560.92794337859,-1921.08880691237
0.158435670722117,-1.70292047551403,1.63334521971428,0.0695752557997475,-3751.61101599383,5510.57281975522,-1758.96180376139
0.158589974373587,-1.74356849576258,1.57226354356681,0.171304952195761,-3939.99198417136,5411.67297141467,-1471.68098724332
0.158843032969492,-1.80021060718761,1.46393951918304,0.336271088004567,-4224.86919904293,5221.76530098992,-996.89610194699
0.159153242234039,-1.85228339370869,1.31821448339333,0.534068910315356,-4531.26968962172,4943.60847068336,-412.338781061638
0.159395463746314,-1.87942676822,1.19521884255144,0.68420792566855,-4736.35053643403,4693.00972483576,43.3408115982638
0.159595490093181,-1.89277556270228,1.08812859013176,0.804646972570514,-4882.15269426931,4465.10915548635,417.043538782961
0.1597490529011,-1.89742149420753,1.00281106924743,0.89461042496009,-4979.23316601401,4277.8787380562,701.354427957817
0.159832439205941,-1.89790092799426,0.955427652868238,0.94247327512602,-5026.45627087893,4171.90526572201,854.55100515692
0.159945562870753,-1.89625240874357,0.890057859050079,1.00619454969348,-5084.24576936199,4023.51475727028,1060.7310120917
0.160058686535566,-1.89196131108636,0.823501701581616,1.06845960950474,-5134.76142279453,3869.95290483404,1264.80851796048
0.160171810200378,-1.88503499620272,0.75584219342846,1.12919280277426,-5177.94751739886,3711.41179976427,1466.5357176346
0.160350092666655,-1.8688018407469,0.647214908475567,1.22158693227132,-5231.00256060562,3452.01948522488,1778.98307538074
0.160528375132932,-1.84611074531353,0.53640782593494,1.30970291937858,-5265.59974627109,3181.59528482403,2084.00446144706
0.160706657599209,-1.81703902360741,0.423767435343604,1.3932715882638,-5281.65397939374,2900.98445117726,2380.66952821648
0.160884940065486,-1.78168449375827,0.309650641100552,1.47203385265771,-5279.13487973165,2611.07462316569,2668.06025656596
0.161130497311532,-1.7229512751035,0.150800440292573,1.57215083481092,-5245.34338180716,2198.44471775222,3046.89866405494
0.161221746906289,-1.69819486570546,0.0913641599674678,1.60683070573798,-5223.85260353457,2041.39905575117,3182.4535477834
0.161354843839648,-1.65933079056236,0.00450489185959795,1.65482589870275,-5183.90012099676,1809.3261881453,3374.57393285146
0.161487940773007,-1.61725469226871,-0.0824334299195437,1.69968812218825,-5133.8029419012,1574.0015228133,3559.8014190879
0.161621037706366,-1.57204168849819,-0.169301206905663,1.74134289540385,-5073.65722050591,1335.83001884376,3737.82720166215
0.161754134639725,-1.52377339203029,-0.255946068570773,1.77971946060106,-5003.57704198653,1095.2289705501,3908.34807143644
0.161887231573085,-1.47253699822922,-0.342215311970131,1.81475231019935,-4923.69386564577,852.62171149811,4071.07215414766
0.162020328506444,-1.41842491154137,-0.427956820587181,1.84638173212855,-4834.15625821121,608.435235656101,4225.72102255511
0.162201405780232,-1.34038482920173,-0.543457857118291,1.88384268632002,-4697.17772370445,274.546879800663,4422.63084390378
0.162307808862479,-1.29221449896297,-0.610616899378093,1.90283139834106,-4608.64856893141,77.7169389002376,4530.93163003117
0.162414211944727,-1.24241337684531,-0.677135719400204,1.91954909624552,-4514.31780145101,-119.2499640831,4633.56776553411
0.162520615026974,-1.19103904055944,-0.742938737314806,1.93397777787425,-4414.29623502228,-316.130520587655,4730.42675560993
0.162701465419068,-1.10030929413195,-0.852892398496225,1.95320169262818,-4231.63649408726,-649.822921651922,4881.45941573918
0.162806942748401,-1.04547133428849,-0.915850368299764,1.96132170258826,-4117.87060236638,-843.678243558057,4961.54884592444
0.162845696789464,-1.0249824945098,-0.938747756004456,1.96373025051425,-4074.76350408184,-914.708288771735,4989.47179285357
0.162924101870951,-0.983000960856855,-0.984653866552475,1.96765482740933,-3985.46554838252,-1057.98798248673,5043.45353086925
0.16304218341014,-0.918484602994048,-1.05268321985648,1.97116782285053,-3845.81390125166,-1272.54516900856,5118.35907026022
0.163128144674024,-0.870575399460559,-1.10133629811223,1.97191169757279,-3740.31778968423,-1427.70308190179,5168.02087158602
0.163214105937907,-0.82191601572868,-1.14921109377191,1.97112710950059,-3631.689996244,-1581.84747539063,5213.53747163463
0.163285353286352,-0.781041469051764,-1.18827752531324,1.969318994365,-3539.33726700523,-1708.76257151312,5248.09983851836
0.163390181264888,-0.720060991685027,-1.2446928434508,1.96475383513583,-3399.76326661342,-1893.93315603629,5293.6964226497
0.163542316703535,-0.629911751532025,-1.32419545427579,1.95410720580781,-3189.68614643944,-2158.9697749462,5348.65592138563
0.163765877946714,-0.494320618749958,-1.43556469206827,1.92988531081823,-2865.84575591735,-2539.28026464028,5405.12602055763
0.163989439189893,-0.355558635358255,-1.54000757965232,1.89556621501058,-2525.30075129283,-2907.22073795915,5432.52148925198
0.164094441721755,-0.289433475549319,-1.58656265445447,1.87599613000379,-2359.93680001023,-3075.38511819663,5435.32191820685
0.164131292905439,-0.266106718058666,-1.60250446908583,1.8686111871445,-2301.14050846285,-3133.63473811337,5434.77524657622
0.164204106321353,-0.219862818392272,-1.63337677827814,1.85323959667041,-2183.87920228618,-3247.48060857147,5431.35981085765
0.164324699768265,-0.142881002499191,-1.68264216071884,1.82552316321803,-1986.6367787391,-3432.25747454854,5418.89425328764
0.164445293215177,-0.0654911352281876,-1.72953063038904,1.79502176561723,-1785.82192975911,-3612.13631102536,5397.95824078448
0.164628358156436,0.0524817568711029,-1.79599558665333,1.74351382978223,-1474.9037060936,-3875.18490673464,5350.08861282824
0.164708947642904,0.104557729286635,-1.82342743632952,1.71886970704289,-1335.83163195667,-3987.05450391335,5322.88613587002
0.164793868701245,0.159453634076008,-1.8510851304029,1.6916314963269,-1188.02336571909,-4102.17866386658,5290.20202958568
0.164878789759585,0.214332614386583,-1.87744238276423,1.66310976837765,-1039.02460860502,-4214.39287414692,5253.41748275194
0.165003386969733,0.294727582256839,-1.9137161307462,1.61898854848936,-818.512622967291,-4373.58074275541,5192.0933657227
0.165127984179881,0.374876453366873,-1.94709442767008,1.57221797430321,-596.013602850117,-4526.09095342198,5122.1045562721
0.165255976336291,0.456821692212899,-1.97831283436957,1.52149114215668,-365.748556439905,-4675.55691842304,5041.30547486295
0.16540997957547,0.554698764223376,-2.01167653429343,1.45697777007006,-86.9665522461619,-4845.36603604761,4932.33258829377
0.165563982814648,0.651581336935194,-2.04038436523904,1.38880302830386,193.105151768618,-5003.865861833,4810.76071006438
0.165656066753469,0.708957814164582,-2.05530159101615,1.34634377685158,360.961140241874,-5093.10721173454,4732.14607149266
0.165741165107148,0.761549911040348,-2.06757343461606,1.30602352357572,516.15798133131,-5171.79704960714,4655.63906827583
0.165848695628583,0.827344408127827,-2.08098474937612,1.2536403412483,712.166698272517,-5265.93456517535,4553.76786690284
0.165995704695423,0.91596504947984,-2.09550790332509,1.17954285384526,979.554452433917,-5384.88040163913,4405.32594920521
0.166217021228212,1.04606684467429,-2.10900546774249,1.06293862306821,1379.55945551355,-5542.17186966275,4162.6124141492
0.166392553793849,1.1461363851843,-2.11253386043164,0.966397475247347,1693.76123603677,-5647.97795786344,3954.21672182667
0.166514104049218,1.21364153767223,-2.11124573266199,0.897604194989774,1909.21134896028,-5711.23118050549,3802.01983154521
0.166577385337202,1.24816585575154,-2.10936552376716,0.86119966801563,2020.56284900481,-5740.87687450938,3720.31402550457
0.166664582991347,1.29499659515834,-2.10541922441879,0.810422629260463,2172.93539767912,-5778.00041687771,3605.0650191986
0.166815018904518,1.37366557125263,-2.09492833647872,0.721262765226102,2432.57599088521,-5831.82013076168,3399.24413987647
0.166974050143729,1.45375788933444,-2.07878952382181,0.625031634487375,2702.10951623654,-5874.54416579648,3172.43464955993
0.167042806157803,1.48737413254871,-2.07021129069061,0.582837158141918,2816.9549124902,-5888.48636749898,3071.53145500877
0.167091096637145,1.5106015145386,-2.06361226781057,0.553010753271986,2896.94721534423,-5896.63448717578,2999.68727183155
0.167178257860692,1.55170050611005,-2.05050915158411,0.498808645474081,3039.84404518513,-5907.89842881647,2868.05438363134
0.16726541908424,1.59171634809719,-2.03587852237152,0.444162174274345,3180.7558998584,-5914.72650670638,2733.97060684798
0.167399752001493,1.65118762982857,-2.01036738538987,0.359179755561313,3393.76035309074,-5916.55220890189,2522.79185581115
0.167615885088753,1.74100713906879,-1.96189688028602,0.220889741217242,3724.91488942348,-5897.3643254426,2172.44943601912
0.167899469972212,1.84728310921368,-1.88475263829412,0.0374695290804578,4135.56886245081,-5831.00262816631,1695.4337657155
0.168033324950167,1.89274567019542,-1.84309246494811,-0.0496532052472934,4319.46972794682,-5783.51234154896,1464.04261360214
0.168167179928122,1.93503263874173,-1.79819052833971,-0.13684211040201,4496.3685204834,-5725.76944946776,1229.40092898437
0.168362660348239,1.99090320166523,-1.72698020504226,-0.263922996622958,4741.38038776033,-5623.27199879344,881.891611033112
0.168445336170822,2.01240685775108,-1.6948790023164,-0.317527855434664,4840.13852998669,-5573.47311897713,733.334588990437
0.168551714915399,2.0381650128354,-1.65190689202178,-0.386258120813604,4962.72654394683,-5503.85688945214,541.130345505313
0.168658093659975,2.06174849953102,-1.60709829138272,-0.454650208148284,5080.1519721672,-5428.07184084149,347.919868674295
0.168837263629084,2.09646592867817,-1.52764083691861,-0.56882509175954,5265.82549142581,-5286.7688812702,20.9433898443876
0.169096998982118,2.13544925532144,-1.40403982071848,-0.731409434602947,5506.9595712949,-5052.36240180642,-454.597169488481
0.169243746342592,2.1514804509945,-1.32997799892713,-0.82150245206735,5628.17742633174,-4904.78368994139,-723.393736390353
0.169353029391693,2.16056834452958,-1.27297365153855,-0.887594692991007,5711.14932236063,-4788.03529596927,-923.114026391353
0.169462312440794,2.16720575715837,-1.21447449116779,-0.952731265990563,5787.7539154846,-4665.61390370985,-1122.14001177476
0.169571595489894,2.17138380612223,-1.1545482185349,-1.01683558758731,5857.89822334846,-4537.66169411946,-1320.236529229
0.169748200875056,2.17292089663214,-1.05489749456835,-1.11802340206377,5957.35027946614,-4319.64773114281,-1637.70254832333
0.169871776522902,2.17016295236793,-0.983204285114211,-1.1869586672537,6016.62311681611,-4159.05552393856,-1857.56759287755
0.169995352170749,2.16424951281601,-0.910029827584554,-1.25421968523143,6067.27337038827,-3992.1461460087,-2075.12722437958
0.170118927818596,2.15518726475975,-0.835484719667786,-1.31970254509194,6109.21642439886,-3819.17196157945,-2290.04446281942
0.170309678169154,2.13505114578676,-0.718027112390536,-1.4170240333962,6156.69054655004,-3540.96813568423,-2615.72241086581
0.170587976154635,2.09243603589582,-0.542271601445368,-1.55016443445043,6188.06491998809,-3112.65650557326,-3075.40841441484
0.170866274140115,2.03437462766332,-0.36236696640328,-1.67200766126002,6174.30250231629,-2660.34497387372,-3513.95752844257
0.171037260416876,1.99118169986279,-0.250254502575074,-1.7409271972877,6143.44162035691,-2371.73557477332,-3771.70604558359
0.171166896355582,1.95471257579804,-0.16473042102296,-1.78998215477506,6108.70376990914,-2148.19060007301,-3960.51316983613
0.171235363101628,1.93417649821173,-0.11943077571429,-1.81474572249742,6086.42397240009,-2028.61416664767,-4057.80980575242
0.171324247042578,1.90622691196379,-0.0605461066600222,-1.84568080530375,6053.46906223103,-1871.97354914217,-4181.49551308886
0.171453305635759,1.86309366202255,0.0250181997102661,-1.8881118617328,5997.56346938719,-1641.94589007187,-4355.61757931533
0.171545968450263,1.8302863413065,0.0864491754046651,-1.91673551671115,5951.57135709527,-1475.03465086093,-4476.53670623434
0.171638631264767,1.79597603902227,0.14781249823412,-1.94378853725637,5900.73159325519,-1306.83385731583,-4593.89773593936
0.17173129407927,1.76019118981665,0.209055981080724,-1.96924717089735,5845.08476187876,-1137.48685214617,-4707.59790973259
0.171867826039727,1.70484930260443,0.29895143490265,-2.00380073750706,5754.44355269043,-886.222292715225,-4868.2212599752
0.172083391999631,1.61137037817802,0.439662806149048,-2.05103318432705,5590.75860642202,-486.382951142474,-5104.37565527954
0.172203976071859,1.55590325804725,0.517597978963345,-2.07350123701058,5488.34803153336,-261.403871392245,-5226.94416014112
0.172275127797039,1.52214895046918,0.563257892472534,-2.0854068429417,5424.34454886532,-128.396660821212,-5295.94788804411
0.172384246929962,1.46896595154821,0.632726095642031,-2.10169204719023,5321.14662496614,75.7047865662925,-5396.85141153243
0.172493366062885,1.41411383516434,0.701460345024079,-2.1155741801884,5211.93535563491,279.772791025128,-5491.70814666004
0.172672789095913,1.32048801207333,0.812638210036901,-2.13312622211022,5019.67854806883,614.513349316135,-5634.19189738496
0.172928945957378,1.17995217693325,0.966776306936805,-2.14672848387004,4718.97281717807,1088.7907594017,-5807.76357657976
0.173075691590269,1.09600175054697,1.05242806056738,-2.14842981111433,4533.22786339156,1357.89491692805,-5891.12278031961
0.17322243722316,1.00980696091655,1.13587036020416,-2.14567732112069,4338.22916302208,1624.23531873351,-5962.4644817556
0.173369182856052,0.921549805649248,1.21692471678912,-2.13847452243835,4134.38444914934,1887.24073859574,-6021.62518774507
0.173515928488943,0.831413504604065,1.29542126723202,-2.12683477183607,3922.11423919012,2146.35800736376,-6068.47224655388
0.173602570417232,0.777374283559875,1.3405117672874,-2.11788605084726,3792.97237288513,2297.3403565226,-6090.31272940773
0.173722933620533,0.701407848077382,1.40150539588961,-2.10291324396698,3609.14531101085,2504.28164114997,-6113.42695216082
0.173843296823834,0.624486849827783,1.46051564949429,-2.08500249932206,3420.38355714393,2707.72645496189,-6128.11001210582
0.174026017143643,0.506167728341109,1.54609473364909,-2.05226246199019,3125.07889001081,3009.15255447308,-6134.23144448389
0.174281831580342,0.338058561654949,1.65732139238531,-1.99537995404025,2695.61760839975,3414.42737474153,-6110.04498314129
0.174536769757219,0.168528697746007,1.75764338856103,-1.92617208630703,2251.22172137737,3796.83736039764,-6048.05908177501
0.174721590301124,0.0449111492137958,1.82348328221119,-1.86839443142498,1920.19107310712,4059.43922557433,-5979.63029868144
0.174856371095576,-0.0453359278792906,1.86768860766019,-1.82235267978089,1674.82905219272,4242.56819705539,-5917.3972492481
0.174931151335898,-0.095376701941674,1.8907949430438,-1.79541824110212,1537.43461242445,4340.98559811038,-5878.42021053482
0.175005931576219,-0.145351248220201,1.91286686342681,-1.7675156152066,1399.26096863336,4437.03878554696,-5836.29975418033
0.175119777291139,-0.221238145270484,1.94445418970242,-1.72321604443192,1187.59584855223,4578.6028050612,-5766.19865361343
0.17527144836189,-0.321828237000121,1.98269905945982,-1.66087082245969,903.557429345118,4758.18016331846,-5661.73759266358
0.175491200491823,-0.466087978666934,2.03017025297282,-1.56408227430588,489.14415258403,4999.29462698368,-5488.43877956771
0.175770748222922,-0.646116026331314,2.07668771014822,-1.4305716838169,-40.2081498613757,5271.86137668634,-5231.65322682497
0.175997561779543,-0.788595798844421,2.10283793150584,-1.31424213266142,-469.375677818105,5463.81619227653,-4994.44051445843
0.176165217499847,-0.891402211004012,2.11540203348397,-1.22399982247996,-785.087983570794,5588.26072723504,-4803.17274366425
0.176266187505415,-0.952151665488981,2.12017364638841,-1.16802198089943,-974.190691172529,5655.87561205739,-4681.68492088486
0.176317261457751,-0.98251975500223,2.12178411423759,-1.13926435923535,-1069.46483232983,5687.94528904817,-4618.48045671834
0.176408232797193,-1.03596778080758,2.12331437706799,-1.0873465962604,-1238.39948192891,5741.4748347236,-4503.07535279469
0.176541916621385,-1.1129415951167,2.12245307445189,-1.00951147933518,-1484.63483257194,5811.71908084332,-4327.08424827138
0.17659688758587,-1.1440379921303,2.12102530452782,-0.976987312397508,-1585.14715176824,5837.68426913763,-4252.53711736939
0.176683099915236,-1.1921107049423,2.11752783028798,-0.925417125345674,-1741.77044732899,5874.94085268664,-4133.17040535764
0.176864840641405,-1.29049911695542,2.10513811687803,-0.814638999922609,-2067.34966770431,5939.50127960705,-3872.15161190274
0.177117557223922,-1.42018460416473,2.07668248076659,-0.656497876601861,-2508.14766748929,5997.50576625622,-3489.35809876693
0.177239594529402,-1.47971751650782,2.05829378325139,-0.578576266743564,-2715.61719405499,6012.22627111707,-3296.60907706209
0.177334027354325,-1.52430416462144,2.04201328739658,-0.517709122775132,-2873.4104001738,6017.63888084489,-3144.22848067109
0.177380387618664,-1.54570795478736,2.03337004421651,-0.487662089429143,-2949.95445949458,6018.38455395073,-3068.43009445615
0.17743193648913,-1.56912222196894,2.02326039562799,-0.454138173659039,-3034.31742551607,6017.73507187258,-2983.4176463565
0.177514791650682,-1.60589134842957,2.00591731221177,-0.400025963782192,-3168.20899977478,6013.43078025892,-2845.22178048414
0.177656680974447,-1.666314710051,1.97312047373065,-0.306805763679652,-3392.36682112895,5996.73933599359,-2604.37251486464
0.177879123934088,-1.75432436484419,1.91398978736252,-0.159665422518328,-3729.7945105153,5946.99956752474,-2217.20505700944
0.178081334622728,-1.8269650028325,1.85224761233983,-0.0252826095073316,-4020.74817534584,5876.98151750135,-1856.23334215551
0.178209750212114,-1.86933576341683,1.8091873149586,0.0601484484582293,-4197.24040797128,5820.35854682068,-1623.1181388494
0.178265947101777,-1.88693610409815,1.78942388031835,0.0975122237798005,-4272.35903130376,5792.63336056268,-1520.27432925891
0.178370931762711,-1.91824179207948,1.7510462404175,0.167195551661983,-4409.07507731396,5736.09257162457,-1327.01749431061
0.178514462331745,-1.95767722317863,1.69557139819158,0.262105824987048,-4588.15822832382,5648.88826922253,-1060.7300408987
0.178621643585893,-1.98456001832207,1.65192778343372,0.332632234888352,-4715.84624988032,5576.38236802931,-860.536118148989
0.178704579350237,-2.00383449335178,1.61689103517639,0.386943458175388,-4811.0010810257,5516.00218439925,-705.001103373552
0.178808583492631,-2.02609699609309,1.57144046739239,0.454656528700697,-4925.70342331013,5435.09252405732,-509.389100747184
0.178942583796144,-2.05161570841928,1.51047588424799,0.541139824171292,-5065.7189905271,5322.47184971023,-256.752859183139
0.179147915101747,-2.08371062633459,1.41206160058044,0.671649025754149,-5262.75427892259,5132.09315443298,130.661124489611
0.179421054872824,-2.11308882341229,1.27242310167098,0.840665721741306,-5490.85737419477,4846.73620875242,644.121165442344
0.179646968374389,-2.12580331204086,1.14996128933254,0.975842022708324,-5649.34237491625,4584.16578432515,1065.17659059109
0.179823720038936,-2.12839221173378,1.05016892990229,1.07822328183148,-5753.73594218579,4362.85333298412,1390.88260920167
0.179915101444218,-2.12719237092356,0.997308071748767,1.12988429917479,-5800.84331760668,4243.18756693586,1557.65575067082
0.179989604686571,-2.12493417502413,0.953623410037381,1.17131076498675,-5835.73770548362,4143.09371388346,1692.64399160016
0.180102335443374,-2.1193368063832,0.886588209087475,1.23274859729572,-5882.49197947723,3987.47490220283,1895.0170772744
0.180266832201715,-2.10647751396422,0.786910087313714,1.3195674266505,-5937.56656946645,3751.77426950092,2185.79229996553
0.180442941071128,-2.08657908663986,0.677996999656506,1.40858208698335,-5979.12370915355,3488.68699086904,2490.4367182845
0.180471343264293,-2.0827778109348,0.660228230964748,1.42254957997005,-5984.13659322425,3445.23842805813,2538.89816516612
0.180559073705392,-2.07000993882441,0.605046433165411,1.464963505659,-5996.63790560593,3309.39108881249,2687.24681679344
0.180746522157756,-2.03758156305936,0.485813900340859,1.5517676627185,-6008.24009461524,3011.26029710591,2996.97979750933
0.18093397061012,-1.99822466326048,0.365046062419915,1.63317860084056,-5999.26769526878,2703.09682118379,3296.17087408499
0.181121419062483,-1.95207882695516,0.243150294945885,1.70892853200927,-5969.77591551945,2385.9410055869,3583.83490993255
0.181308867514847,-1.89930988611343,0.120551352114974,1.77875853399845,-5919.88564584498,2060.8962263568,3858.98941948818
0.181488189819412,-1.84280107408053,0.00299783472788305,1.83980323935265,-5853.23867329334,1743.58720844411,4109.65146484924
0.181535634108684,-1.82687811626041,-0.0281182831707896,1.8549963994312,-5832.52579277188,1658.67461008505,4173.85118268682
0.181624960887208,-1.79583237075287,-0.0866442179908128,1.88247658874368,-5790.07735627457,1497.91504574456,4292.16231053001
0.181759653158349,-1.74643232517563,-0.174666849458628,1.92109917463426,-5717.61976070113,1253.54413024204,4464.07563045909
0.181925706647814,-1.68136481281404,-0.282611185673121,1.96397599848716,-5614.488547543,949.572330212114,4664.91621733089
0.182091760137279,-1.61185551821886,-0.389668899361701,2.00152441758056,-5496.37575613991,643.332073099758,4853.04368304015
0.182302309557682,-1.5176635399715,-0.523643942525962,2.04130748249746,-5325.65144231833,253.187407619084,5072.46403469924
0.182389096246456,-1.47691916602936,-0.578217999274061,2.05513716530342,-5248.55207439956,91.9855321743418,5156.56654222522
0.18247588293523,-1.43511749008519,-0.632326314617435,2.06744380470263,-5167.64152311782,-69.1894982611359,5236.83102137895
0.182562669624005,-1.39228978416771,-0.685929249116318,2.07821903328403,-5082.98127876477,-230.219543466755,5313.20082223152
0.182649456312779,-1.34846767009401,-0.738987999642362,2.08745566973637,-4994.6349207537,-390.987969583918,5385.62289033761
0.182812697056621,-1.26348915897733,-0.837145818399945,2.10063497737728,-4818.76886985105,-692.16445783902,5510.93332769007
0.183064693846882,-1.12624656590471,-0.983930331969882,2.11017689787459,-4523.47069366236,-1152.32492525418,5675.79561891654
0.183150766227092,-1.07774172380437,-1.03268718998659,2.11042891379096,-4416.10912602789,-1307.98297870553,5724.09210473342
0.183263766793621,-1.01294634887354,-1.09548394396223,2.10843029283576,-4270.44632897784,-1510.70220165468,5781.14853063252
0.183296595053725,-0.99388974432939,-1.11346437709611,2.1073541214255,-4227.13704606396,-1569.23182029926,5796.36886636322
0.183361904278509,-0.9556880490095,-1.14886291584858,2.10455096485807,-4139.69689371425,-1685.12037788657,5824.81727160082
0.183464168472598,-0.895126970762412,-1.20326748988807,2.09839446065048,-3999.43333102815,-1865.01357587265,5864.4469069008
0.183495828407839,-0.87619723885874,-1.21985435630934,2.09605159516808,-3955.18884167983,-1920.30867033915,5875.49751201899
0.183599213399167,-0.813841786649895,-1.27312763842476,2.08696942507466,-3808.13527823759,-2099.40677360945,5907.54205184704
0.183702598390494,-0.750695946019716,-1.32500587722101,2.07570182324072,-3657.2305547971,-2276.15361077773,5933.38416557483
0.183851676583281,-0.658401223163969,-1.39723453216422,2.0556357553282,-3433.21567963871,-2526.46175086663,5959.67743050535
0.184073216062893,-0.518968392434238,-1.49862150329033,2.01758989572457,-3087.37961577067,-2887.3675204059,5974.74713617657
0.184299675716282,-0.374191697754922,-1.5945100521982,1.96870174995313,-2719.30049109115,-3241.18499996707,5960.48549105822
0.184444035656863,-0.280991437069055,-1.65136268272741,1.93235411979647,-2477.67789018941,-3458.08805487976,5935.76594506917
0.18453262572525,-0.223555215203774,-1.68453490896821,1.90809012417199,-2326.9876166307,-3587.60373783263,5914.59135446333
0.184560264439927,-0.20560785183521,-1.69461116216258,1.90021901399779,-2279.62354238407,-3627.42956588379,5907.05310826786
0.184635525577392,-0.15669473911783,-1.72137668021785,1.87807141933568,-2149.87234009272,-3734.41885169133,5884.29119178405
0.184740175540826,-0.0886168016301568,-1.75693962120342,1.84555642283358,-1967.66437548588,-3879.56408046017,5847.22845594605
0.184880352543463,0.00257221835322009,-1.80150036640198,1.79892814804876,-1720.65626096756,-4067.13549272767,5787.79175369523
0.184918113633414,0.0271282348350982,-1.81289793518048,1.78576970034539,-1653.56375584976,-4116.30537815284,5769.8691340026
0.184978814785668,0.0665681996784983,-1.8306677071196,1.76409950744111,-1545.29176638199,-4194.08459029928,5739.37635668127
0.185068889686206,0.124989416095493,-1.8557706651947,1.73078124909921,-1383.74519001773,-4306.58331994042,5690.32850995815
0.185158964586743,0.183249950081185,-1.87934603018552,1.69609608010434,-1221.24719648345,-4415.52637444827,5636.77357093172
0.185317526873205,0.285246638231995,-1.9170677165428,1.63182107831081,-933.364912624458,-4598.35200657414,5531.7169191986
0.185401741454793,0.339086993143398,-1.93512800878435,1.59604101564096,-779.631333590514,-4690.74006013956,5470.37139373008
0.185476219287739,0.386462076262955,-1.94994183911948,1.56347976285653,-643.327840835076,-4769.63682105404,5412.96466188912
0.185611030991858,0.471531326286178,-1.97395708695705,1.50242576067088,-396.102570656275,-4905.56012462239,5301.66269527867
0.185719299717182,0.539150003025788,-1.99061596199881,1.45146595897302,-197.268893066271,-5008.1988032925,5205.46769635877
0.185827568442505,0.606053134258814,-2.00491097738089,1.39885784312208,1.55110803049229,-5104.88930146564,5103.33819343515
0.185935837167828,0.672161764765551,-2.01682514937281,1.34466338460726,200.122457441796,-5195.51826307399,4995.39580563219
0.186110654992077,0.776997342641202,-2.03099694892049,1.25399960627929,519.528205973555,-5328.75181848968,4809.22361251613
0.18636104007677,0.922471963369674,-2.04033338311808,1.11786141974842,972.613197876161,-5490.71234291592,4518.09914503975
0.186434699802865,0.964172136010281,-2.04061924802985,1.07644711201957,1104.77180410993,-5531.83283944929,4427.06103533936
0.186539554696409,1.02254636273354,-2.03909009027529,1.01654372754175,1291.61585772679,-5585.1130421515,4293.49718442471
0.186701177613933,1.11011848644458,-2.03228542503917,0.922166938594594,1576.22031566138,-5655.03476823971,4078.81445257833
0.186862800531458,1.19460162550727,-2.0201019504985,0.825500324991238,1856.14618214089,-5710.02619936335,3853.88001722246
0.187067091922713,1.29660297458326,-1.9970603313852,0.700457356801949,2202.06446742733,-5757.94813718622,3555.88366975889
0.187169344847171,1.34557089109615,-1.98234023095051,0.636769339854358,2371.61869229925,-5772.84239975201,3401.22370745277
0.187271597771629,1.39305521783067,-1.96551697968278,0.572461761852122,2538.46576866525,-5781.63347943313,3243.16771076789
0.187373850696087,1.43900621067427,-1.94660790579644,0.507601695122178,2702.43078537432,-5784.31219101398,3081.88140563966
0.187458060773746,1.47566650668723,-1.92948169508883,0.453815188401605,2835.18845578996,-5781.9264995992,2946.73804380923
0.187559663012657,1.51843198286406,-1.90697062255755,0.38853863969349,2992.46804754922,-5773.53002918076,2781.06198163154
0.187696893274219,1.57357007090339,-1.87339952491759,0.299829454014206,3199.58337277107,-5752.62861335558,2553.04524058451
0.18790564992717,1.65143592909554,-1.815498689445,0.164062760349468,3502.06959911699,-5699.87540760133,2197.80580848434
0.18806273223184,1.70511239351304,-1.76659486746749,0.061482473954459,3719.15256304463,-5643.60063348426,1924.44807043963
0.188176930781114,1.74139798318691,-1.72823845251864,-0.0131595306682626,3870.94713624719,-5593.82766949033,1722.88053324314
0.188291129330387,1.77531573716245,-1.6875840957988,-0.0877316413636391,4017.40780843491,-5536.67130537647,1519.26349694156
0.188405327879661,1.80682110869193,-1.64468397703503,-0.162137131656888,4158.34289794956,-5472.20498610867,1313.86208815911
0.188502539998378,1.83171030685996,-1.60643389109326,-0.225276415766695,4273.83138108935,-5411.62534235678,1137.79396126742
0.188645991024679,1.86513376692991,-1.54717623177586,-0.317957535154043,4436.43332130966,-5312.80291653608,876.369595226421
0.18878944205098,1.89456505128204,-1.48465950326095,-0.409905548021085,4589.45470806586,-5202.90319935707,613.448491291212
0.188981676145842,1.92762989750925,-1.39601731438518,-0.531612583124058,4778.89331474081,-5038.69841249072,259.805097749905
0.189184228006485,1.95445768464626,-1.2968947040745,-0.657562980571758,4958.49574262778,-4845.2755392182,-113.220203409585
0.189276872349869,1.96396566148616,-1.24967379471505,-0.7142918667711,5033.65818647232,-4749.96862814179,-283.68955833053
0.189322012585755,1.96796399417444,-1.22625923573767,-0.741704758436754,5068.65127892654,-4702.01825224518,-366.633026681359
0.189428554247026,1.97574389639959,-1.16998898571129,-0.805754910688287,5146.93403408873,-4585.01591247704,-561.918121611696
0.189535095908298,1.98119119212703,-1.11234375517818,-0.868847436948838,5219.11145927433,-4462.717851988,-756.393607286327
0.189708562202736,1.98505230875588,-1.01573861619991,-0.969313692555962,5323.32966989918,-4252.68116025344,-1070.64850964573
0.189795853225202,1.9846467120594,-0.965879423021643,-1.01876728903775,5369.49513550683,-4141.9641829939,-1227.53095251293
0.189894034155353,1.982309791418,-0.908882347193851,-1.07342744422414,5416.31481612208,-4013.58981981699,-1402.72499630509
0.19003388714222,1.97554735841492,-0.826129718147915,-1.149417640267,5473.58027350089,-3823.95800938197,-1649.62226411893
0.190208853299773,1.96142492372351,-0.720231573636693,-1.24119335008681,5529.48085542977,-3576.01968922115,-1953.46116620862
0.190439856240361,1.93321386861811,-0.576914461569111,-1.35629940704899,5576.22013259732,-3231.72018184698,-2344.49995075034
0.190727406181953,1.88310874264554,-0.394007636356346,-1.48910110628918,5591.07061003859,-2778.76710699079,-2812.3035030478
0.190957161474209,1.83133794909398,-0.245045403546747,-1.58629254554723,5568.32023764918,-2399.34546387706,-3168.97477377212
0.191125394552813,1.78696991714222,-0.13486150858364,-1.65210840855857,5532.17824777987,-2112.86257280105,-3419.31567497881
0.191224613580498,1.75829438676658,-0.0695800937870468,-1.68871429297952,5503.16707811127,-1940.83411503274,-3562.33296307853
0.191274170403156,1.74328636352654,-0.0369196842067868,-1.70636667931974,5486.54752799039,-1854.13258675128,-3632.41494123911
0.191365610396517,1.71441703345056,0.0233920483898537,-1.73780908184041,5452.18199000857,-1692.91815940854,-3759.26383060003
0.191497962338866,1.66996777270708,0.110715268362359,-1.78068304106944,5393.99302050869,-1456.95900860315,-3937.03401190553
0.191546236805064,1.65297725621111,0.142561685882561,-1.79553894209367,5370.28977466332,-1370.15745402906,-4000.13232063426
0.191621663789857,1.62561793087694,0.19227698028347,-1.81789491116041,5330.62807723803,-1233.85089634154,-4096.77718089648
0.191766243532139,1.57046415171777,0.287319189917719,-1.85778334163548,5245.73769998813,-970.538619941405,-4275.19908004672
0.191910823274421,1.51182666349239,0.38189417480118,-1.89372083829357,5149.31848443327,-704.924425873706,-4444.39405855956
0.192114517701915,1.4235605014502,0.513929911445045,-1.93749041289524,4994.34161655195,-327.974372304413,-4666.36724424753
0.192215320916009,1.37749236347325,0.578659859004299,-1.95615222247754,4909.46895463724,-140.50099790559,-4768.96795673165
0.192316124130103,1.32992129148206,0.642871058217934,-1.97279234969999,4819.31848977439,47.2603344727458,-4866.57882424714
0.192416927344196,1.28089480854423,0.706498848517853,-1.98739365706208,4723.9794383972,235.120290372936,-4959.09972877014
0.192580917084783,1.19817492563333,0.808573033171106,-2.00674795880443,4558.08224698048,540.381099927797,-5098.46334690828
0.192825352589466,1.06850810198973,0.956881999027492,-2.02539010101722,4286.88715229541,992.962320170512,-5279.84947246592
0.193019810509057,0.960257108336431,1.071192068542,-2.03144917687843,4051.42328892822,1349.72369501862,-5401.14698394684
0.193154544337056,0.882822576768556,1.1482468991528,-2.03106947592135,3878.49324645958,1594.47017291275,-5472.96341937233
0.193228706880311,0.839409475212376,1.18984968794208,-2.02925916315445,3780.01610009166,1728.14231206023,-5508.15841215189
0.193326788798015,0.781199598903536,1.2439206918263,-2.02512029072983,3646.3396116587,1903.57779826195,-5549.91740992066
0.193353520960672,0.765180221813812,1.25846764106976,-2.02364786288357,3609.23332727176,1951.11800601169,-5560.35133328345
0.19342789276728,0.720289075413848,1.29848828856185,-2.0187773639757,3504.53928395292,2082.68849590156,-5587.22777985448
0.19357007314391,0.633222533249219,1.37308395055574,-2.00630648380496,3298.59676397383,2331.15842276327,-5629.7551867371
0.193754868880974,0.517845965207043,1.46608790325598,-1.98393386846302,3020.11008191411,2647.44410798951,-5667.55418990362
0.193995386443785,0.364536497674896,1.57996874437122,-1.94450524204611,2640.8082559259,3046.1875306592,-5686.9957865851
0.194284466680218,0.17670080213984,1.70529251217248,-1.88199331431232,2162.53634706342,3503.20498546621,-5665.74133252963
0.194467227009072,0.0564279300766158,1.77768755979534,-1.83411548987196,1848.79852174816,3778.40471317426,-5627.20323492243
0.194607426643166,-0.0363020034746817,1.82942239237383,-1.79312038889915,1603.00634803533,3981.51456079275,-5584.52090882807
0.194683987387082,-0.0870418271358874,1.85624033961388,-1.769198512478,1467.08880730078,4089.33969346952,-5556.42850077031
0.19478215399066,-0.152127780726701,1.88910285011823,-1.73697506939153,1291.27078654524,4224.23216849813,-5515.50295504337
0.194906931753324,-0.234812888820779,1.92835930529348,-1.69354641647271,1065.52801545399,4390.05909149577,-5455.58710694975
0.195031709515988,-0.317342102538673,1.96475147909153,-1.64740937655286,837.541765088631,4549.36952251871,-5386.91128760734
0.195156487278652,-0.399590792991142,1.99822434244383,-1.59863354945269,607.65606351944,4701.92192650366,-5309.5779900231
0.195345959835262,-0.523622685468296,2.0433397994247,-1.51971711395641,255.856785249993,4920.04993084333,-5175.90671609332
0.195621590769255,-0.701362920296829,2.09638448687901,-1.39502156658219,-259.380835526068,5206.83225950444,-4947.45142397837
0.195749624483833,-0.782658220491463,2.11589672643876,-1.3332385059473,-499.585965321589,5327.4390578032,-4827.85309248161
0.19586544550057,-0.855304926551865,2.13069010105872,-1.27538517450686,-716.766913617594,5429.33286945985,-4712.56595584226
0.195981266517307,-0.926998187886657,2.14274746604737,-1.21574927816072,-933.530971705424,5524.23103787261,-4590.70006616718
0.196097087534044,-0.997645440140047,2.15205364978893,-1.15440820964889,-1149.59807925695,5612.01132553043,-4462.41324627348
0.196271900215339,-1.10206128735147,2.16086149208418,-1.05880020473271,-1473.67953534902,5730.73827016368,-4257.05873481466
0.196457520422045,-1.20973862174356,2.16329753296732,-0.953558911223769,-1814.24969782113,5838.3772411926,-4024.12754337147
0.196506839026441,-1.23777060933002,2.16274588986626,-0.924975280536247,-1904.04711507987,5863.75892487314,-3959.71180979328
0.196596898169122,-1.28826541882679,2.16043901929618,-0.872173600469397,-2067.05943046333,5906.55430333411,-3839.49487287078
0.19673217620369,-1.36235854423566,2.15382366406237,-0.79146511982671,-2309.34845948648,5962.15414777764,-3652.80568829115
0.196832402943394,-1.41584503792285,2.14648831353068,-0.73064327560783,-2486.70462965445,5996.58815376587,-3509.88352411142
0.196983585094202,-1.49410005069559,2.1315260548243,-0.63742600412872,-2750.24364062566,6037.54484484344,-3287.30120421779
0.19706625812503,-1.53562671571623,2.12136819626277,-0.585741480546555,-2892.21776467581,6054.33714143487,-3162.11937675906
0.197189814064076,-1.59591846092755,2.10360656714528,-0.507688106217747,-3101.23472263472,6072.00241146212,-2970.7676888274
0.197313370003123,-1.65401946498197,2.08277471123565,-0.428755246253693,-3306.21732605141,6080.74617524531,-2774.5288491939
0.197496842426731,-1.736044403202,2.04625524184974,-0.310210838647748,-3602.41954710875,6077.24925050711,-2474.82970339837
0.197683248027637,-1.81396095447514,2.00241916565806,-0.188458211182929,-3892.55396522843,6053.54960439303,-2160.9956391646
0.197764138838321,-1.84602621363193,1.98131024564643,-0.135284032014507,-4014.89576943565,6036.95694612306,-2022.0611766874
0.19782992522357,-1.87129430751714,1.96322969059606,-0.0919353830789229,-4112.68978644707,6020.65731584976,-1907.96752940269
0.197940428462414,-1.91206527586626,1.93104379474518,-0.0189785188789358,-4273.37117831717,5987.64182356658,-1714.27064524941
0.198085395075298,-1.96230569233356,1.88542494641584,0.0768807459177129,-4477.08374599715,5933.67770715658,-1456.59396115943
0.198188961133724,-1.99590268615915,1.85051151292252,0.145391173236618,-4617.53621899943,5887.76571278606,-1270.22949378663
0.198275564989081,-2.02249657402767,1.81986209991791,0.20263447410975,-4731.60105126159,5844.70492446079,-1113.10387319919
0.198390874902255,-2.05574206355903,1.77704652162947,0.27869554192955,-4878.5100068853,5780.83995339753,-902.329946512232
0.198540916369085,-2.09523670342837,1.71799138499319,0.377245318435165,-5060.88827579846,5686.70669236084,-625.818416562379
0.198757141243054,-2.14449767924268,1.6265049433639,0.51799273587877,-5305.46713395628,5529.55174172856,-224.084607772276
0.199038262560129,-2.19471694180191,1.49694149964548,0.697775442156419,-5589.63795858758,5288.43178451312,301.206174074456
0.199209727481629,-2.21756770775345,1.41230246141383,0.805265246339605,-5743.58631475314,5121.45544762649,622.130867126651
0.199341482310066,-2.23105499172733,1.34458321492382,0.886471776803501,-5851.49165598961,4983.29498932615,868.196666663455
0.199432962918766,-2.23832283169161,1.29626224271736,0.942060588974238,-5920.98534630145,4882.46702832397,1038.51831797748
0.199524443527466,-2.24386412879727,1.24692672265002,0.996937406147239,-5985.95437141829,4777.73189009324,1208.22248132505
0.199661949088442,-2.24893595982254,1.17096281203823,1.07797314778429,-6074.9726250386,4613.17112857245,1461.80149646615
0.199803749172324,-2.250063627158,1.0904720591114,1.15959156804658,-6155.77675065653,4434.75944131072,1721.01730934581
0.19989882304147,-2.24848597094903,1.03534478376533,1.21314118718369,-6203.63697105277,4310.32828262678,1893.30868842598
0.199955206890788,-2.24666563996942,1.00223595666648,1.24442968330293,-6229.60232576419,4234.76446279073,1994.83786297347
0.200028636339397,-2.24330887344282,0.958681512515748,1.28462736092706,-6260.69618926249,4134.44357621525,2126.25261304725
0.200147775036949,-2.23549491114967,0.887025623532726,1.34846928761693,-6304.55715806364,3967.21143574654,2337.3457223171
0.200353424884239,-2.2151533864723,0.760749326732652,1.45440405973963,-6360.93948610858,3666.24566641821,2694.69381969037
0.200632236292779,-2.17387440904987,0.585134622499329,1.58873978655052,-6398.03357644455,3235.32190401059,3162.71167243396
0.200822767886531,-2.13670907390962,0.462664020648171,1.67404505326143,-6397.24744578156,2926.82125591619,3470.42618986537
0.200959434916085,-2.10565503271479,0.37388403447609,1.73177099823868,-6383.58913042478,2699.26395522777,3684.32517519701
0.201018643028953,-2.09107616617147,0.335225763707193,1.75585040246426,-6374.27780404073,2599.1679828911,3775.10982114962
0.201119102065469,-2.06481217393152,0.269439375495725,1.79537279843579,-6353.80169352053,2427.44164383043,3926.3600496901
0.201219561101985,-2.03664453425782,0.20345312216374,1.83319141209406,-6327.45742931316,2253.4521558291,4074.00527348406
0.2013200201385,-2.00660078318185,0.137330264819689,1.86927051836214,-6295.27236243723,2077.36678138718,4217.90558105006
0.201491077906346,-1.95123007692047,0.0246469696285419,1.92658310729192,-6227.14928222708,1773.3082963677,4453.84098585938
0.20158091485553,-1.92004975099831,-0.0345277513634365,1.95457750236174,-6184.68265636537,1611.62645481663,4573.05620154874
0.201670751804715,-1.88746240066787,-0.0936222413886144,1.98108464205647,-6137.66084607344,1448.77948786746,4688.88135820598
0.2017605887539,-1.85349443060398,-0.152588857309137,2.0060832879131,-6086.1222175199,1284.89865443502,4801.22356308488
0.201916576829557,-1.79133162558998,-0.254506147315533,2.0458377729055,-5986.0563405415,998.350359710972,4987.70598083053
0.202170439356768,-1.68190690279204,-0.418505350322984,2.10041225311501,-5795.15449249541,528.279845983185,5266.87464651222
0.202275871511382,-1.63352235200408,-0.485837576336289,2.11935992834035,-5705.77478376068,331.981359917826,5373.79342384285
0.202381873063042,-1.58324246144785,-0.552921012006899,2.13616347345473,-5610.12550034647,134.425751716707,5475.69974862977
0.202510341505655,-1.52019596639881,-0.633285671116143,2.15348163751494,-5486.59146027082,-104.930261408225,5591.52172167904
0.202615522630345,-1.46691365398102,-0.698246161790199,2.1651598157712,-5379.35273788755,-300.625281981423,5679.97801986897
0.202720703755035,-1.41219941784214,-0.762372442314776,2.1745718601569,-5266.75789774591,-495.830491123043,5762.58838886895
0.202825884879724,-1.35611336377822,-0.825594325536525,2.18170768931473,-5148.93109862791,-690.332193084201,5839.26329171211
0.202915121497833,-1.3074966548721,-0.878474941314664,2.18597159618675,-5044.9534898251,-854.649170708313,5899.60266053341
0.203004358115942,-1.25797489697481,-0.930613389884678,2.18858828685947,-4937.38474166245,-1018.17802031525,5955.5627619777
0.203135445452386,-1.18368061144412,-1.00576042956928,2.18944104101338,-4773.06100018872,-1256.66332874432,6029.72432893303
0.203246374776156,-1.11943983628538,-1.06794257022935,2.18738240651472,-4628.29376127702,-1456.64744973631,6084.94121101334
0.203357304099925,-1.05402896336394,-1.12874875825137,2.1827777216153,-4478.48555985433,-1654.68540981378,6133.17096966811
0.203468233423695,-0.987528067227895,-1.18810472226027,2.17563278948815,-4323.82012881826,-1850.5353367147,6174.35546553295
0.203603510580503,-0.905082089970589,-1.25841408783775,2.16349617780833,-4128.92914877909,-2086.04129336598,6214.97044214508
0.20373878773731,-0.821285086214271,-1.32633295742526,2.14761804363951,-3927.45091839274,-2317.51508868782,6244.96600708056
0.203878989307896,-0.733175290458432,-1.39406978918131,2.12724507963973,-3712.08074197299,-2552.71060823605,6264.79135020904
0.203944484510821,-0.691608603788808,-1.42476059486667,2.11636919865547,-3609.26612941336,-2660.84932772934,6270.1154571427
0.204038253215952,-0.631714733906813,-1.46759425657131,2.09930899047811,-3459.78876664872,-2813.57349340731,6273.36226005603
0.204164545426963,-0.550416915751422,-1.52316799743778,2.07358491318919,-3254.43477641848,-3015.15811854308,6269.59289496156
0.204368272957497,-0.418080714501515,-1.60747454074763,2.02555525524913,-2914.26855241523,-3329.58901714006,6243.85756955528
0.2046426563998,-0.238370365225231,-1.71007977978864,1.94845014501387,-2440.96519976424,-3730.13551578075,6171.10071554499
0.204733765574005,-0.178419861329852,-1.74131691590314,1.91973677723298,-2280.21121328829,-3857.09617867743,6137.30739196572
0.204853759386982,-0.099460841747875,-1.78018668118899,1.87964752293685,-2066.3117753667,-4019.25309836917,6085.56487373587
0.204923290249396,-0.0537329691923722,-1.80151603417984,1.8552490033722,-1941.30397620103,-4110.53242168243,6051.83639788346
0.20500823301729,0.00205748294550887,-1.82636193143605,1.82430444849054,-1787.66072657608,-4219.27655801641,6006.93728459249
0.205140577752863,0.0887233911230307,-1.86237626314878,1.77365287202574,-1546.51706912837,-4382.45267895285,5928.96974808121
0.205354561664331,0.227815316249636,-1.91351083893239,1.68569552268275,-1153.12247559767,-4629.50103520139,5782.62351079906
0.205463271312708,0.297892095325414,-1.93609558104928,1.63820348572386,-951.882919641016,-4746.89375917325,5698.77667881427
0.205571980961086,0.367436394123338,-1.95634710081365,1.5889107066903,-750.103828837948,-4858.58142909071,5608.68525792866
0.205680690609464,0.436365881007408,-1.97424149883341,1.537875617826,-548.024252209386,-4964.4319153746,5512.45616758399
0.205851157390185,0.542993780594031,-1.9975001920993,1.45450641150526,-231.193417172219,-5118.32907569236,5349.52249286457
0.206017992248108,0.645404256684533,-2.0145417502765,1.36913749359197,78.17394856383,-5254.34852441606,5176.17457585223
0.206089673207319,0.688763793005589,-2.02011632796458,1.33135253495899,210.726491094978,-5308.2854247237,5097.55893362872
0.206129418281754,0.712622402441616,-2.02275192115318,1.31012951871156,284.076695636685,-5337.00271095928,5052.9260153226
0.206229217164252,0.771913901754516,-2.02793376848326,1.25601986672874,467.669242235119,-5405.32291104421,4937.65366880909
0.206329016046751,0.83028831840752,-2.03105925817447,1.20077093976694,650.312419170656,-5468.18655138799,4817.87413221733
0.206499453382131,0.92767069799741,-2.03163495870814,1.10396426071073,959.44138943883,-5562.73461838993,4603.2932289511
0.206583203227277,0.974417620543899,-2.02971708517073,1.05529946462683,1109.93273269041,-5603.23667986324,4493.30394717283
0.206666953072422,1.02037971531159,-2.0263501001631,1.00597038485151,1259.31413036292,-5639.76097966341,4380.44684930049
0.206798377715512,1.09083467002315,-2.01815257829222,0.927317908269066,1491.20350788947,-5688.99012122765,4197.78661333818
0.207007557028402,1.19848226527398,-1.99780495635114,0.799322691077158,1852.98819240862,-5746.80124505936,3893.81305265074
0.207160024101637,1.27330600794381,-1.97735867279234,0.704052664848529,2110.4860123516,-5772.95858572378,3662.47257337218
0.207185651821375,1.28557156659226,-1.9734592913099,0.687887724717641,2153.22037095353,-5776.02751062417,3622.80713967064
0.20726583872201,1.32333452611615,-1.96040857846201,0.637074052345853,2285.78940041623,-5783.14870229698,3497.35930188075
0.20745424583748,1.40827557680028,-1.92472491927619,0.516449342475909,2590.03171184335,-5785.08369384604,3195.05198200269
0.207486268664448,1.4221829906493,-1.91796039084363,0.49577740019433,2640.72699382001,-5783.34840009708,3142.62140627707
0.207592506196787,1.46715875212638,-1.8940912605705,0.426932508444125,2806.57784997582,-5773.30021492598,2966.72236495016
0.207741303253094,1.52708258168541,-1.85701048051421,0.3299278988288,3032.59743940813,-5748.16459095961,2715.56715155148
0.207890100309401,1.58332240945953,-1.815737700604,0.232415291144463,3250.90947736477,-5710.17175549847,2459.26227813369
0.208102553792882,1.65696848805029,-1.74974699661112,0.0927785085608349,3548.21215174537,-5633.84529206899,2085.63314032362
0.208204082914779,1.68935059556838,-1.71532225727306,0.025971661704684,3684.10738334148,-5588.24864514655,1904.14126180508
0.208305612036676,1.71985146356377,-1.6790900464805,-0.0407614170832641,3815.7471950446,-5536.82692951263,1721.07973446802
0.208407141158573,1.74844006649794,-1.64108758918492,-0.107352477313017,3942.99712949978,-5479.63311211332,1536.63598261354
0.208539145281862,1.78269956667438,-1.58910092079455,-0.193598645879824,4101.6503576301,-5396.74816296308,1295.09780533298
0.208671149405151,1.81362068528295,-1.53427670047929,-0.279343984803657,4252.39877959965,-5304.35072527514,1051.95194567549
0.208861525042909,1.85221771985419,-1.45042987013364,-0.401787849720553,4455.30566645393,-5154.71831873155,699.412652277619
0.208918457149527,1.86237690869188,-1.42427506216797,-0.438101846523909,4512.61865322869,-5106.24173654202,593.623083313324
0.208997023558361,1.87533243337994,-1.38740633256292,-0.48792610081702,4589.06651225135,-5036.59932046781,447.532808216461
0.20910350840557,1.8909103437719,-1.33603803622994,-0.554872307541963,4687.71444262205,-4937.19927737032,249.484834748275
0.209287846619856,1.9124387683,-1.2434874291983,-0.66895133910169,4844.65600913012,-4751.84972397129,-92.8062851588334
0.209429875049325,1.92429809411324,-1.16916559945441,-0.755132494658826,4953.42091118424,-4597.80826288105,-355.612648303192
0.209475533124584,1.92723251257299,-1.14473654145549,-0.782495971117492,4986.10613193495,-4546.25290111021,-439.853230824737
0.209584833047692,1.93251136555095,-1.08527073311012,-0.847240632440827,5059.73944633486,-4418.96946964994,-640.769976684912
0.2096941329708,1.93532497524674,-1.02445704987385,-0.91086792537288,5126.81959182622,-4286.32459642,-840.494995406218
0.209848045770895,1.93510206804819,-0.936687402950774,-0.998414665097409,5210.00927203506,-4090.78190221307,-1119.22736982199
0.209879081601332,1.93446415784244,-0.918691835333287,-1.01577232250915,5225.182183153,-4050.12219815756,-1175.05998499544
0.209942881297967,1.93252809156514,-0.881411935007029,-1.05111615655811,5254.65954806675,-3965.30198854272,-1289.35755952403
0.210006680994603,1.92975215234345,-0.843754959242047,-1.0859971931014,5281.82554816916,-3878.83780486215,-1402.987743307
0.210192616649508,1.91688944447544,-0.732047097301859,-1.18484234717358,5347.69490710716,-3617.91461091082,-1729.78029619633
0.210418183644279,1.89180244738885,-0.592991370118719,-1.29881107727013,5400.83527989815,-3284.4282459751,-2116.40703392305
0.210536078461876,1.87457979260382,-0.518913659588747,-1.35566613301507,5416.87418549231,-3103.07933976631,-2313.794845726
0.210594874837693,1.86494542895425,-0.481659339518001,-1.38328608943624,5421.84526029651,-3010.9452139668,-2410.90004632971
0.210705523433211,1.84494963946976,-0.411074336385523,-1.43387530308423,5425.72265351324,-2834.71138818086,-2591.01126533238
0.210816172028728,1.82253555381546,-0.339924368585419,-1.48261118523003,5422.44704861587,-2654.90304458378,-2767.54400403209
0.210985427822694,1.78364280416146,-0.230216813474659,-1.5534259906868,5403.61811188006,-2373.50342444329,-3030.11468743676
0.211224509490189,1.71942156063063,-0.0740109113250441,-1.64541064930558,5348.68952935287,-1964.3684300613,-3384.32109929157
0.211400411970551,1.66537659315909,0.0414946497333926,-1.70687124289248,5287.22240978766,-1655.55634940538,-3631.66606038229
0.211519681285693,1.62554517930817,0.11988953534979,-1.74543471465796,5235.48282196055,-1442.94351455824,-3792.53930740231
0.211581407338353,1.60394128017459,0.160441511146637,-1.76438279132123,5205.53752778052,-1332.00500039717,-3873.53252738335
0.21166818793661,1.57245408735957,0.217378179018631,-1.7898322663782,5159.81988208369,-1175.13601399921,-3984.68386808447
0.211819759488921,1.51440743539209,0.316485952153393,-1.83089338754548,5069.94043810844,-898.976022526748,-4170.96441558169
0.211879510755686,1.49046886195826,0.355419711065337,-1.8458885730236,5031.01987590269,-789.40032316601,-4241.61955273668
0.211991637517173,1.44399561324066,0.428174441426109,-1.87217005466677,4952.75502540498,-582.970782960004,-4369.78424244498
0.21210376427866,1.39553904106063,0.500467029978337,-1.89600607103896,4867.73854611455,-375.668354440539,-4492.07019167401
0.212215370577741,1.34539655864318,0.571877824085799,-1.91727438272898,4776.51536181814,-168.711805738542,-4607.8035560796
0.212363491714724,1.27602251782546,0.665644311704974,-1.94166682953043,4645.49230400142,106.421868281482,-4751.91417228291
0.212511612851707,1.20355195994596,0.758091422965265,-1.96164338291123,4503.35825115425,381.588476764264,-4884.94672791851
0.21258042198739,1.16886432495122,0.800547605037519,-1.96941192998874,4433.61179140664,509.305911257746,-4942.91770266439
0.212649231123072,1.13355911317871,0.842654685228272,-1.97621379840698,4361.5665009431,636.838771670788,-4998.40527261388
0.212752867503751,1.07926034137274,0.905366195421473,-1.98462653679421,4248.80289574214,828.424603908276,-5077.22749965042
0.212940067683127,0.977947633216716,1.01626989865834,-1.99421753187506,4032.56864126286,1172.30882345228,-5204.87746471513
0.213108964401054,0.88316703480176,1.11349833874572,-1.99666537354749,3824.03990529043,1479.50568282373,-5303.54558811416
0.213196697995489,0.832743176056687,1.16286753812963,-1.99561071418632,3710.84784763054,1637.69292066662,-5348.54076829716
0.213256995509748,0.797649230902456,1.19631404200186,-1.99396327290432,3631.19478027451,1745.75584327064,-5376.95062354515
0.213366020241214,0.733348399048064,1.25573108318592,-1.98907948223398,3483.46643920394,1939.60450080214,-5423.07094000608
0.213502305270741,0.651528157672414,1.32800522594963,-1.97953338362204,3292.3021795998,2178.8579373949,-5471.1601169947
0.213707242700526,0.525815484749258,1.43221072784168,-1.95802621259094,2992.05174524438,2531.24559810913,-5523.2973433535
0.213976304249908,0.356678839442952,1.56022118641028,-1.91690002585324,2576.44855682175,2978.25111653449,-5554.69967335624
0.214198277673964,0.214300860603132,1.65781996109602,-1.87212082169915,2216.89266420455,3331.94786464984,-5548.84052885439
0.214352893991391,0.113984140055454,1.7212594985552,-1.83524363861066,1958.46501460223,3569.31083003777,-5527.77584464
0.214437767894721,0.0586195399707526,1.75443011202191,-1.81304965199267,1814.07783419775,3696.21528853251,-5510.29312273027
0.214555401991061,-0.018338739511321,1.79839019890214,-1.78005145939082,1611.32087594933,3867.83861632166,-5479.15949227099
0.2146730360874,-0.0954742118282879,1.83996454662562,-1.74449033479733,1405.71819557419,4034.32624983746,-5440.04444541165
0.214851304307156,-0.21243991223305,1.89827983524154,-1.6858399230085,1089.42951400908,4276.27360408201,-5365.70311809109
0.214917578296728,-0.255915886402538,1.91850427609911,-1.66258838969658,970.477624586822,4362.97809504251,-5333.45571962933
0.2149838522863,-0.299344418274876,1.93791887876757,-1.6385744604927,850.902047294082,4447.83610153141,-5298.73814882549
0.215137555046455,-0.399748489934289,1.97977047308824,-1.58002198315395,571.54973961361,4637.27776155507,-5208.82750116868
0.215378644156704,-0.555872976635554,2.03629359594922,-1.48042061931368,128.990699030032,4912.84375423142,-5041.83445326145
0.215417789909702,-0.581054695152047,2.04441581529818,-1.46336112014614,56.6584648060689,4955.08023010977,-5011.73869491584
0.215506096833211,-0.637603003535081,2.06162520223661,-1.42402219870154,-106.756414598037,5047.63686573204,-4940.880451134
0.215625661632175,-0.713545568061193,2.08245370687217,-1.36890813881099,-328.400516717546,5166.8617534636,-4838.46123674606
0.215800325222531,-0.822987932797107,2.10771414155293,-1.28472620875583,-652.363438511522,5328.10947276658,-4675.74603425506
0.216041139060876,-0.970405512113673,2.13236474976095,-1.16195923764729,-1097.70032545755,5524.48422333325,-4426.78389787571
0.216187004943228,-1.05752238370401,2.14152341964264,-1.08400103593864,-1366.04440450915,5628.51603206213,-4262.47162755299
0.216284251468594,-1.11456393585675,2.1451921348285,-1.03062819897175,-1543.97385244206,5691.45921219617,-4147.48535975411
0.216404058655386,-1.18358098722023,2.1470219948908,-0.963441007670583,-1761.75259772528,5761.81846035102,-4000.06586262574
0.216523865842178,-1.25112578157509,2.14588079814198,-0.894755016566902,-1977.68855230716,5824.1612197323,-3846.47266742514
0.216613688652213,-1.30074943823947,2.14307708098738,-0.842327642747921,-2138.21048505927,5865.59572270296,-3727.38523764369
0.216703511462249,-1.34945258004479,2.13860610606239,-0.789153526017606,-2297.39806739774,5902.44112592082,-3605.04305852308
0.216841965843615,-1.4226174142158,2.12845891484689,-0.705841500631103,-2539.81859914561,5950.17077951047,-3410.35218036486
0.216980420224982,-1.49336348404876,2.11437867219389,-0.621015188145148,-2778.30507085626,5986.84017520081,-3208.53510434455
0.217061821817779,-1.53378474923479,2.10427252255779,-0.570487773323009,-2916.53615157357,6003.21212523507,-3086.6759736615
0.21716775113233,-1.58501562773823,2.08911037693599,-0.504094749197774,-3093.9826807369,6018.73420474803,-2924.75152401113
0.21727368044688,-1.63464947630641,2.07168853544696,-0.437039059140568,-3268.50895105427,6027.70271534098,-2759.19376428671
0.217453379807896,-1.71501383461174,2.03703208771217,-0.322018253100448,-3557.25586306988,6027.90522558595,-2470.64936251607
0.217712281702749,-1.821862991435,1.97602870322828,-0.154165711793295,-3955.43600966523,5995.0467188783,-2039.61070921307
0.217891883927985,-1.88954962348261,1.92617103253728,-0.0366214090546882,-4218.39604288757,5949.33971875675,-1730.94367586918
0.218004567903804,-1.92920745979375,1.89181390844825,0.0373935513454863,-4377.38318960582,5911.1354884032,-1533.75229879738
0.218059537865365,-1.94774596734997,1.87420912190334,0.0735368454466178,-4453.17901726382,5889.84733198943,-1436.6683147256
0.218154413451349,-1.97846652019961,1.84254931864248,0.135917201557118,-4581.15764422413,5849.04838319396,-1267.89073896983
0.218232045339485,-2.00239045337526,1.81545495119609,0.186935502179153,-4683.15259094924,5811.85969034406,-1128.70709939482
0.218354163181684,-2.03777123164263,1.77071823203359,0.267052999609025,-4838.45132121145,5746.49890089624,-908.047579684784
0.218505777895602,-2.07780015864977,1.71166107958345,0.366139079066298,-5022.22122859219,5653.80662915821,-631.585400566022
0.218716430192344,-2.12608285769958,1.62339962164914,0.502683236050424,-5260.15995038756,5504.20761470109,-244.047664313527
0.218790490517026,-2.14101451992571,1.59068422185224,0.550330298073457,-5338.92392910998,5445.91169974833,-106.987770638357
0.218840917992969,-2.15056143473711,1.56792823119966,0.582633203537435,-5391.04034543886,5404.55698227788,-13.5166368390196
0.218955398011189,-2.17035184497107,1.51486892699088,0.65548291798018,-5504.70087774685,5305.76129976342,198.939577983434
0.21906987802941,-2.18751286986855,1.45991114173984,0.727601728128686,-5611.81048934005,5200.22805887402,411.582430466025
0.219258225284808,-2.20995990046288,1.36557954230896,0.844380358153904,-5773.36382036387,5012.36703247244,760.996787891426
0.219521845171495,-2.22917114356769,1.22594689204978,1.0032242515179,-5967.93202453735,4720.86737162531,1247.06465291204
0.219615249433013,-2.23255038042512,1.17442151371763,1.05812886670748,-6027.92942670609,4609.74728348762,1418.18214321847
0.219704667551883,-2.23409318685996,1.12418500107112,1.10990818578882,-6080.85171255496,4499.72655808838,1581.12515446658
0.219825240666481,-2.23355079838353,1.05511369377978,1.17843710460373,-6145.14034654318,4345.90236272236,1799.23798382082
0.219917743857299,-2.23109359483109,1.00112931139837,1.2299642834327,-6188.91686640424,4223.72767550927,1965.18919089496
0.220010247048117,-2.22686615135921,0.946336434209768,1.28052971714943,-6227.83318201694,4098.06144398073,2129.77173803621
0.220127085206231,-2.2190024608376,0.876051855111478,1.34295060572611,-6269.98544267341,3934.52600210143,2335.45944057198
0.220243923364346,-2.2083304376964,0.804645999864017,1.40368443783237,-6304.27381089256,3765.81110282233,2538.46270807024
0.220397476860157,-2.19006056868378,0.709273096237427,1.48078747244634,-6337.29472753057,3536.62215789246,2800.67256963811
0.220621228110884,-2.15490184257876,0.567650000012575,1.58725184256617,-6360.79255787452,3188.60888445472,3172.1836734198
0.220908508262852,-2.09518571136761,0.382220619846518,1.71296509152108,-6348.05932782595,2719.87424500523,3628.18508282072
0.221138379539834,-2.03585137680826,0.231702725280075,1.80414865152817,-6303.18569399151,2329.00954248351,3974.17615150799
0.221305714938999,-1.98637548569582,0.121410089572051,1.86496539612375,-6251.22190614346,2036.86671832841,4214.35518781505
0.221401752184475,-1.9556449596515,0.0579703770229015,1.89767458262858,-6214.10108400202,1866.6545738517,4347.44651015032
0.221527158847064,-1.91302563581284,-0.0248688291707773,1.93789446498361,-6157.69835523058,1642.00997143088,4515.6883837997
0.221584624980888,-1.89256277537664,-0.0628099436277431,1.95537271900437,-6128.86429008246,1538.21918603448,4590.64510404798
0.221666785359519,-1.86231231449888,-0.116988739525616,1.97930105402449,-6084.41114586386,1389.02432825569,4695.38681760817
0.221831193656044,-1.7983537073216,-0.225015114225901,2.02336882154749,-5984.18490368606,1088.06664248314,4896.11826120292
0.222076263484733,-1.69486330549924,-0.384545409328757,2.07940871482799,-5807.42390862242,634.99182572026,5172.43208290216
0.222176316839405,-1.64986789236578,-0.449066813902659,2.09893470626843,-5725.94575113637,448.750398637314,5277.19535249906
0.222246791077448,-1.61726655592219,-0.494230275121293,2.11149683104347,-5665.39393104491,317.33034220989,5348.06358883502
0.222348097427673,-1.5691325400816,-0.558679363508001,2.12781190358959,-5573.85640541094,128.253599706073,5445.60280570486
0.222482000275416,-1.50328699250572,-0.642911735399379,2.14619872790509,-5444.87498908393,-121.66394328861,5566.53893237254
0.222615903123158,-1.43500569913829,-0.72593576783541,2.16094146697368,-5306.98562324397,-371.221046146284,5678.20666939026
0.222812045440497,-1.33087437780005,-0.845024734174933,2.17589911197497,-5089.50446756541,-735.085868656559,5824.59033622197
0.222938936027593,-1.26101837343312,-0.920338751790866,2.18135712522397,-4939.23145286395,-969.01570081095,5908.2471536749
0.222995983952622,-1.22900864784947,-0.953718262117392,2.18272690996685,-4869.29027546689,-1073.69455727124,5942.98483273813
0.223087228398938,-1.17708422773889,-1.00643243474912,2.183516662488,-4754.46468333518,-1240.31609557772,5994.78077891291
0.223178472845254,-1.12429579748442,-1.05828642227462,2.18258221975903,-4636.06568644962,-1405.84921452599,6041.91490097561
0.223263745040963,-1.07421753880862,-1.10593345187485,2.18015099068346,-4522.26694230688,-1559.45057732899,6081.71751963586
0.223373088071673,-1.00901458569794,-1.16581946724774,2.17483405294567,-4372.0398679458,-1754.66086935513,6126.70073730094
0.223521081979106,-0.919128089710458,-1.24458537031047,2.16371346002092,-4161.31571585883,-2015.34454248573,6176.66025834455
0.223584992841981,-0.879753634816758,-1.27776488806786,2.15751852288461,-4067.74231039285,-2126.59370887573,6194.33601926858
0.223681655913869,-0.819632193234796,-1.32693050398944,2.14656269722423,-3923.431367133,-2293.13404986928,6216.56541700228
0.223804590682079,-0.742256758871004,-1.3876283041382,2.12988506300919,-3735.23885672905,-2501.73777892336,6236.97663565241
0.224000288174868,-0.617269155649222,-1.47979645141412,2.09706560706334,-3425.62162334369,-2825.63121113014,6251.25283447383
0.224265446036999,-0.44511085047407,-1.5954113445129,2.04052219498696,-2988.31893403481,-3246.55661557238,6234.87554960719
0.224530603899131,-0.270698781530682,-1.69972074172944,1.97041952326012,-2533.04018406342,-3644.49036968322,6177.53055374664
0.224713736720274,-0.149463340595237,-1.76483398989939,1.91429733049462,-2209.50084378664,-3904.65307422474,6114.15391801137
0.22485617392969,-0.0550531470862761,-1.81138187742974,1.86643502451602,-1953.56982602539,-4097.99737077147,6051.56719679686
0.224937299936016,-0.0013129842701195,-1.83625195413019,1.83756493840031,-1806.33195115266,-4204.43326405388,6010.76521520654
0.224986778343915,0.0314291703318626,-1.85082443466126,1.81939526432939,-1716.06911888489,-4267.98960926119,5984.05872814608
0.225067407062843,0.0846994624309786,-1.87359099514234,1.78889153271136,-1568.31238277391,-4369.29505301794,5937.60743579185
0.225206372544775,0.176169242077853,-1.90993924436418,1.73377000228633,-1311.97392872714,-4537.13582412661,5849.10975285374
0.225427937197849,0.320711830043192,-1.96017667677728,1.63946484673408,-900.009677105758,-4786.33280192564,5686.3424790314
0.225619164927125,0.443816254674699,-1.99578964857801,1.55197339390331,-542.27995984698,-4982.59950466725,5524.87946451423
0.225739965400794,0.520608306132752,-2.01453107178169,1.49392276564893,-315.803617311983,-5097.29329818979,5413.09691550177
0.225772199632128,0.54095503097059,-2.01903572576101,1.47808069479042,-255.355244778993,-5126.65525327795,5382.01049805694
0.22583947771768,0.583198037610182,-2.02775752770162,1.44455949009143,-129.251030810719,-5186.20996341842,5315.46099422914
0.22595745690765,0.656499070292838,-2.04082385519216,1.38432478489932,91.5481975681159,-5284.94251872025,5193.39432115214
0.226141971391961,0.768942342495442,-2.05553601321645,1.28659367072101,435.358352616356,-5424.51981860328,4989.16146598693
0.226389963229227,0.915270130766721,-2.06425218116635,1.14898205039963,892.764198957294,-5582.93017146416,4690.16597250687
0.226451752849295,0.950836628098902,-2.06444824184764,1.11361161374874,1005.78276671594,-5617.15038562391,4611.36761890796
0.226548123853423,1.00549376095899,-2.06317618576756,1.05768242480857,1180.97187020463,-5666.2305998561,4485.25872965148
0.226620125043893,1.04566499053872,-2.06097182937976,1.01530683884103,1310.94593973981,-5699.47237256327,4388.52643282345
0.226722208238394,1.10159557031392,-2.0560117503793,0.954416180065381,1493.72042616283,-5741.53847043495,4247.81804427212
0.226824291432896,1.15627983140209,-2.04890463387822,0.892624802476131,1674.58430328487,-5777.63299225881,4103.04868897394
0.226992633006113,1.24356274487992,-2.03252038056165,0.788957635681722,1968.09416456783,-5824.00640957342,3855.91224500559
0.227069717934732,1.28229887230213,-2.02308536804303,0.740786495740908,2100.42630012981,-5839.76194571428,3739.33564558446
0.22715797046766,1.32564216907981,-2.01080513103494,0.685162961955131,2250.1480382443,-5853.54812737437,3603.40008913007
0.227288930956462,1.38790914843751,-1.98969635229163,0.601787203854123,2468.55945504108,-5865.62048423453,3397.06102919345
0.227419891445264,1.44764480714103,-1.96516903967896,0.517524232537937,2682.18891485791,-5867.66303560042,3185.47412074252
0.227525453696897,1.49389085970141,-1.94293588329745,0.449045023596038,2850.68455250321,-5862.00639949286,3011.32184698965
0.227631015948529,1.53837724285533,-1.91853294692303,0.3801557040677,3015.6579688166,-5849.83692802762,2834.17895921102
0.227736578200162,1.58105523028653,-1.89198743538521,0.310932205098685,3176.92807746901,-5831.16855185543,2654.24047438643
0.22791489667674,1.64888836932149,-1.84237951301933,0.193491143697849,3440.36049985295,-5784.9529091581,2344.59240930515
0.228106505270508,1.7156342932097,-1.78254279430295,0.0669085010932579,3710.13683425563,-5714.88596229945,2004.74912804382
0.228177246145622,1.73863909222536,-1.7587665170651,0.0201274248397507,3806.13998158255,-5683.7020149095,1877.56203332695
0.228282375171574,1.77113718300501,-1.72181018246009,-0.0493270005449216,3944.98773732821,-5632.13202496976,1687.14428764155
0.228467537076067,1.82336223240805,-1.65213151743062,-0.171230714977429,4177.98052510937,-5526.2982807632,1348.31775565383
0.228569889007119,1.84945713118117,-1.61114475768195,-0.23831237349921,4300.31224096801,-5459.64538483281,1159.33314386481
0.228672240938172,1.87353488817221,-1.56846323892223,-0.305071649249979,4417.84783675047,-5387.2905394118,969.442702661334
0.228774592869224,1.89557066514309,-1.52413192366922,-0.371438741473863,4530.46515619115,-5309.30991028399,778.844754092839
0.228945187576257,1.92769117342525,-1.44672565731161,-0.480965516113632,4706.87787050441,-5167.10195454285,460.224084038444
0.229194858544184,1.96416313005752,-1.32594573817793,-0.638217391879585,4938.72319958162,-4932.23357587801,-6.48962370360778
0.229294180219461,1.97517026357295,-1.27549544706115,-0.699674816511792,5022.11435731431,-4830.10540253585,-192.008954778455
0.229335041346704,1.97911336608723,-1.25436632677775,-0.724747039309472,5054.91718353618,-4786.69775236247,-268.219431173708
0.22942986481838,1.98694196328525,-1.20453468383615,-0.782407279449095,5127.59841305458,-4682.92144950435,-444.676963550235
0.229524688290056,1.99291987454078,-1.15361328931554,-0.839306585225232,5195.43364551916,-4574.9483623651,-620.485283154063
0.229690783105666,1.99891659446735,-1.06195204854713,-0.93696454592022,5302.38119900102,-4376.05157896597,-926.329620035051
0.229829788777881,1.99955209029034,-0.982945084888387,-1.01660700540195,5380.13801971517,-4200.29252692092,-1179.84549279425
0.229913226114188,1.99801439209788,-0.934576279531061,-1.06343811256681,5421.60965932928,-4090.85381180245,-1330.75584752683
0.230024658960623,1.9937178255595,-0.868963189425549,-1.12475463613394,5470.83120065407,-3940.2894024464,-1530.54179820767
0.230158796201842,1.98515232124288,-0.788545101832268,-1.19660721941061,5520.65954076506,-3752.60372359666,-1768.0558171684
0.2302257354475,1.97949424669054,-0.747854206213113,-1.23164004047742,5541.65878683884,-3656.37278427189,-1885.28600256696
0.230302589330706,1.9718675517701,-0.700718092585498,-1.2711494591846,5562.57120569511,-3543.87553281414,-2018.69567288097
0.230416642744179,1.95833291018781,-0.630005258028104,-1.3283276521597,5587.28265330835,-3373.11055069976,-2214.17210260859
0.230562646436755,1.93716909435512,-0.538284593379913,-1.3988845009752,5607.85501632356,-3148.16883583398,-2459.68618048958
0.23070865012933,1.91173649318086,-0.445382197637567,-1.46635429554329,5615.97852377754,-2916.51313475808,-2699.46538901946
0.230909656073659,1.86985458992681,-0.315950570561984,-1.55390401936482,5606.78273547049,-2587.61194086131,-3019.17079460918
0.231174000873376,1.80294687508709,-0.143850045378967,-1.65909682970812,5558.8851131823,-2139.571578795,-3419.3135343873
0.231365751614435,1.74619590109642,-0.0181511501519276,-1.72804475094449,5498.83323781064,-1804.79821556713,-3694.03502224351
0.231514053096158,1.69771534661215,0.0792182303152268,-1.77693357692737,5437.93767260105,-1541.15061763799,-3896.78705496306
0.231608595700586,1.66477158107308,0.141253473557031,-1.80602505463011,5392.59793150529,-1371.20888254211,-4021.38904896318
0.231703138305015,1.63028300623352,0.203180182750747,-1.83346318898426,5342.23840705419,-1200.02961740477,-4142.20878964941
0.23179668202545,1.59466816252923,0.264293416505118,-1.85896157903435,5287.51513630393,-1029.58603764841,-4257.92909865553
0.231890225745885,1.55760153171787,0.325195988998824,-1.88279752071669,5227.97063301872,-858.22135746421,-4369.74927555451
0.232021392276434,1.50325152056251,0.410126014654655,-1.91337753521717,5136.47298915086,-616.700592323925,-4519.77239682693
0.232226153393806,1.41308914480424,0.541276852122431,-1.95436599692667,4975.35532505106,-237.763998671499,-4737.59132637956
0.23230184658732,1.37814715736122,0.589275250427187,-1.9674224077884,4910.20489267982,-97.2171748390818,-4812.98771784074
0.232395036152419,1.33399833060495,0.647918104553294,-1.98191643515825,4825.96841016702,75.8966632491755,-4901.8650734162
0.232488225717518,1.28863536866071,0.706020965649386,-1.99465633431009,4737.35188910575,248.971258126979,-4986.32314723273
0.232625829031073,1.21952666431472,0.79070963829151,-2.01023630260623,4598.67945785104,504.107159613805,-5102.78661746484
0.232763432344628,1.14798599921044,0.873955990838511,-2.02194199004895,4450.89026266186,758.361853241263,-5209.25211590313
0.232959284493463,1.04226659328808,0.989611339474244,-2.03187793276233,4225.44593786707,1117.67696166728,-5343.12289953435
0.23310905486812,0.958509408762573,1.07562304805215,-2.03413245681472,4041.45684315216,1389.8279112147,-5431.28475436686
0.233199835856478,0.906594972046631,1.12664586960683,-2.03324084165346,3925.22405035651,1553.41149607487,-5478.63554643138
0.233253845413483,0.875322861947487,1.15657865693097,-2.03190151887846,3854.43930330856,1650.16293645793,-5504.60223976649
0.233334001354268,0.828411731792063,1.20039114323945,-2.02880287503151,3747.21156058381,1792.87155266811,-5540.08311325192
0.233424114958423,0.774989622211561,1.24874718553496,-2.02373680774653,3623.62855166719,1951.96194247558,-5575.59049414277
0.23353700371495,0.70711101176807,1.30792285131964,-2.01503386308771,3464.43277969748,2149.05549037824,-5613.48827007573
0.233685619134807,0.616273191251507,1.38332738879686,-1.99960058004837,3247.76570005829,2404.37923161302,-5652.14493167132
0.233900285553839,0.482502036763601,1.48690410282953,-1.96940613959314,2921.5509964341,2763.75177480624,-5685.30277124034
0.234174640301138,0.308012887938393,1.6094300718759,-1.9174429598143,2484.01914617432,3204.51681108904,-5688.53595726336
0.234297032851841,0.229083817426301,1.6603930458801,-1.88947686330641,2281.83802076308,3393.96470587765,-5675.80272664073
0.23441562669082,0.152177840329521,1.70745346932226,-1.85963130965178,2082.35415019887,3572.77748226624,-5655.13163246512
0.234534220529799,0.0749620338823549,1.75216271408227,-1.82712474796463,1879.63469466316,3746.65543418109,-5626.29012884425
0.234652814368779,-0.00245775953696571,1.79446011847876,-1.7920023589418,1673.9584768703,3915.36235845691,-5589.32083532721
0.234830250161398,-0.118403328303665,1.85309645586817,-1.73469312756451,1361.42860011109,4157.54513456756,-5518.97373467866
0.234888603972627,-0.15654151567675,1.87115150979634,-1.71460999411959,1257.44865045625,4234.46511546365,-5491.9137659199
0.234968672317339,-0.20881759469842,1.89490596604869,-1.68608837135027,1113.97249073983,4337.68881746265,-5451.66130820248
0.235065383172223,-0.271835322229794,1.92200767180269,-1.65017234957291,939.547673409634,4458.71083483373,-5398.25850824336
0.235240787371565,-0.385574500895986,1.96663537086437,-1.58106086996839,620.632581649254,4667.60694783005,-5288.23952947931
0.235290777959025,-0.417847221303941,1.97828120698354,-1.5604339856796,529.170034257387,4724.61827574058,-5253.78830999797
0.235377628152046,-0.473699758893194,1.99735738025324,-1.52365762136005,369.849614336512,4820.88593087149,-5190.735545208
0.235491010928715,-0.546146949706089,2.0200338451541,-1.47388689544802,161.215713291036,4941.15921342059,-5102.37492671163
0.235681538503284,-0.66642657491689,2.05237897783162,-1.38595240291473,-190.2357162378,5129.05630036435,-4938.82058412655
0.235860474324609,-0.777448648173535,2.07611067775145,-1.29866202957792,-520.490340930499,5288.88475816466,-4768.39441723416
0.235949265996855,-0.831756214215581,2.08547735583732,-1.25372114162175,-684.180463172002,5362.08474930391,-4677.90428613191
0.236039901908067,-0.886574843600225,2.09337422735823,-1.20679938375802,-850.899887787321,5432.51144491113,-4581.61155712381
0.236130537819279,-0.940726423469593,2.09958340850007,-1.15885698503049,-1017.11153724432,5498.54451063785,-4481.43297339353
0.23622117373049,-0.994167608120166,2.10409999170288,-1.10993238358273,-1182.68217181206,5560.13161199975,-4377.44944018768
0.236379305365226,-1.08554988973707,2.10791558850344,-1.02236569876638,-1469.53477727924,5656.76452675653,-4187.22974947728
0.236457217519388,-1.12967669770407,2.10789441007228,-0.97821771236822,-1609.83104654158,5699.28737063401,-4089.45632409244
0.236590868389089,-1.20385400432856,2.10493331021124,-0.901079305882692,-1848.46409894258,5764.27185711222,-3915.80775816963
0.236724519258789,-1.276018898893,2.09828205706109,-0.822263158168096,-2084.22463177796,5819.12140747254,-3734.89677569458
0.236858170128489,-1.34604499358824,2.08795195875769,-0.741906965169463,-2316.69974502133,5863.74039579089,-3547.04065076956
0.237058408389387,-1.44664651517825,2.06563833036407,-0.618991815185831,-2657.81844732265,5911.25796153231,-3253.43951420966
0.237137901556718,-1.48511221347097,2.05451440678049,-0.569402193309527,-2790.72309764718,5923.67366360705,-3132.95056595987
0.237218769814077,-1.52332956845672,2.04188994680954,-0.518560378352828,-2924.27081965725,5932.5191098201,-3008.24829016285
0.237299638071437,-1.56060112414133,2.02795418025886,-0.467353056117551,-3056.06357680157,5937.54163373728,-2881.47805693571
0.237424046212119,-1.61603042295695,2.00397896060872,-0.387948537651785,-3255.16532472011,5937.79818446524,-2682.63285974513
0.237629826531083,-1.70241415211647,1.95767592742782,-0.255261775311365,-3573.99126636679,5918.37090208831,-2344.37963572152
0.237903334747127,-1.80647772274108,1.88361817382012,-0.0771404510790494,-3975.5313750124,5854.44725711443,-1878.91588210203
0.238056183218328,-1.85911545942118,1.83613169914237,0.0229837602787969,-4188.21420743701,5799.88191786687,-1611.66771042986
0.23820903168953,-1.90759556746176,1.78443271697976,0.123162850481987,-4391.69942029084,5731.96733687089,-1340.26791658005
0.238361880160731,-1.95180305381489,1.72864108547302,0.223161968341857,-4585.50603947398,5650.85919987336,-1065.35316039938
0.238514728631932,-1.99163541035614,1.66888428260528,0.322751127750846,-4769.18604229892,5556.74308454555,-787.557042246631
0.238712072788859,-2.03642982672367,1.58611175613487,0.450318070588778,-4990.61092861643,5416.38203202952,-425.77110341309
0.238807878081737,-2.05545032516226,1.5436979937333,0.511752331428938,-5091.5671046029,5340.67117938605,-249.104074783153
0.238903683374616,-2.07265500411009,1.49989333548159,0.572761668628484,-5188.07589490439,5260.12746046948,-72.0515655650943
0.238999488667494,-2.08802801239023,1.45473737948468,0.633290632905528,-5280.04890240176,5174.82373257392,105.225169827838
0.239168782533011,-2.11066512107728,1.37179101020104,0.738874110876227,-5431.18171413846,5012.74004056458,418.441673573877
0.239362840855108,-2.12943989602101,1.27199622135694,0.857443674664065,-5586.11281981268,4809.596480193,776.516339619674
0.239409807209943,-2.1328281321452,1.24710477023767,0.885723361907524,-5620.63979682738,4757.68177676711,862.958020060269
0.239520359697335,-2.13900900358435,1.18747041712024,0.951538586464089,-5697.19919975152,4631.44261679115,1065.75658296038
0.239630912184726,-2.14266754112682,1.12641445862239,1.01625308250441,-5767.09265930357,4499.6263321001,1267.46632720347
0.239776601657086,-2.14362916856344,1.04391392237458,1.09971524618884,-5848.87102148563,4317.68486769159,1531.18615379404
0.239887988150284,-2.14140275296292,0.979352360860811,1.1620503921021,-5903.39294330092,4172.44177303012,1730.9511702708
0.239999374643483,-2.13661152067214,0.913597923915265,1.22301359675686,-5950.89525509985,4022.09014454438,1928.80511055547
0.240110761136681,-2.12926064711346,0.846731567880854,1.28252907923259,-5991.31694742587,3866.81503913392,2124.50190829195
0.240288088496923,-2.11230327658693,0.738222710246944,1.37408056633997,-6040.92023530574,3610.01272137837,2430.90751392737
0.240501574024145,-2.08339280121724,0.604636117877052,1.47875668334017,-6076.44163774514,3286.15582948425,2790.28580826089
0.240596254514951,-2.06761839785162,0.544448333307241,1.52317006454436,-6083.70391148892,3137.60486886832,2946.0990426206
0.240645619159977,-2.05868160388923,0.512871440161091,1.54581016372813,-6085.41130437799,3059.03508666318,3026.37621771481
0.240757995894224,-2.03653658996072,0.44055846972743,1.59597812023328,-6083.9787749324,2877.49509819793,3206.48367673447
0.240870372628471,-2.0119071161148,0.367704625855923,1.64420249025886,-6075.15829153162,2692.37399237072,3382.7842991609
0.24104938209581,-1.96763043434545,0.250791180675905,1.71683925366953,-6045.88830340438,2390.74548391935,3655.14281948503
0.24130213537449,-1.89481854236571,0.0845625998752062,1.81025594249049,-5972.92511555598,1952.45352259431,4020.47159296167
0.241430241897569,-1.85338922848579,-2.57083794516486e-05,1.85341493686523,-5921.87304308796,1725.23145961506,4196.6415834729
0.241558348420648,-1.80902228791682,-0.0846079136696013,1.89363020158641,-5861.46833563599,1495.21178450714,4366.25655112885
0.241714901744845,-1.75092746343251,-0.187748316820794,1.93867578025329,-5775.10443092945,1210.90366348801,4564.20076744143
0.24179074321202,-1.72127547762009,-0.237581258279364,1.95885673589944,-5728.33949246089,1072.02424367359,4656.3152487873
0.24191258921702,-1.67165113586001,-0.317330624057419,1.98898175991742,-5646.59035040358,847.694995921336,4798.89535448225
0.242034435222019,-1.6196330016604,-0.396609830885515,2.0162428325459,-5556.77450941892,622.120816320778,4934.65369309814
0.242214687535564,-1.53847303368928,-0.51275151330391,2.05122454699317,-5409.43196579077,286.928417681026,5122.50354810975
0.242314545597123,-1.49140207455406,-0.576433070138655,2.0678351446927,-5320.46402091217,100.684673804598,5219.77934710757
0.242414403658683,-1.44289804462821,-0.639545453415615,2.08244349804382,-5226.39141884038,-85.6642748930553,5312.05569373343
0.242471532870816,-1.41451907999965,-0.675376700491589,2.08989578049123,-5170.30478575632,-192.264678996797,5362.56946475311
0.242572390663901,-1.36334483167416,-0.738086669258948,2.1014315009331,-5067.34882377103,-380.269020093406,5447.61784386444
0.242711093890005,-1.29081097326389,-0.823088240273796,2.11389921353767,-4917.71086083014,-638.12633132625,5555.83719215639
0.242922762157576,-1.17561597925598,-0.949680991867053,2.12529697112302,-4672.041085666,-1028.99085660528,5701.03194227128
0.243087531464937,-1.08239457466453,-1.0453754252915,2.12776999995602,-4466.78694275852,-1330.31067828111,5797.09762103963
0.243203005545338,-1.01535145113163,-1.11080529564992,2.12615674678155,-4315.93125457972,-1539.48299784913,5855.41425242885
0.243318479625738,-0.947014028598801,-1.17477186195986,2.12178589055865,-4159.55717063371,-1746.63845890006,5906.19562953377
0.243433953706139,-0.877471652756497,-1.23719118211072,2.11466283486721,-3997.86862581129,-1951.50480249812,5949.37342830941
0.243509447044118,-0.831392089081168,-1.27712951050777,2.10852159958893,-3889.37298060567,-2084.09407173719,5973.46705234287
0.243646213869881,-0.746800645545329,-1.34762255726362,2.09442320280895,-3687.50007436202,-2321.22239183203,6008.72246619406
0.243782980695645,-0.660886208401627,-1.4156275136583,2.07651372205992,-3479.03778244919,-2554.08174673654,6033.11952918572
0.243970481928419,-0.541268351576956,-1.50456590205464,2.04583425363159,-3183.30860501289,-2865.52594384246,6048.83454885535
0.244223062723895,-0.377472369452796,-1.61602179240968,1.99349416186247,-2768.49258978734,-3269.04249352855,6037.53508331589
0.244527583617659,-0.177254045968929,-1.73677556341739,1.91402960938632,-2246.6506094592,-3727.87920712486,5974.52981658406
0.244695223746386,-0.0661854708091398,-1.79663302728614,1.86281849809528,-1950.35216521353,-3966.56550547184,5916.91767068537
0.244862863875113,0.0449956228810228,-1.8515118238287,1.80651620094768,-1648.93230596487,-4194.2845071673,5843.21681313218
0.244913578085102,0.0786223944416111,-1.86711742884246,1.78849503440084,-1556.8178412362,-4260.94994442706,5817.76778566326
0.244983879006168,0.125185886319412,-1.88796313218358,1.76277724586417,-1428.53444852995,-4351.5628520411,5780.09730057106
0.245083589831485,0.191091312416689,-1.91594572999231,1.72485441757562,-1245.50643722565,-4476.4272297832,5721.93366700885
0.245272840886193,0.315496309221838,-1.96385040437689,1.64835409515505,-895.312625683072,-4701.18505500496,5596.49768068803
0.245538611995808,0.487983640657689,-2.01935798876454,1.53137434810685,-399.328087609453,-4988.53614432304,5387.8642319325
0.24569764634354,0.589664340894186,-2.04590714766384,1.45624280676966,-101.039176660451,-5144.19170171863,5245.23087837908
0.245815924142656,0.664331472515627,-2.06235495818433,1.3980234856687,120.921417940545,-5251.70663635989,5130.78521841934
0.245843794960542,0.681796496646175,-2.06581841981561,1.38402192316943,173.206611574955,-5276.00007694139,5102.79346536644
0.245918172250389,0.728131457027133,-2.0742849708902,1.34615351386307,312.611451163367,-5338.84200623102,5026.23055506765
0.246015885514223,0.788372957836468,-2.08368739891456,1.29531444107809,495.393119737793,-5416.96823256266,4921.57511282487
0.24620098609551,0.900313611092517,-2.09611430990107,1.19580069880855,839.868906558801,-5550.90572175539,4711.03681519659
0.24641282831992,1.02456899349092,-2.10165745045409,1.07708845696318,1230.143746648,-5681.20135170638,4451.05760505837
0.246503133673045,1.07620586046553,-2.10120004252527,1.02499418205974,1394.97494451548,-5729.19709825714,4334.22215374166
0.246619536351399,1.14145288421259,-2.09812082428737,0.956667940074789,1605.64722616029,-5784.26808346873,4178.62085730844
0.246719035425209,1.19600308476962,-2.09326907021902,0.897265985449407,1783.96254413895,-5825.23382846858,4041.27128432962
0.246850327802153,1.26615425060475,-2.08374632595811,0.817592075353364,2016.42013414745,-5870.59590232741,3854.17576817996
0.246981620179097,1.33412562292414,-2.07068789168612,0.73656226876198,2245.32536993107,-5906.00650105004,3660.68113111897
0.247167484899834,1.42637411109,-2.04620776106404,0.619833649974047,2562.46361362227,-5939.00104853002,3376.53743490775
0.247269178436032,1.4748114559183,-2.02985778463542,0.555046328717124,2732.33477981268,-5948.53078220373,3216.19600239105
0.247300965561676,1.48964545661359,-2.02432140970647,0.53467595309288,2784.86504318196,-5950.2691304808,3165.40408729884
0.247401638934055,1.53562196005704,-2.00546435586729,0.469842395810248,2949.30381167128,-5951.87042563224,3002.56661396097
0.247502312306435,1.5800471903234,-1.98460790913857,0.404560718815178,3110.71964907074,-5947.53891222934,2836.8192631586
0.247656894623948,1.64513131914953,-1.948746520707,0.303615201557482,3352.283422101,-5929.35905900309,2577.07563690209
0.247811476941461,1.70630933578775,-1.90830607795266,0.201996742164916,3585.80127056249,-5897.25724709191,2311.45597652942
0.248016431512814,1.78113603875238,-1.84780966862635,0.0666736298739787,3881.99551690475,-5833.38642485406,1951.39090794932
0.24816515069833,1.830822136034,-1.7991051813697,-0.0317169546642924,4086.85464945212,-5771.93973947145,1685.08509001932
0.248209141067096,1.84476036179795,-1.78393768361213,-0.0608226781858077,4145.76517554601,-5751.34552624407,1605.58035069806
0.248301441790007,1.87284606283925,-1.75101881416684,-0.121827248672404,4266.72876349318,-5704.59010034709,1437.86133685391
0.248455004279255,1.91604322509733,-1.69303222403801,-0.223011001059314,4459.82818188894,-5616.26531419989,1156.43713231095
0.248671895878474,1.9693837864584,-1.60452090918649,-0.3648628772719,4714.48601205798,-5469.47813287943,754.992120821448
0.248853771719504,2.00706414922563,-1.52455355796444,-0.482510591261183,4911.10621151151,-5326.87043800772,415.764226496201
0.248964218460179,2.02675655519923,-1.47353845792076,-0.553218097278454,5022.70683295357,-5231.76089048508,209.054057531509
0.249056614976405,2.04135204142945,-1.4295007153759,-0.611851326053539,5111.39210976125,-5147.3718273098,35.9797175485505
0.24914901149263,2.05422220255995,-1.38426651138985,-0.669955691170088,5195.73194238999,-5058.66990800174,-137.062034388257
0.24928422899465,2.06992360278106,-1.31600179874509,-0.753921804035959,5311.16649054979,-4921.26381739341,-389.902673156386
0.249498208006405,2.08710608347754,-1.20325749129693,-0.883848592180596,5473.97179583244,-4686.00312904388,-787.968666788556
0.249578235635962,2.09111339274205,-1.15964595306253,-0.9314674396795,5528.54811615586,-4592.48771221931,-936.060403936551
0.249627882109735,2.09293401223432,-1.13222204922941,-0.960711963004893,5560.64095114173,-4533.01684044218,-1027.62411069955
0.249734515070311,2.09511945735695,-1.07241518007391,-1.02270427728302,5624.94785027406,-4401.61977698077,-1223.32807329329
0.249863288372091,2.09462052666111,-0.998615289621446,-1.09600523703965,5694.12896681621,-4236.4343330235,-1457.69463379271
0.249911095325343,2.09356154021099,-0.970790855257226,-1.12277068495375,5717.43996188993,-4173.32511774318,-1544.11484414676
0.250000418332379,2.09031668121219,-0.918233045709729,-1.17208363550245,5757.51086003973,-4052.93091118832,-1704.5799488514
0.250239990105901,2.07350418961674,-0.77396434466755,-1.29953984494918,5842.35474574143,-3714.92495427986,-2127.42979146156
0.250468356117723,2.0465517542679,-0.632411690107916,-1.41414006415997,5892.33878687361,-3373.32008441584,-2519.01870245777
0.250613874193049,2.02386656754393,-0.540439595858537,-1.48342697168538,5908.35614577201,-3146.43348716549,-2761.92265860652
0.250705346770112,2.00743589555321,-0.482032387785814,-1.52540350776739,5912.08539828762,-3000.41586483763,-2911.66953344999
0.250821875997341,1.98410952777259,-0.40707877586603,-1.57703075190655,5909.73856719964,-2810.8919092554,-3098.84665794424
0.25093840522457,1.95812735085572,-0.331596205647007,-1.6265311452087,5899.44677424743,-2617.65078768356,-3281.79598656387
0.251113665138343,1.91414008414108,-0.217327191737008,-1.69681289240407,5869.05809370612,-2320.66792149271,-3548.39017221341
0.251362272819935,1.8418857149748,-0.05433583885089,-1.7875498761239,5795.46244024545,-1887.9734385754,-3907.48900167004
0.251469259987439,1.80728579859878,0.0160128829573817,-1.82329868155616,5752.83695298106,-1697.95569699661,-4054.88125598444
0.251576247154944,1.77065031092675,0.0863278029303481,-1.85697811385709,5703.70160425367,-1506.06636024263,-4197.63524401103
0.251809426150535,1.68401439029188,0.238975348878768,-1.92298973917064,5574.4406742618,-1082.69764112415,-4491.74303313765
0.252042605146126,1.58839210358666,0.390261792297314,-1.97865389588396,5415.29829702227,-653.767879735129,-4761.53041728714
0.252154455648057,1.53944232577375,0.462175721282893,-2.00161804705663,5328.5307056782,-446.530327292173,-4882.00037838602
0.252266306149988,1.48860274414963,0.533500136258847,-2.02210288040847,5235.18484199003,-238.797162842161,-4996.38767914787
0.252349807935745,1.44945036894244,0.586315639089808,-2.03576600803224,5161.27113978467,-83.5287912057309,-5077.74234857894
0.252456845352545,1.39782065632719,0.653402892627439,-2.05122354895462,5061.34691306061,115.514359786882,-5176.86127284749
0.252593626415525,1.32957536474138,0.738013776830314,-2.06758914157168,4925.365949732,369.548150944314,-5294.91410067632
0.252694433822387,1.27770338045498,0.799502321850567,-2.07720570230554,4819.30301912508,556.342186480629,-5375.64520560571
0.252824417612231,1.20895651023746,0.87756626660506,-2.08652277684251,4675.44995523753,796.262661589196,-5471.71261682673
0.252954401402075,1.13821139819564,0.954144112506563,-2.0923555107022,4523.81644751552,1034.78703558032,-5558.60348309583
0.25314287191744,1.03236087312855,1.06224467516357,-2.09460554829211,4290.73485343337,1377.23851321129,-5667.97336664466
0.253220274111955,0.987806722061276,1.10559403924889,-2.09340076131016,4190.56538003967,1516.58631512534,-5707.15169516502
0.253320725870854,0.929134017771562,1.16085558940157,-2.08998960717312,4056.90500601699,1696.02569398361,-5752.9307000006
0.253421177629753,0.869549349999153,1.21494565447889,-2.08449500447804,3919.22134321773,1873.73005671876,-5792.95139993649
0.253559197552017,0.786313910023018,1.28724617508385,-2.07356008510686,3723.76499176965,2114.70870919328,-5838.47370096293
0.253640156632965,0.736792143739489,1.32853560808983,-2.06532775182932,3605.82222683353,2254.23511605713,-5860.05734289066
0.253708989648581,0.694316958835132,1.36295947369439,-2.05727643252951,3503.7129589408,2371.70167651112,-5875.41463545192
0.253815788816033,0.627799152162689,1.41508292230793,-2.04288207447061,3342.09536886083,2551.68140831782,-5893.77677717865
0.253958218349968,0.538042254651852,1.48207044129253,-2.02011269594438,3120.80999886422,2787.08780009333,-5907.89779895755
0.25417018601635,0.40263520608105,1.57613663573551,-1.97877184181656,2780.29029130863,3126.65647779051,-5906.94676909913
0.254368315715269,0.274494004894433,1.65770260930772,-1.93219661420215,2450.9125821921,3431.41396398897,-5882.32654618107
0.254485710258755,0.198024504555116,1.7030201772325,-1.90104468178761,2251.13998003911,3605.80628504966,-5856.94626508877
0.254566129059799,0.145485440703769,1.73272226783529,-1.87820770853905,2112.51185832027,3722.432199284,-5834.94405760427
0.254666443686867,0.0798435050157942,1.76820240690305,-1.84804591191884,1937.75103476009,3864.51644750388,-5802.26748226397
0.254795131502476,-0.00443552846854146,1.81111306542407,-1.80667753695552,1710.84257510392,4041.05866743748,-5751.9012425414
0.254914167526522,-0.0823670470923472,1.84815027228753,-1.76578322519517,1498.4960602623,4198.42556927167,-5696.92162953398
0.255033203550568,-0.160158570367824,1.88258139078642,-1.72242282041859,1284.10119236512,4349.85856520343,-5633.95975756856
0.255152239574614,-0.237700314004065,1.91435788857944,-1.67665757457537,1067.96085682335,4495.14463926252,-5563.10549608587
0.255298352417771,-0.332366292518358,1.9496634096903,-1.61729711717194,800.751597404823,4664.75504792769,-5465.50664533252
0.255357063606628,-0.370220972400989,1.9626924349649,-1.5924714625639,692.859477770578,4730.15591064095,-5423.01538841153
0.255447596548637,-0.428322018831231,1.98145975858399,-1.55313773975276,526.085216122022,4827.79924587655,-5353.88446199857
0.255569198641464,-0.505772647700558,2.00411862027264,-1.49834597257208,301.513979440389,4952.71481863907,-5254.22879807946
0.255766619795826,-0.629777131723042,2.03459974888851,-1.40482261716547,-63.5849478517275,5139.82532625428,-5076.24037840255
0.25588812509187,-0.704915624052644,2.04945350820582,-1.34453788415317,-288.267614713906,5245.16249098356,-4956.89487626965
0.255933136271092,-0.732495341362647,2.05419442786282,-1.32169908650018,-371.417687894203,5282.24526020676,-4910.82757231256
0.256015906406873,-0.782806748023208,2.06182934531508,-1.27902259729187,-524.070408773783,5347.6383498526,-4823.56794107882
0.256140870585209,-0.857710207149653,2.07068989153464,-1.21297968438499,-753.734973014399,5439.42308706826,-4685.68811405386
0.256265834763545,-0.931255828096634,2.07633310183698,-1.14507727374034,-982.157818934312,5522.74878110192,-4540.59096216761
0.256453180582917,-1.03869032652892,2.0787470969319,-1.04005677040298,-1321.40659724161,5631.51596085382,-4310.10936361221
0.256519958495179,-1.07613722935739,2.07785331270607,-1.00171608334869,-1441.31194779127,5665.57101974966,-4224.25907195839
0.256617691403235,-1.13005819620819,2.07488278387318,-0.944824587664997,-1615.57599647829,5710.86601479454,-4095.29001831625
0.256775469428193,-1.21476485714615,2.06592846043108,-0.851163603284938,-1893.431564977,5772.49429340861,-3879.0627284316
0.256986107550945,-1.32303089222853,2.04600998102698,-0.722979088798455,-2256.66436391922,5832.44243459093,-3575.77807067171
0.25710292153488,-1.38059268227883,2.03105733270284,-0.650464650424015,-2453.95244312533,5854.62410314118,-3400.67166001585
0.257219735518814,-1.43626015915048,2.01334548871168,-0.577085329561198,-2647.85351665524,5868.85275353587,-3220.99923688063
0.257336549502749,-1.48995690579438,1.9928984069549,-0.502941501160526,-2838.10144895905,5875.10830512228,-3037.00685616323
0.257453363486683,-1.54161073066415,1.96974344713377,-0.428132716469624,-3024.44038936627,5873.38261314688,-2848.94222378061
0.257570177470618,-1.59115196975235,1.94391161351162,-0.352759643759273,-3206.61905868077,5863.67810668034,-2657.05904799956
0.257752058263571,-1.66390073366071,1.89845968449334,-0.234558950832643,-3481.32112100821,5832.73094684848,-2351.40982584027
0.258009219981195,-1.75723003606148,1.82360163180753,-0.0663715957460503,-3849.54836781319,5756.30112048741,-1906.75275267422
0.25808544771541,-1.78271607382545,1.79905401045452,-0.016337936629078,-3954.02452388573,5726.31579456335,-1772.29127067762
0.258191681505764,-1.81649062572773,1.76311347994919,0.0533771457785323,-4095.733372436,5679.00767602112,-1583.27430358512
0.258350074809268,-1.86300461402306,1.70586896925809,0.157135644764969,-4298.29103075925,5596.65440243949,-1298.36337168024
0.258508468112772,-1.90483123765909,1.64435726925092,0.260473968408163,-4490.01912522915,5500.32046815181,-1010.30134292266
0.258666827881,-1.94186076631595,1.57874255194233,0.363118214373612,-4670.41180828868,5390.26637631521,-719.854568026537
0.258762233306115,-1.96182573569573,1.53728067491716,0.424545060778566,-4773.48212682784,5317.42134391046,-543.939217082621
0.25885763873123,-1.97999955299864,1.49442117385081,0.485578379147826,-4872.19043696947,5239.75119101455,-367.560754045084
0.258979212942258,-2.00053476305908,1.43784693624725,0.562687826811814,-4991.50030064349,5133.90647147452,-142.406170831026
0.259174794133003,-2.02732628411053,1.34244807732032,0.684878206790208,-5167.77190683453,4947.89798130584,219.873925528686
0.259330479067458,-2.04310568550162,1.26280138962955,0.780304295872064,-5293.98836578341,4786.27489347539,507.713472308022
0.259429944390661,-2.05059260166781,1.21028305029513,0.840309551372668,-5367.93499925936,4676.8988527445,691.036146514862
0.259554963947285,-2.05711472037906,1.14258298983302,0.914531730546031,-5453.30595071187,4532.89909749167,920.406853220191
0.259679983503909,-2.06041154610512,1.0730915945194,0.987319951585717,-5530.12915129593,4381.82575224631,1148.30339904962
0.259861918001578,-2.05943678969667,0.969013760599921,1.09042302909674,-5626.38658804393,4149.8877760449,1476.49881199903
0.25991774319404,-2.05776581155006,0.936396071648152,1.1213697399019,-5652.21066135202,4075.88832525539,1576.32233609663
0.259973568386501,-2.05545094333414,0.903485608931559,1.15196533440257,-5676.26596653963,4000.62077944286,1675.64518709677
0.260060607763052,-2.05055928929807,0.851615696858925,1.19894359243914,-5710.22461375639,3880.79866539336,1829.42594836303
0.260242557289258,-2.03530653787573,0.741172634914481,1.29413390296124,-5767.14719823961,3621.0301120547,2146.11708618492
0.260431822823522,-2.01226643875408,0.62366781645881,1.38859862229526,-5806.04736291715,3338.12079844381,2467.92656447333
0.260523672903901,-1.99846418387351,0.565765411665038,1.43269877220847,-5817.42740573281,3196.3643781413,2621.06302759151
0.260604989051379,-1.98482988927015,0.514094225234486,1.47073566403566,-5823.39175776957,3068.59963302115,2754.79212474842
0.260704945438452,-1.96626456424431,0.450109444192398,1.5161551200519,-5825.42671240588,2908.77476828597,2916.65194411991
0.260841578637396,-1.93769933541698,0.361923130113161,1.57577620530381,-5818.75892068374,2685.64352812798,3133.11539255577
0.261051281224939,-1.8868209572005,0.22532172658037,1.66149923062012,-5787.34480437781,2333.66081543128,3453.68398894653
0.261325024867761,-1.8079233768345,0.0455897252464535,1.76233365158804,-5708.00889987963,1859.10364733281,3848.90525254681
0.261408346599925,-1.78113885632074,-0.00935004283631137,1.79048889915704,-5675.27557476001,1711.48963523755,3963.78593952246
0.261518572659407,-1.7437983342833,-0.0820210231856512,1.82581935746894,-5625.89519160745,1514.40410664648,4111.49108496097
0.261690542275982,-1.6813088895969,-0.195180045317656,1.87648893491455,-5535.17949398223,1203.35468534548,4331.82480863675
0.261734820248685,-1.6643904812725,-0.224261406198602,1.88865188747109,-5509.13309021022,1122.59414483569,4386.53894537453
0.261819108149001,-1.63127965891546,-0.279500263903215,1.91077992281867,-5456.55614091938,968.259546436854,4488.29659448253
0.261944642663556,-1.5798089208903,-0.361408374425542,1.94121729531584,-5371.04069341713,737.140588187453,4633.90010522967
0.262108863378164,-1.50869937730595,-0.467716934626259,1.9764163119322,-5246.3513158505,433.05239114698,4813.29892470352
0.262186706478447,-1.47352650085621,-0.51773085322894,1.99125735408515,-5182.22118164984,288.347062696167,4893.87411895367
0.262265877602166,-1.43682495796667,-0.568292238838751,2.00511719680541,-5113.74947521615,140.963962382596,4972.78551283356
0.262398037330563,-1.37354593611817,-0.651907070191248,2.02545300630941,-4992.29129080941,-105.239073402892,5097.5303642123
0.26253019705896,-1.30782911194014,-0.734432847339738,2.04226195927988,-4862.03532698607,-351.353875884708,5213.38920287077
0.262662356787357,-1.23978543557019,-0.815729900262718,2.0555153358329,-4723.20120044238,-596.963511775303,5320.16471221768
0.262849104921974,-1.13992618103989,-0.928206265068234,2.06813244610812,-4512.92477380261,-942.235335917309,5455.16010971992
0.263059165839825,-1.02277679120649,-1.05095516253137,2.07373195373786,-4257.45272094787,-1326.84666335198,5584.29938429984
0.263152836088453,-0.968974018431781,-1.10431659462583,2.07329061305761,-4137.24425535605,-1496.79178657598,5634.03604193204
0.263271165050772,-0.899769188951167,-1.17036963125547,2.07013882020663,-3980.15319565989,-1709.64501931536,5689.79821497526
0.263389494013091,-0.829262707742519,-1.2348327104128,2.06409541815532,-3817.39944946048,-1920.20793964401,5737.60738910449
0.263493912850721,-0.766035990333048,-1.29033085528185,2.0563668456149,-3669.24202502019,-2103.89872330398,5773.14074832417
0.263598331688352,-0.701937331369668,-1.34446356866558,2.04640090003525,-3517.00393442191,-2285.38713631051,5802.39107073242
0.263740257326174,-0.6135543521283,-1.41573546386425,2.02928981599255,-3303.86791088454,-2528.14520923802,5832.01312012255
0.263955386293143,-0.477207932377782,-1.51839388728716,1.99560181966494,-2968.10171155349,-2886.43882158608,5854.54053313957
0.264235547632312,-0.296267359969149,-1.64170676765452,1.93797412762367,-2510.1804381286,-3333.20507290821,5843.38551103682
0.264460084335256,-0.149200567556324,-1.73158381825784,1.88078438581416,-2128.09842191739,-3673.32854543865,5801.42696735604
0.264622758256325,-0.041950641154933,-1.79144484497013,1.83339548612507,-1844.02805370157,-3908.73270782543,5752.760761527
0.26471572879592,0.0194858498509321,-1.82360133636035,1.80411548650942,-1679.2609570916,-4038.83423884157,5718.09519593318
0.264837808558606,0.100171436012789,-1.86347954496887,1.76330810895608,-1460.61732395266,-4204.46348030378,5665.08080425645
0.264892187209533,0.136100492967207,-1.88037724757958,1.74427675461238,-1362.43295707556,-4276.30457447634,5638.73753155191
0.26498752965149,0.199018393613335,-1.90868810160046,1.70966970798713,-1189.27054851394,-4399.2629886033,5588.53353711724
0.265135854686383,0.296586616443546,-1.94934771386681,1.65276109742327,-917.641004875245,-4582.72385840776,5500.364863283
0.265353307393977,0.438529057440048,-2.00134758864317,1.56281853120313,-515.632455018425,-4833.71774055207,5349.3501955705
0.265541474256063,0.559933469812384,-2.03891221484186,1.47897874502948,-165.179594786613,-5033.02265864192,5198.20225342853
0.265655687839624,0.632813474855369,-2.0582958707032,1.42548239584784,48.2301298730699,-5145.62139813702,5097.39126826395
0.265747429199836,0.690817346391441,-2.07196893014287,1.38115158375144,219.757777507748,-5231.3327933176,5011.57501580985
0.265839170560049,0.748286158876565,-2.08393849545713,1.33565233658057,391.212857932543,-5312.74245055158,4921.52959261904
0.265970826811801,0.82971808904303,-2.09811829714677,1.26840020810375,636.822067107483,-5421.90870474479,4785.08663763731
0.266181365995648,0.957051049816081,-2.11339909430296,1.15634804448689,1027.47112736554,-5577.27533284507,4549.80420547953
0.266387026025085,1.07760888785664,-2.11950118470423,1.0418922968476,1405.34245722804,-5705.76229429761,4300.41983706958
0.266507449427667,1.14628274070094,-2.11901536861334,0.972732627912407,1624.38321305606,-5770.13543811304,4145.75222505698
0.266595029007251,1.19525261786591,-2.11677683681839,0.921524218952488,1782.38769853832,-5811.82582517457,4029.43812663625
0.266703589383577,1.25474022351439,-2.11180153506154,0.857061311547153,1976.48778751965,-5857.4470493714,3880.95926185175
0.266812149759902,1.31282614834051,-2.1043960231824,0.791569874841899,2168.45291734294,-5896.32093623921,3727.86801889627
0.266992884909648,1.40620852293278,-2.08670672887049,0.680498205937716,2482.60521335369,-5945.94150360618,3463.3362902525
0.267130399284803,1.47436618723068,-2.06878492574548,0.594418738514809,2716.69538459012,-5971.00246496759,3254.30708037747
0.267196912375378,1.50639789032029,-2.05874140657739,0.552343516257112,2828.26131194653,-5979.17078024513,3150.9094682986
0.267240279219002,1.52694173425895,-2.05171359030162,0.524771856042677,2900.37644070203,-5983.10372505932,3082.72728435729
0.267313868903874,1.56117126361573,-2.038927671034,0.47775640741828,3021.56285862648,-5987.25921395115,2965.69635532468
0.267410260746351,1.60478015043742,-2.02055201455843,0.415771864121025,3177.95321835012,-5987.90692499766,2809.95370664754
0.267563233872226,1.67103272620072,-1.98764405476663,0.316611328565912,3420.32744630075,-5977.77718390293,2557.44973760218
0.267791843604822,1.76298689071266,-1.93006276873316,0.167075878020511,3768.13373467407,-5937.21061223659,2169.07687756251
0.268010471362993,1.84269361452551,-1.86579518440995,0.0231015698844449,4083.36948720632,-5870.08902391732,1786.71953671099
0.268152664702814,1.89005775664198,-1.81928989160395,-0.0707678650380149,4278.65756751528,-5811.68699887744,1533.02943136215
0.268238170433967,1.91678735852822,-1.78958574142456,-0.127201617103642,4392.17963675488,-5771.02348085563,1378.84384410074
0.268356314719925,1.95149719073012,-1.7464565009331,-0.205040689797001,4543.95771411502,-5708.06945891963,1164.11174480461
0.268474459005884,1.98359150956934,-1.70095430040691,-0.282637209162413,4689.6834996944,-5637.33444571623,947.650946021833
0.268653985579349,2.02724454711715,-1.62743087837858,-0.399813668738555,4899.0360599694,-5515.21380740713,616.177747437727
0.26871943307711,2.04161311093626,-1.59933136284409,-0.442281748092155,4971.67965566525,-5466.33280039893,494.653144733682
0.268806954258236,2.05951175544769,-1.56071853145478,-0.4987932239929,5065.62736535887,-5397.40146528067,331.774099921797
0.26892458855109,2.08117542635191,-1.50700101427554,-0.574174412076359,5186.0244505578,-5298.4166300588,112.392179501003
0.269121213802774,2.11118097791558,-1.41276506729698,-0.698415910618585,5371.7825293533,-5117.14033152733,-254.64219782597
0.269261225572854,2.12777929731377,-1.34238869030775,-0.785390607006006,5492.01902960614,-4976.2184392347,-515.800590371431
0.269294731199783,2.13115954702321,-1.32515649706247,-0.806003049960724,5519.28307688765,-4941.05988510933,-578.223191778323
0.269394727667644,2.13987645268387,-1.27288726471572,-0.866989187968135,5597.09174928261,-4832.94895954458,-764.142789738028
0.269544191459945,2.14906490766995,-1.19249812589641,-0.956566781773524,5703.33661382918,-4662.65019075672,-1040.68642307247
0.26972999097056,2.15405077781431,-1.08901713218999,-1.06503364562431,5818.32985408402,-4436.90460438733,-1381.42524969668
0.269835207612625,2.15370658462452,-1.02875776132498,-1.12494882329953,5874.95856912184,-4302.34783498512,-1572.61073413671
0.269931121475771,2.1513957596709,-0.972865531183862,-1.17853022848703,5921.14487790633,-4175.64074032144,-1745.50413758489
0.270067031232063,2.14486524619051,-0.892216286639762,-1.25264895955073,5977.61778780429,-3989.75760514337,-1987.86018266092
0.270202940988355,2.13452820043725,-0.809984715670956,-1.32454348476628,6023.49321898658,-3796.71483527779,-2226.7783837088
0.270332987333051,2.1210906572059,-0.729953801921065,-1.39113685528482,6057.39436268777,-3605.61299820046,-2451.78136448731
0.270402625631197,2.11247513439036,-0.686594441159991,-1.42588069323036,6071.51194502017,-3500.80175923362,-2570.71018578656
0.270497763760598,2.09911632690812,-0.626854460168224,-1.47226186673988,6086.22594502204,-3354.9719864614,-2731.25395856064
0.270626330360766,2.07817049841844,-0.545288877689593,-1.53288162072883,6097.70319121048,-3153.27874218143,-2944.42444902905
0.270754896960934,2.05392843426813,-0.462872800632372,-1.59105563363575,6099.50647542829,-2946.5421314684,-3152.96434395988
0.270942912144053,2.01263833922689,-0.341133146834948,-1.67150519239193,6084.7330117403,-2635.92947393366,-3448.80353780664
0.271200934087804,1.9449464905082,-0.172439037000245,-1.77250745350794,6030.9478925469,-2195.51420337888,-3835.43368916802
0.271386259344,1.88862757202616,-0.0505361547883061,-1.83809141723784,5968.53616221535,-1870.18789006234,-4098.34827215302
0.271526619704269,1.84182204686268,0.041900875524437,-1.8837229223871,5908.16716362401,-1619.57984373098,-4288.58731989303
0.271597757719516,1.81676333316227,0.0887252091643574,-1.90548854232662,5873.2935783431,-1491.34333444826,-4381.95024389484
0.271685180347266,1.7847694571703,0.146183308988106,-1.9309527661584,5826.53999220232,-1332.79434827153,-4493.74564393079
0.271831875301,1.72818495839862,0.242263309712672,-1.97044826811128,5738.54340052845,-1064.72264058444,-4673.82075994401
0.271958119280505,1.6766428840148,0.324509899177331,-2.00115278319212,5653.33855246709,-832.278680988979,-4821.05987147811
0.27208436326001,1.62255609992917,0.406209885951251,-2.02876598588041,5559.5136137019,-598.618375481437,-4960.89523822046
0.272210607239515,1.56601035418947,0.487233964151673,-2.05324431834113,5457.21769333497,-364.111458332684,-5093.10623500228
0.272274159091389,1.53663571011679,0.527735288437767,-2.06437099855455,5402.55377685012,-245.828035346041,-5156.72574150408
0.272327747439618,1.51140804762479,0.561716770633226,-2.073124818258,5354.83852228613,-146.029256684775,-5208.80926560136
0.272454713733894,1.45002056140442,0.641530725863707,-2.09155128726811,5235.97771551993,90.4143321465096,-5326.39204766644
0.27258168002817,1.38642321888526,0.720283635459298,-2.10670685434455,5109.07017325618,326.609241599702,-5435.67941485588
0.272708646322446,1.32071488026623,0.797853715311545,-2.11856859557776,4974.31418175989,562.189898869889,-5536.50408062977
0.272835612616722,1.2530003268456,0.874117489873297,-2.12711781671888,4831.92502531146,796.7813323043,-5628.70635761576
0.273033083383828,1.14399497186606,0.989803550765347,-2.1337985226314,4595.93344769289,1158.65439324576,-5754.58784093865
0.27314283382779,1.08155232708552,1.05247332959288,-2.13402565667839,4457.30193474082,1357.93495361042,-5815.23688835124
0.273283602631644,0.999706590207815,1.13096082475896,-2.13066741496676,4272.09257867887,1610.99939385718,-5883.09197253605
0.273390342786164,0.936404035841603,1.18898631124323,-2.12539034708482,4126.27890599745,1800.76297878402,-5927.04188478147
0.273497082940684,0.872116875270602,1.24564784645854,-2.11776472172914,3976.02698713939,1988.432223179,-5964.4592103184
0.273603823095203,0.80691773177345,1.3008815682091,-2.10779929998254,3821.5068157441,2173.7955433786,-5995.3023591227
0.273734551826965,0.72593872805352,1.36648614873132,-2.09242487678483,3626.71970259407,2397.34944412165,-6024.06914671572
0.27393532466693,0.59948544353955,1.46260042838483,-2.06208587192437,3316.49212802807,2732.3501516438,-6048.84227967187
0.274206133625635,0.425725659487865,1.58274406197748,-2.00846972146534,2878.80695316167,3166.13628501159,-6044.94323817325
0.274429291796823,0.280446058441296,1.67309795129813,-1.95354400973942,2503.2064261971,3506.35449724089,-6009.56092343799
0.274587294756498,0.176838766916986,1.73209008226666,-1.90892884918365,2230.13535474692,3736.86743084312,-5967.00278559004
0.274677345515977,0.117628451937262,1.7637951947839,-1.88142364672116,2072.15630912739,3864.13271333332,-5936.2890224607
0.274796952162219,0.0389370409737945,1.80368219901047,-1.84261923998426,1860.04624106685,4028.26252458765,-5888.3087656545
0.274916558808461,-0.0397188146978468,1.84098734366549,-1.80126852896764,1645.57802785309,4186.61126231981,-5832.1892901729
0.275036165454703,-0.118230435055734,1.87565957075284,-1.75742913569711,1429.04877906466,4338.96151482794,-5768.0102938926
0.275155772100946,-0.196487309044402,1.90765025233648,-1.71116294329207,1210.76366877316,4485.09945077883,-5695.86311955199
0.275344902728209,-0.319398563171931,1.95263786016296,-1.63323929699103,862.89276482443,4702.92769929611,-5565.82046412054
0.275459352088355,-0.393179308346393,1.97649431310013,-1.58331500475373,651.061743947304,4826.67835637766,-5477.74010032496
0.275529522490757,-0.438137441471134,1.98984648947675,-1.55170904800561,520.849507119881,4899.44878197939,-5420.29828909927
0.275625048244132,-0.498939075838508,2.00644717363024,-1.50750809779173,343.355907127954,4994.62126511689,-5337.97717224484
0.275753263954079,-0.579731169801487,2.02584918060961,-1.44611801080812,104.964221806928,5115.17244642445,-5220.13666823138
0.275955753896153,-0.705098602022119,2.04969738757477,-1.34459878555265,-270.94124829371,5288.31320696607,-5017.37195867236
0.276118799011431,-0.803834399189062,2.06281399879857,-1.2589795996095,-572.412565289248,5412.0701814459,-4839.65761615665
0.276221043706753,-0.864628319198986,2.06825187826105,-1.20362355906206,-760.55879041295,5482.39986067118,-4721.84107025823
0.276348288754839,-0.938933778050064,2.07200349595049,-1.13306971790042,-993.289302524519,5561.91881389605,-4568.62951137153
0.276427715245507,-0.984518659996133,2.07264819287748,-1.08812953288135,-1137.64916710136,5607.01500434694,-4469.36583724558
0.276507141736174,-1.02945055936479,2.07198746183161,-1.04253690246682,-1281.1806008753,5648.58060120926,-4367.40000033396
0.276620171412458,-1.09220436044916,2.06879788668689,-0.976593526237729,-1483.81022419408,5701.58886363593,-4217.77863944185
0.276733201088743,-1.15350057431205,2.06297022313154,-0.909469648819491,-1684.32671545836,5747.33109111874,-4063.00437566037
0.27688264027722,-1.23216120045075,2.05123038345203,-0.819069183001282,-1945.7216132354,5796.55134951714,-3850.82973628174
0.277109823748602,-1.34616205173995,2.02464894722326,-0.678486895483309,-2333.70522614473,5846.61019988154,-3512.90497373681
0.277284763928349,-1.42911788907796,1.9970602082167,-0.567942319138746,-2623.918209628,5864.69789432344,-3240.77968469545
0.277367099829206,-1.46663600242017,1.98195190230559,-0.515315899885418,-2757.68710733947,5867.0259552637,-3109.33884792423
0.277446329837833,-1.50177034504107,1.96614671599357,-0.46437637095251,-2884.54044628697,5865.51953393737,-2980.9790876504
0.277541716314174,-1.54277672279048,1.94548540428915,-0.402708681498673,-3034.71168057156,5858.8338240579,-2824.12214348634
0.277633628031576,-1.58092464462193,1.92390385046608,-0.342979205844151,-3176.67107110806,5847.36219155668,-2670.69112044862
0.277725539748979,-1.61770113758359,1.90069869934578,-0.282997561762191,-3315.82042894003,5830.96444332673,-2515.1440143867
0.277853419356853,-1.66652369971214,1.86575300534236,-0.199229305630225,-3504.5050369481,5799.98614286716,-2295.48110591905
0.278055324631857,-1.73786330998932,1.80442075192428,-0.0665574419349653,-3790.03106666742,5731.88083858346,-1941.84977191604
0.278159207739855,-1.77178241409605,1.76996701728634,0.0018153968097046,-3930.84706788125,5687.72681976756,-1756.87975188631
0.278263090847854,-1.80374592491565,1.73360346098324,0.0701424639324057,-4067.26842561734,5637.45098027469,-1570.18255465735
0.278366973955852,-1.83371932195164,1.69536931926582,0.138350002685816,-4199.14763860312,5581.10740125349,-1381.95976265036
0.278506666151278,-1.87082642943805,1.6410862449364,0.229740184501651,-4369.05657202839,5495.89593615469,-1126.83936412629
0.278593194133071,-1.89195164319511,1.60584074397128,0.286110899223825,-4469.93624522781,5437.7259762712,-967.789731043397
0.278728965431185,-1.92217387168787,1.54813177586376,0.374042095824102,-4621.22100683993,5338.29964532378,-717.078638483854
0.278864736729299,-1.94878243186214,1.48756585823965,0.461216573622485,-4763.74281774243,5229.05794489386,-465.315127151433
0.279049280766223,-1.97906192409342,1.40088211372623,0.578179810367189,-4942.90675831467,5065.23865051262,-122.331892197951
0.279187374400722,-1.99724040727921,1.33285406508234,0.664386342196871,-5065.75061554672,4931.32958152515,134.42103402157
0.279255853489509,-2.004820538079,1.29815515106492,0.706665387014078,-5123.02685242199,4861.40631625094,261.620536171052
0.279370086405,-2.01532984201239,1.2389300139765,0.776399828035877,-5213.0618652861,4739.73295974947,473.328905536633
0.279484319320491,-2.02316042556997,1.1780816561353,0.845078769434666,-5296.12733316102,4611.8835247944,684.243808366618
0.279658187252979,-2.02991431978383,1.08255370101635,0.947360618767477,-5408.9160170392,4405.86579142225,1003.05022561695
0.27975195865954,-2.03096596562353,1.02962588163546,1.00134008398807,-5462.849610032,4289.14454901597,1173.70506101603
0.279880925819743,-2.02944191047218,0.955360681326722,1.07408122914546,-5528.98422280241,4122.49593178728,1406.48829101513
0.280009892979947,-2.02448120598254,0.879491428153583,1.14498977782895,-5585.72019662704,3948.98892845189,1636.73126817515
0.28013886014015,-2.01609204012379,0.802141542031837,1.21395049809195,-5632.96560427451,3768.90605426683,1864.05955000768
0.280321839174819,-1.99833912366496,0.690137686257976,1.30820143740698,-5683.55053392313,3502.77902630666,2180.77150761647
0.280585187313484,-1.96087199277653,0.525006478534223,1.43586551424231,-5722.22636868424,3099.6209266557,2622.60544202853
0.280781005499904,-1.92400484895791,0.399664137967812,1.52434071099009,-5724.78462236296,2785.54361926572,2939.24100309724
0.280911984109302,-1.89512702480728,0.31486826655167,1.5802587582556,-5713.99330080857,2569.29777927945,3144.69552152913
0.280947860176232,-1.88663356162597,0.291529303584641,1.59510425804132,-5709.28838703471,2509.25678010044,3200.03160693427
0.281037534504983,-1.86432534723492,0.23303481263145,1.63129053460346,-5694.24718634275,2357.79781799719,3336.44936834556
0.281127208833734,-1.84048733034449,0.174341448217617,1.66614588212687,-5674.52816297088,2204.43132243099,3470.09684053989
0.281283442781194,-1.79536814526919,0.0717671788107765,1.72360096645841,-5629.06188315461,1933.09178452832,3695.97009862628
0.281462691350129,-1.73810147090827,-0.0461617417652588,1.78426321267353,-5559.63352031918,1615.97216828982,3943.66135202936
0.281548284506471,-1.70871524246803,-0.102497705507099,1.81121294797513,-5520.0108719075,1462.53788439295,4057.47298751455
0.281633877662812,-1.67804736045103,-0.158774171685121,1.83682153213614,-5476.25310630965,1308.00871779949,4168.24438851016
0.281719470819153,-1.64612009909867,-0.214950368950763,1.86107046804943,-5428.39200740705,1152.4966786622,4275.89532874485
0.281869267302921,-1.58729726870476,-0.312878093009542,1.9001753617143,-5334.8854977433,878.373040014023,4456.51245772928
0.28194537411943,-1.55599303968912,-0.362413093454,1.91840613314311,-5282.65601769809,738.228799121607,4544.42721857648
0.282030895902918,-1.51971290635186,-0.417840342607879,1.93755324895974,-5220.22924461191,580.215374738913,4640.013869873
0.282169913215888,-1.45832355717148,-0.507291297997624,1.96561485516911,-5110.45022131388,322.488751454619,4787.96146985927
0.282279844428207,-1.40771119587281,-0.577387194442983,1.98509839031579,-5016.4509625067,118.128936499885,4898.32202600682
0.282389775640526,-1.35534296476763,-0.646820742976444,2.00216370774407,-4916.23167644575,-86.4384493053409,5002.67012575109
0.282499706852845,-1.30128182762537,-0.71550836758188,2.01679019520725,-4809.91272289023,-290.967200376391,5100.87992326662
0.282675634295272,-1.21143328601057,-0.823640812615057,2.03507409862563,-4627.45370227539,-617.488443352065,5244.94214562745
0.282769330863573,-1.16195456017322,-0.880274517966474,2.0422290781397,-4524.18928336707,-790.819384092342,5315.00866745941
0.282863027431874,-1.11141372131476,-0.936163606775441,2.0475773280902,-4416.83325211358,-963.510672856054,5380.34392496964
0.282956724000174,-1.05985506039023,-0.991259097449055,2.05111415783929,-4305.47959120556,-1135.41093520689,5440.89052641245
0.283119806458818,-0.967847281414993,-1.08509368220398,2.05294096361898,-4102.47860879831,-1432.19603533194,5534.67464413025
0.283249213425492,-0.89288890055965,-1.15758840438359,2.05047730494324,-3933.31598273142,-1665.19533880712,5598.51132153855
0.283378620392166,-0.816348464721009,-1.22820612275403,2.04455458747504,-3757.32524690051,-1895.5338532105,5652.85910011101
0.28350802735884,-0.738353590104501,-1.29682892775528,2.03518251785978,-3574.79952037776,-2122.82713412232,5697.62665450008
0.283637434325514,-0.659033365979468,-1.36334318949947,2.02237655547895,-3386.04079249167,-2346.69886521836,5732.73965771004
0.283835701781253,-0.535281418236665,-1.46087306019642,1.99615447843309,-3085.58111913105,-2682.0893214573,5767.67044058835
0.284107808917324,-0.361865551878447,-1.58548507691192,1.94735062879037,-2653.02575273857,-3125.26611904604,5778.29187178461
0.284333701302327,-0.215433083260141,-1.68033611383038,1.89576919709052,-2277.86742228089,-3476.42317059164,5754.29059287254
0.284493053894493,-0.111192385752336,-1.74228538143378,1.85347776718612,-2005.47665078716,-3714.00830196039,5719.48495274756
0.284584689554065,-0.0510155963997428,-1.77597548097103,1.82699107737078,-1846.24639688288,-3846.55297238363,5692.79936926651
0.284705526733107,0.0284605294403513,-1.81816436558967,1.78970383614932,-1633.74277424407,-4016.4759662619,5650.21874050597
0.284826363912148,0.107983385735905,-1.85776044179638,1.74977705606048,-1418.60975469654,-4180.67567263278,5599.28542732931
0.284910027633448,0.163018814416969,-1.88363098842859,1.72061217401163,-1268.25602804499,-4290.90358485862,5559.15961290361
0.285015144281739,0.232058267284997,-1.9143055851207,1.68224731783571,-1077.94220337951,-4425.22219931513,5503.16440269464
0.285155168105356,0.32371036339415,-1.95194640194879,1.62823603855465,-822.347443705584,-4596.68180634711,5419.02925005269
0.28536487153823,0.459914650442551,-2.00128550851736,1.54137085807482,-436.196811026508,-4836.81458254589,5273.0113935724
0.285478739710096,0.533230434586329,-2.02450338576813,1.49127295118181,-225.14542835569,-4958.64391946026,5183.78934781595
0.285555058433033,0.582044766167641,-2.03863270146329,1.45658793529566,-83.3537321438512,-5036.80177699908,5120.15550914293
0.285662223802516,0.650069377498478,-2.05650910959019,1.40643973209172,115.97307472634,-5141.68369615782,5025.71062143148
0.285790881821043,0.73084108449515,-2.07491721341419,1.34407612891905,355.347505304146,-5259.95068489984,4904.60317959569
0.285988946545099,0.852958259663398,-2.09667520925678,1.2437169495934,723.062095889333,-5425.25276680464,4702.19067091531
0.286193275870503,0.975717958774759,-2.110697819339,1.13497986056425,1100.22053610496,-5573.97207407597,4473.75153797101
0.286301741509246,1.03942554854954,-2.11464923509065,1.07522368654112,1299.13273656009,-5643.75581297595,4344.62307641586
0.286370205798474,1.07906295445218,-2.11589104124705,1.03682808679488,1424.05516620568,-5684.46714432497,4260.41197811929
0.286477390465071,1.14015553010899,-2.11588635514802,0.975730825039049,1618.4316161013,-5742.94676672017,4124.51515061887
0.286584575131668,1.20002348259582,-2.11350417720634,0.913480694610537,1811.1859623402,-5794.96538233265,3983.77941999246
0.286691759798265,1.25860063952165,-2.10874734157246,0.850146702050816,2002.10495092566,-5840.46616396503,3838.36121303937
0.286798944464862,1.31582067318339,-2.1016212032898,0.78580053010642,2190.97241777702,-5879.39764804029,3688.42523026327
0.286940797480741,1.3893399276152,-2.08856315160801,0.699223223992827,2437.37171989134,-5920.74077652441,3483.36905663308
0.287082650496619,1.46022208829578,-2.07139608686625,0.611173998570474,2679.31161956495,-5950.42139022343,3271.10977065848
0.287146795569442,1.49138121670143,-2.06229022160801,0.57090900490659,2787.15770792773,-5960.00046048666,3172.84275255893
0.287216380477852,1.5245241365591,-2.05147398864945,0.526949852090369,2902.95132137767,-5967.67442749201,3064.72310611434
0.287333695685228,1.57879988696152,-2.03104491521211,0.452245028250604,3095.17606247994,-5974.20055582707,2879.02449334712
0.287485578163926,1.64598350315112,-2.00054608935204,0.354562586200927,3338.1010047207,-5970.6899763675,2632.5889716468
0.287702859753499,1.73574918494175,-1.94911209646534,0.213362911523606,3672.90292079775,-5942.24895740562,2269.34603660787
0.287918013545851,1.81695409193417,-1.88932574164719,0.0723716497130356,3988.46355937823,-5887.05021971448,1898.58666033625
0.288047310847367,1.86194861526091,-1.8492478494375,-0.0127007658233895,4169.96233846227,-5841.01081143954,1671.04847297727
0.288126864697563,1.88816515729531,-1.82307850890856,-0.065086648386731,4278.40960163433,-5807.91973996696,1529.51013833263
0.288236618309139,1.92245059310672,-1.78513277267405,-0.137317820432655,4423.79461095908,-5756.3664308172,1332.57181985812
0.288346371920714,1.95452091118516,-1.74508743727585,-0.209433473909297,4564.13979722223,-5698.02275349197,1133.88295626974
0.288456125532289,1.98433897580163,-1.70298924390246,-0.281349731899164,4699.28240058624,-5632.95739085804,933.674990271805
0.288633398822101,2.0276402042973,-1.63080788688714,-0.396832317410144,4906.10331712912,-5513.90806773831,607.804750609198
0.2888114204706,2.06498427517362,-1.55329311003448,-0.51169116513913,5099.07538856282,-5377.30025098877,278.224862425953
0.288901692544095,2.08154089039218,-1.51211775611397,-0.5694231342782,5191.14417757373,-5301.59512588798,110.450948314251
0.28897620382695,2.09398229105242,-1.47722343476365,-0.616758856288751,5264.11033124913,-5235.91608785741,-28.1942433917206
0.289071358749982,2.10824715974582,-1.43150510763687,-0.67674205210893,5353.23228614349,-5147.91438376584,-205.317902377647
0.289209272004532,2.12566544934539,-1.36302395062383,-0.762641498721551,5474.16297370987,-5012.31721830477,-461.845755405099
0.289424118594247,2.14505352473705,-1.25141126326623,-0.893642261470809,5642.62842289751,-4782.70847600951,-859.919946888002
0.289617441844041,2.15438729605757,-1.14615193931719,-1.00823535674036,5773.03253539338,-4557.60951216741,-1215.42302322597
0.289733006458053,2.15628150821661,-1.08118650406739,-1.0750950041492,5841.21591473725,-4414.98012784181,-1426.23578689544
0.289823117546707,2.15583995352413,-1.029548645863,-1.12629130766112,5889.21547068819,-4299.74684573178,-1589.46862495641
0.289913228635361,2.1537172772009,-0.977101147292678,-1.17661612990821,5932.63988083404,-4181.10383874548,-1751.53604208856
0.290040528950975,2.14785801150959,-0.901718986757773,-1.2461390247518,5986.11715845695,-4007.89167267286,-1978.2254857841
0.290167829266589,2.13865739987341,-0.824923542092301,-1.3137338577811,6030.31498365717,-3828.33958632746,-2201.9753973297
0.290295129582203,2.12612993585743,-0.74683608947443,-1.37929384638299,6065.16364179258,-3642.73143416347,-2422.43220762911
0.290422429897816,2.11029542126767,-0.667581510108127,-1.44271391115953,6090.606712347,-3451.36404486092,-2639.24266748608
0.290620265679553,2.0791957613763,-0.542443833598652,-1.53675192777764,6111.38220573944,-3143.37674253821,-2968.00546320123
0.290893274224101,2.02352766943417,-0.366636874126823,-1.65689079530733,6102.49190545053,-2699.2415882619,-3403.25031718863
0.291166282768648,1.95342316622755,-0.18826566836266,-1.76515749786488,6050.15614799526,-2235.61394175766,-3814.5422062376
0.291320539931522,1.90757586269591,-0.0867367508340416,-1.82083911186185,6001.46174106252,-1966.03541818522,-4035.4263228773
0.291447617380988,1.86653292240488,-0.00295466392405315,-1.86357825848082,5951.06544433438,-1740.50784370656,-4210.55760062782
0.291574694830455,1.82260766464753,0.0808005029510187,-1.90340816759854,5891.47027273915,-1512.28271984525,-4379.1875528939
0.291701772279921,1.77586928893753,0.164397768225737,-1.94026705716325,5822.77136690122,-1281.71784549521,-4541.05352140601
0.291828849729387,1.72639150957765,0.247705690813335,-1.97409720039097,5745.07786224985,-1049.17636875767,-4695.90149349218
0.292019721368683,1.64712787397741,0.371958752632516,-2.01908662660991,5611.80263355645,-697.115086995379,-4914.68754656108
0.292166047352125,1.58246029690675,0.466315714397887,-2.04877601130462,5496.35541915095,-425.48352341042,-5070.87189574053
0.292258063978706,1.54012294598582,0.525157795779443,-2.06528074176525,5417.96544847951,-254.169424387776,-5163.79602409174
0.292323529475961,1.50924282113096,0.566750867898594,-2.07599368902954,5359.51997965874,-132.162818574087,-5227.35716108465
0.292388994973216,1.47774851441519,0.60809623329662,-2.08584474771179,5298.88256938618,-10.1198763259029,-5288.76269306028
0.292454460470471,1.44565300398313,0.649176943854912,-2.09482994783803,5236.0783490279,111.909255433273,-5347.98760446118
0.292583872617001,1.3805031787286,0.729523728905989,-2.11002690763457,5105.68191522782,352.848629658169,-5458.53054488598
0.292804477622115,1.26451847152115,0.86350358833574,-2.12802205985688,4864.87618374799,761.640273427107,-5626.51645717509
0.292954469614087,1.18227549079006,0.952264981575527,-2.13454047236558,4688.15336341431,1037.6274173457,-5725.78078076
0.293067130872439,1.11883275593471,1.01754637943795,-2.13637913537265,4548.77550078325,1243.43173460052,-5792.20723538376
0.293179792130791,1.05405842120803,1.08153199075379,-2.13559041196181,4403.9200270692,1447.62626854299,-5851.5462956122
0.29325677378956,1.00906816874806,1.12447249586268,-2.13354066461073,4301.86986531711,1586.11291558326,-5887.98278090037
0.293358973573097,0.948487204815231,1.18043973684466,-2.12892694165989,4162.68106294625,1768.46701769488,-5931.14808064112
0.293475985721675,0.878002954996761,1.24299681944139,-2.12099977443815,3998.28908415269,1974.93838566391,-5973.2274698166
0.293592997870253,0.806406058415761,1.30385314326143,-2.11025920167718,3828.72905783304,2178.68937939094,-6007.41843722398
0.293710010018832,0.733792652965601,1.36292694635863,-2.09671959932423,3654.22874379541,2379.44611209739,-6033.6748558928
0.293892879042352,0.618547226946389,1.45145978157519,-2.07000700852158,3372.28064876487,2686.44982379131,-6058.73047255618
0.294151068078499,0.452848929737535,1.56808509226767,-2.0209340220052,2956.704768404,3104.13575911956,-6060.84052752356
0.294409257114645,0.284531946425541,1.67430622179038,-1.95883816821591,2522.85567522616,3501.18734833497,-6024.04302356113
0.294601900490585,0.157820289808002,1.74641250802955,-1.90423279783754,2188.73207523867,3782.61426231345,-5971.34633755212
0.294735519103633,0.06964672487986,1.79267153736311,-1.86231826224296,1952.48064699503,3969.73301370981,-5922.21366070484
0.294778113341898,0.041517553218403,1.80675593013322,-1.84827348335162,1876.46714412216,4027.92951904766,-5904.39666316982
0.294849252695567,-0.00544957620506277,1.82954700452757,-1.82409742832251,1748.85306608317,4123.48480319279,-5872.33786927597
0.294947916541784,-0.0705278775776554,1.85962481380718,-1.78909693622952,1570.59153105922,4252.54472763826,-5823.13625869748
0.295046580388001,-0.135486693758936,1.88790108794676,-1.75241439418782,1390.98568851699,4377.48077680713,-5768.46646532412
0.295188527180658,-0.228593215349811,1.92536179872496,-1.69676858337514,1130.61742936676,4549.72537090635,-5680.34280027311
0.295414885754009,-0.375759241162724,1.97706380643307,-1.60130456527034,711.890094935572,4805.27299653095,-5517.16309146652
0.295548259691573,-0.461558010092508,2.00284818572377,-1.54129017563126,463.599134857938,4944.56083449578,-5408.15996935372
0.295635192359103,-0.517017230936921,2.01775403890165,-1.50073680796472,301.42197722287,5030.67515864864,-5332.09713587151
0.29574761868973,-0.588096206065296,2.0347791989895,-1.4466829929242,91.5791666553032,5136.41506857331,-5227.99423522862
0.295860045020358,-0.658375444675003,2.04924766425177,-1.39087221957677,-118.165961270784,5235.69992858224,-5117.53396731146
0.29604011999625,-0.769024289835875,2.0670458176046,-1.29802152776872,-453.158863445413,5380.9292179849,-4927.77035453948
0.296296059290366,-0.921601485602237,2.08086832339049,-1.15926683778825,-925.349653201893,5557.34288126712,-4631.99322806523
0.296420355192456,-0.993563039609875,2.08270882587425,-1.08914578626437,-1152.53100569129,5630.13450757023,-4477.60350187894
0.296544651094547,-1.06393076478125,2.08135230089594,-1.01742153611469,-1377.70071399355,5694.28674347144,-4316.58602947789
0.296595639817619,-1.09231786369177,2.07987114747149,-0.987553283779722,-1469.43015459459,5718.08677920923,-4248.65662461464
0.296673368543385,-1.13502086756533,2.07657954194232,-0.941558674376991,-1608.43714704895,5751.5208891745,-4143.08374212555
0.296814172654491,-1.21054040047726,2.06744618806352,-0.856905787586264,-1857.43778770438,5803.27350409765,-3945.83571639328
0.29699146203434,-1.30208234360929,2.05016237351172,-0.748080029902436,-2165.21211733171,5852.17528560102,-3686.96316826931
0.297168751414188,-1.38943249360322,2.02648052147372,-0.637048027870504,-2465.77332699252,5882.8331170825,-3417.05979008998
0.297346040794037,-1.47232272894263,1.99647413533102,-0.524151406388396,-2758.19821277055,5895.154206687,-3136.95599391645
0.297412032504826,-1.5020020211824,1.98370149598276,-0.481699474800361,-2864.84363393862,5895.04866001996,-3030.20502608135
0.297500164702349,-1.54059164088988,1.96530752304102,-0.424715882151145,-3005.21538550041,5890.9319201353,-2885.71653463488
0.297612019209359,-1.58780391558722,1.93978286950791,-0.351978953920701,-3179.8422571319,5879.16796658161,-2699.32570944971
0.29780149433685,-1.66310750107437,1.89108060284805,-0.22797310177368,-3466.01895803757,5842.61365309866,-2376.59469506109
0.298001420593641,-1.73597988631382,1.83239159140203,-0.0964117050882123,-3754.01984923036,5781.50489006149,-2027.48504083113
0.298102903532512,-1.77031729424922,1.79978389424451,-0.0294665999952929,-3894.46577960151,5741.68042259056,-1847.21464298905
0.298167476861008,-1.791207828608,1.77807222372024,0.0131356048877509,-3981.70396196952,5713.27894929168,-1731.57498732216
0.29827379466779,-1.82394459020435,1.7407287774311,0.0832158127732477,-4121.58759540743,5661.37767231752,-1539.7900769101
0.298380112474573,-1.8545920967004,1.70143031310222,0.15316178359818,-4256.69425213459,5603.12634578108,-1346.43209364649
0.298520714929574,-1.89185269667013,1.64653832798346,0.245314368686666,-4427.76056413901,5516.46259591844,-1088.70203177943
0.29873987463081,-1.94233816698332,1.55460920375293,0.38772896323039,-4676.34550105765,5359.9512323405,-683.605731282853
0.298913407344912,-1.97565023586869,1.47651000756213,0.499140228306558,-4857.06309419248,5217.84118930544,-360.778095112966
0.298981576370731,-1.98710444767586,1.44459016269817,0.542514284977683,-4924.04962227677,5157.69557365922,-233.64595138245
0.299007503230876,-1.99121614370908,1.43227349628875,0.55894264742032,-4948.91696088666,5134.19316758002,-185.276206693362
0.299100879765321,-2.00489987662954,1.38713307237028,0.617766804259248,-5035.6465002037,5046.73265204862,-11.0861518449169
0.299194256299767,-2.01681714919039,1.34079101912293,0.676026130067447,-5117.90494794403,4954.90731342196,162.997634522069
0.299360674073261,-2.03364313586024,1.25536610702497,0.77827702883527,-5253.17862630339,4780.72850043594,472.45012586745
0.299603582940386,-2.04798466472454,1.12460000887101,0.923384655853521,-5423.946238265,4503.20415280304,920.742085461955
0.299744633647204,-2.05073016816169,1.04552961375903,1.00520055440266,-5508.35252690748,4329.73289698683,1178.61962992065
0.299847360780608,-2.05013989857603,0.986616789128701,1.06352310944732,-5562.85434286237,4197.96529501024,1364.88904785213
0.299950087914011,-2.04736682674919,0.92666647622231,1.12070035052687,-5611.40319588148,4061.79967783915,1549.60351804233
0.300052815047414,-2.04241424239625,0.865740585522451,1.17667365687379,-5653.95034335526,3921.37699399762,1732.57334935764
0.300145734086806,-2.03606153080535,0.809841799317992,1.22621973148735,-5687.23123628795,3790.81094393424,1896.42029235371
0.300273862752353,-2.02439606018927,0.731634704738964,1.2927613554503,-5724.95667649223,3605.48212640243,2119.47455008981
0.3004019914179,-2.00937897878388,0.652225257691919,1.35715372109196,-5753.16908355476,3414.27068526587,2338.8983982889
0.300593648280962,-1.98072414797758,0.531519428098675,1.4492047198789,-5777.51435821655,3118.05012296917,2659.46423524737
0.300855224594777,-1.92982965150391,0.363787953378941,1.56604169812496,-5776.12672864686,2695.84476110872,3080.28196753815
0.301116800908591,-1.86563106743272,0.193536190704532,1.67209487672818,-5734.85146737943,2255.31557510042,3479.53589227901
0.301280981538983,-1.81869587182025,0.0858122056322115,1.73288366618803,-5688.65185003018,1970.54016357205,3718.11168645813
0.301403485817808,-1.78043461932901,0.00523503930491479,1.77519958002409,-5644.05952113792,1754.51073561971,3889.54878551821
0.301467588388123,-1.75933022199173,-0.0369516990461234,1.79628192103784,-5617.29976553943,1640.38021928268,3976.91954625675
0.301553178831419,-1.73001630334827,-0.0932538315847713,1.82327013493304,-5577.93224436413,1486.96303829225,4090.96920607188
0.30167966249875,-1.68436472032677,-0.176319228836409,1.86068394916318,-5512.20383908455,1258.31804890643,4253.88579017812
0.301806146166081,-1.63598853405262,-0.259120019820991,1.8951085538736,-5437.55264033822,1027.65376934024,4409.89887099798
0.301988026763999,-1.56182355473859,-0.377427650987147,1.93925120572573,-5314.84355944178,693.247039216548,4621.59652022523
0.30216486907343,-1.48469352129356,-0.491312291534373,1.97600581282793,-5178.47015509282,365.849285498907,4812.62086959391
0.302253940909755,-1.44402800151138,-0.548159662546602,1.99218766405798,-5103.50982944439,200.350537854519,4903.15929158987
0.302292518508565,-1.42605078363087,-0.572654755126244,1.99870553875711,-5069.76290634879,128.602884078347,4941.16002227044
0.302333823556107,-1.40656456451709,-0.598788530865103,2.00535309538219,-5032.78342212084,51.762005427513,4981.02141669332
0.302434242291214,-1.35818766431646,-0.661891392136567,2.02007905645302,-4939.27537109694,-135.048006600027,5074.32337769697
0.302588284839722,-1.28130802052433,-0.757382709788866,2.03869073031319,-4786.08898508192,-421.258440043225,5207.34742512515
0.302812584505858,-1.16393666458242,-0.893169673640947,2.05710633822336,-4542.65899425063,-835.955282158146,5378.61427640878
0.302989166451402,-1.06727331181482,-0.997050089177168,2.06432340099198,-4334.57390071413,-1159.79128885814,5494.36518957227
0.303103430145774,-1.0028665872516,-1.06269459610139,2.06556118335299,-4192.50950203553,-1367.61442389968,5560.12392593521
0.303164421149781,-0.96792721131447,-1.0971887220065,2.06511593332097,-4114.3730816415,-1477.86866926429,5592.24175090579
0.303256270456138,-0.914623118375038,-1.1483701333507,2.06299325172574,-3993.78463963036,-1642.86158543091,5636.64622506127
0.303344502153498,-0.862670930579525,-1.19664144433448,2.059312374914,-3874.71105425564,-1800.0818506822,5674.79290493784
0.303432733850859,-0.81002622458675,-1.2439995025493,2.05402572713605,-3752.55983044136,-1955.93298840936,5708.49281885072
0.303564601646979,-0.730155585519717,-1.31298653143646,2.04314211695618,-3564.4963735006,-2186.01297113112,5750.50934463172
0.303774452192148,-0.600448152670349,-1.4180585029999,2.01850665567025,-3252.43028117935,-2544.16646467084,5796.59674585018
0.304050522465534,-0.425780810591645,-1.54681378298292,1.97259459357457,-2820.02318626326,-2998.13030687074,5818.153493134
0.304275989729297,-0.28042427986613,-1.64348150205628,1.92390578192242,-2450.15953703351,-3352.59929662274,5802.75883365625
0.304437231421904,-0.175401705413126,-1.70764554534014,1.88304725075327,-2177.49371259183,-3596.0724587771,5773.56617136893
0.304529972843604,-0.114713113400632,-1.74259613413627,1.85730924753691,-2017.89424963336,-3732.03262099355,5749.92687062692
0.304651560638946,-0.0349755794219674,-1.78617290473166,1.82114848415363,-1805.95581955836,-3905.45177216031,5711.40759171867
0.304773148434289,0.0448624462635654,-1.82715209056095,1.78228964429739,-1591.21160469359,-4073.18745538331,5664.3990600769
0.304852416106046,0.0969201155701623,-1.85244563754939,1.75552552197923,-1449.82422664063,-4179.38374386247,5629.2079705031
0.304983253166887,0.182729869588769,-1.89167568893047,1.7089458193417,-1214.41035236982,-4348.95411890565,5563.36447127547
0.305114090227727,0.268288975685733,-1.92772108124124,1.65943210555551,-976.74664320186,-4511.19934337002,5487.94598657187
0.305289952191515,0.382617895679867,-1.97103797331235,1.58842007763249,-654.528401893786,-4717.21582260848,5371.74422450227
0.30538680725614,0.445178524141653,-1.99235235091801,1.54717382677637,-475.925966653958,-4824.63474195846,5300.56070861242
0.305437542220151,0.477805417427128,-2.00278605102893,1.52498063360181,-382.127692817592,-4879.13850765024,5261.26620046783
0.305553064392877,0.551647181625184,-2.02464198655326,1.47299480492808,-168.16016123771,-4998.58221735843,5166.74237859614
0.305668586565603,0.624804622170405,-2.04383887779295,1.41903425562255,46.1743283202673,-5111.45496542424,5065.28063710398
0.305846285773863,0.735750554376954,-2.06811374155187,1.33236318717492,375.847742846854,-5271.87311219555,4896.0253693487
0.306095409029461,0.887449145573688,-2.091304641503,1.20385549592933,836.181476254076,-5468.99083153971,4632.80935528563
0.306209661846531,0.955392544652121,-2.09768810060732,1.14229555595521,1046.18650083353,-5548.37712963094,4502.19062879741
0.306276288355635,0.994476360636441,-2.10016728250872,1.10569092187229,1168.13072927349,-5591.39061390892,4423.25988463543
0.306342914864739,1.03313642832896,-2.10172830304037,1.06859187471142,1289.60514954684,-5631.95529933456,4342.35014978772
0.306450141031533,1.09441780384574,-2.10231165135554,1.00789384750981,1483.96671923947,-5692.05014605091,4208.08342681143
0.306518102345568,1.13264319878076,-2.10144945374218,0.968806254961436,1606.37576056273,-5726.80870795394,4120.43294739121
0.306602064782723,1.17917190096052,-2.09906500880312,0.919893107842608,1756.65092324578,-5766.1487862502,4009.49786300441
0.306724229139723,1.24542708994977,-2.09299546815197,0.847568378202207,1973.19438327561,-5816.22165584869,3843.02727257308
0.306891303165776,1.33310564144048,-2.07972253132352,0.746616889883057,2264.76808380884,-5870.83548244373,3606.0673986349
0.30712302222187,1.44867376665093,-2.05188094362024,0.603207176969324,2658.9849372293,-5919.83180333315,3260.84686610385
0.30724148289814,1.50493693718787,-2.03343948891887,0.528502551731017,2855.57901861525,-5932.82404503158,3077.24502641633
0.307359943574409,1.55915744057985,-2.01218916008393,0.453031719504102,3048.36126365823,-5937.61237189517,2889.25110823694
0.307478404250678,1.61125917779471,-1.98815959940652,0.376900421611828,3237.06105715158,-5934.18958155118,2697.12852439959
0.307658377299757,1.68617716060493,-1.94642143860919,0.260244278004279,3515.26670668643,-5913.29880367127,2398.03209698484
0.307731500521916,1.71513268202063,-1.92767387392544,0.21254119190482,3625.29312757345,-5899.41043038704,2274.11730281359
0.307804623744075,1.74319779063189,-1.90791179237489,0.164714001743015,3733.45689349788,-5882.41248018897,2148.95558669109
0.307905419398974,1.78039406684687,-1.87902953335878,0.0986354665119301,3879.38415295185,-5853.90389004932,1974.51973709747
0.308089078738355,1.84360379007039,-1.82161507347535,-0.0219887165950268,4135.33453809809,-5786.94031066395,1651.60577256586
0.308204864843593,1.88037620752266,-1.78228613493579,-0.0980900725868516,4289.90167052651,-5734.81060804988,1444.90893752337
0.308320650948832,1.9146993838028,-1.7406047217289,-0.174094662073876,4438.92670514669,-5675.10359350766,1236.17688836097
0.308436437054071,1.94652678486423,-1.69662659422901,-0.249900190635208,4582.20812538068,-5607.89863945986,1025.69051407918
0.308609190455953,1.989270435744,-1.62688678450808,-0.362383651235899,4784.84143238178,-5493.91712932765,709.075696945873
0.308683115489277,2.00581218092259,-1.59555778284113,-0.410254398081447,4867.40888451412,-5440.16286254529,572.753978031168
0.308757040522602,2.02128644098315,-1.56337093892375,-0.45791550205938,4947.40032625173,-5383.47830813705,436.077981885315
0.30886132027011,2.04128188987544,-1.51654688912934,-0.524735000746084,5055.76508120626,-5298.60320148049,242.838120274231
0.309048581505989,2.07173715933931,-1.42845760180814,-0.643279557531154,5236.85060707982,-5132.06595783161,-104.784649248209
0.309232129559623,2.09472559019474,-1.3373330434923,-0.757392546702422,5397.08934107213,-4951.63090105123,-445.458440020895
0.309318724218867,2.10319483356475,-1.29276129990629,-0.810433533658444,5466.63953026876,-4860.71506070241,-605.924469566343
0.30940174858919,2.10987125479972,-1.2491317428513,-0.860739511948402,5529.58527841282,-4770.17370982632,-759.411568586497
0.309484772959513,2.1151297503887,-1.20465596092435,-0.910473789464333,5588.82870571472,-4676.39255894528,-912.436146769439
0.309607323006888,2.12029257020146,-1.13753208955329,-0.982760480648155,5669.41712245098,-4532.1976441005,-1137.21947835049
0.30981073936305,2.12200633243748,-1.02250626592286,-1.0995000665146,5784.82859949517,-4278.26933931654,-1506.55926017864
0.309847169527298,2.12140976821396,-1.00143684575478,-1.11997292245916,5803.07260378776,-4230.88488087424,-1572.18772291352
0.309914742795134,2.11957612346135,-0.962016503396946,-1.15755962006438,5834.92375641555,-4141.54207175081,-1693.38168466474
0.310001554714751,2.11583534374082,-0.91074582540384,-1.20508951833696,5872.03569046836,-4024.04203641616,-1847.9936540522
0.310155920923722,2.10534720724587,-0.817961215691985,-1.28738599155387,5927.36833041756,-3807.84058658536,-2119.52774383221
0.310389725171669,2.08017012032134,-0.673931141924957,-1.40623897839637,5984.97121848328,-3463.71760569176,-2521.25361279152
0.310675060854953,2.03447151895694,-0.493425628618877,-1.54104589033805,6012.19428687295,-3018.9227711476,-2993.27151572535
0.310882000319994,1.99118765521601,-0.359874430253886,-1.63131322496211,6002.21446699572,-2680.77090335188,-3321.44356364384
0.311032547890333,1.95445185176536,-0.261697246036038,-1.69275460572931,5979.23730452822,-2427.48042010266,-3551.75688442556
0.311091778682463,1.93880437704881,-0.222886413342363,-1.71591796370643,5966.57315391435,-2326.2735673799,-3640.29958653445
0.311172743365599,1.91634542070943,-0.169721052168771,-1.74662436854065,5945.96532465346,-2186.65362838906,-3759.31169626439
0.311253708048734,1.89266198654711,-0.116449991531868,-1.77621199501523,5921.56144167332,-2045.62637880663,-3875.93506286669
0.311392082697141,1.84940211419442,-0.0252744185395472,-1.82412769565486,5871.12293119149,-1801.64471783082,-4069.47821336068
0.31147706987078,1.82111070292832,0.0307672028352454,-1.85187790576355,5834.70604993236,-1650.05143088124,-4184.65461905112
0.311557329114231,1.79321495634704,0.083670874458609,-1.87688583080563,5796.54606477606,-1505.80896614189,-4290.73709863417
0.311700210918101,1.74079076073558,0.177672613324635,-1.9184633740602,5719.64857658165,-1246.77820624754,-4472.87037033411
0.311843092721971,1.6849052644819,0.271308871423755,-1.95621413590564,5631.38844815085,-985.248748077205,-4646.13970007364
0.312004017509905,1.61796251113732,0.376090143565797,-1.9940526547031,5518.60692495879,-688.377840683335,-4830.22908427546
0.312083240577358,1.58348428655682,0.427355114359767,-2.01083940091657,5457.93572419262,-541.48107874208,-4916.45464545054
0.312180140804083,1.54000237607304,0.489688676597811,-2.02969105267084,5379.20219965954,-361.376687364209,-5017.82551229533
0.31230156881253,1.48353775768684,0.567140988025609,-2.05067874571244,5273.61949765386,-135.259406970129,-5138.36009068373
0.312448045915167,1.41260915479697,0.659446235638232,-2.07205539043519,5136.22093042639,137.695582602744,-5273.91651302914
0.312594523017804,1.3387335008985,0.750350647985987,-2.08908414888447,4988.10616497626,410.353633027522,-5398.45979800378
0.312739394285318,1.26292035415891,0.838693783676084,-2.10161413783499,4831.37751418421,679.170022897902,-5510.54753708211
0.312831582826387,1.21331465249052,0.894029281030729,-2.10734393352123,4726.4659965326,849.572932021627,-5576.03892855423
0.312923771367455,1.16270829776906,0.94861231862493,-2.11132061639398,4617.6502483239,1019.2591197731,-5636.909368097
0.313049600284116,1.09210574534403,1.02180694893956,-2.11391269428358,4463.01026053412,1249.42249126958,-5712.4327518037
0.313188706821738,1.01211261350469,1.10085315313514,-2.11296576663982,4284.087614342,1501.56474394293,-5785.65235828492
0.313253747089041,0.974040007845795,1.13710950078231,-2.1111495086281,4197.62332071536,1618.53540765255,-5816.15872836791
0.313337332466527,0.92453147482594,1.18300016867143,-2.10753164349736,4083.98579285893,1767.84794400552,-5851.83373686445
0.313495417741802,0.829245005756406,1.26750799511097,-2.09675300086737,3861.62471700186,2046.73838371868,-5908.36310072054
0.313653503017076,0.731962563457926,1.34888375402534,-2.08084631748326,3629.91810256399,2320.5706748422,-5950.48877740619
0.31381158829235,0.632918746527696,1.42693127591573,-2.05985002244342,3389.42486854594,2588.68407544425,-5978.10894399019
0.314022807325787,0.498305894372858,1.5256494856875,-2.02395538006035,3055.53125543108,2936.7226997407,-5992.25395517178
0.314297196438288,0.320458537777486,1.64373384097415,-1.96419237875163,2602.61032991766,3369.10991622758,-5971.72024614524
0.314521970482182,0.172967998017495,1.73145107122781,-1.9044190692453,2217.23949883654,3704.98837619006,-5922.22787502659
0.31468402360423,0.0660550545734287,1.78939134070162,-1.85544639527505,1932.49378461003,3935.90629414638,-5868.40007875641
0.314777426385812,0.00433778850201782,1.82069790712955,-1.82503569563157,1766.07129328196,4064.44523604355,-5830.51652932551
0.314899332186982,-0.0761760672034061,1.85918671401129,-1.78301064680788,1546.71158439767,4226.89700626733,-5773.608590665
0.315021237988152,-0.156551732818749,1.8949455847045,-1.73839385188574,1325.17893033878,4383.14205580855,-5708.32098614733
0.315143143789322,-0.236674235940537,1.9279237528732,-1.69124951693266,1101.79074780603,4532.9576228384,-5634.74837064443
0.315327381633804,-0.356985708004084,1.97236668726118,-1.61538097925709,761.494910124707,4746.62404448045,-5508.11895460516
0.315515951752785,-0.478826821436113,2.01101065182026,-1.53218383038415,410.783707914666,4948.84794912739,-5359.63165704205
0.315614842740821,-0.542091082008708,2.02847398831641,-1.4863829063077,226.192146569406,5048.0593762255,-5274.25152279491
0.315700574677727,-0.596505289892426,2.04202916724602,-1.44552387735359,66.0209522253367,5130.13042124827,-5196.15137347361
0.315786306614632,-0.650474641584483,2.05410190543948,-1.403627263855,-94.1534199368366,5208.47691093288,-5114.32349099605
0.315909920890622,-0.727420824041199,2.06888070187355,-1.34145987783234,-324.849204068436,5314.7607556143,-4989.91155154586
0.316112950384098,-0.851266085887208,2.08636562221606,-1.23509953632885,-702.185528054382,5471.80224703389,-4769.61671897951
0.31631631296611,-0.971784824231199,2.09537511210495,-1.12359028787374,-1077.0479834572,5606.81119149294,-4529.76320803574
0.316429960642883,-1.03745492579068,2.09669046947468,-1.059235543684,-1284.74805224156,5672.37760584175,-4387.62955360018
0.316502036775971,-1.07841984899663,2.0961393473058,-1.01771949830918,-1415.62363400083,5710.22366896595,-4294.60003496512
0.316607233027932,-1.13718995507079,2.09340568370489,-0.956215728634103,-1605.24285553047,5760.19253009037,-4154.9496745599
0.316712429279893,-1.19470236030501,2.0883854578678,-0.893683097562783,-1793.04819601574,5803.87002764273,-4010.82183162699
0.316848005118201,-1.26686082645672,2.07855356260209,-0.811692736145373,-2032.06110767,5850.80327602994,-3818.74216835994
0.316989967965604,-1.33992718493051,2.06421897492478,-0.724291789994267,-2278.27204850331,5888.57698374187,-3610.30493523856
0.317069588212271,-1.37974997310588,2.05437827338665,-0.674628300280772,-2414.40321136507,5904.64837762927,-3490.2451662642
0.317170237836795,-1.42883735951036,2.04010079788509,-0.611263438374726,-2584.25954394825,5919.67633006545,-3335.4167861172
0.31729560095653,-1.48795117416876,2.01946936394707,-0.53151818977832,-2792.09996381951,5930.11825284451,-3138.01828902501
0.317462207048931,-1.56288250628898,1.987216811793,-0.42433430550402,-3061.39293607233,5929.77028243802,-2868.37734636569
0.317628813141332,-1.63350295724135,1.94952406167026,-0.316021104428915,-3322.17671642461,5913.19753229054,-2591.02081586593
0.317832723406748,-1.71377027134648,1.89615196904796,-0.182381697701492,-3628.66582152869,5870.91585067094,-2242.25002914225
0.31804609957716,-1.79018281476022,1.83198889263245,-0.0418060778722404,-3933.22289884294,5800.93355251475,-1867.7106536718
0.318162798013556,-1.82860072492876,1.7933765147029,0.0352242102258561,-4092.42678805203,5751.60108028373,-1659.1742922317
0.318279496449953,-1.86454575701511,1.75235575479504,0.112190002220057,-4246.06674874419,5694.54385792338,-1448.47710917919
0.31839619488635,-1.89797015588621,1.70898203052404,0.188988125362163,-4393.93770013845,5629.839349753,-1235.90164961454
0.318543864223044,-1.9365788189111,1.65082342411964,0.285755394791462,-4572.45635301027,5537.1524134696,-964.696060459332
0.318691533559739,-1.9710003900661,1.58911578114238,0.381884608923714,-4741.04933907431,5432.56435486967,-691.515015795357
0.318886763354645,-2.00994688482871,1.50233581770165,0.507611067127052,-4948.04278728722,5276.45417329584,-328.411386008621
0.319061219921654,-2.03833720846402,1.41999495267225,0.61834225579176,-5117.20103164753,5120.15704585016,-2.95601420263665
0.319154236647507,-2.05097373299627,1.37431556499665,0.676658167999605,-5201.13698603084,5030.47718498707,170.659801043762
0.319221543823532,-2.05902161402558,1.34052671811603,0.718494895909545,-5259.08921376456,4962.9000623083,296.189151456258
0.319315864818035,-2.06874210276449,1.29217754628357,0.776564556480912,-5336.30073018848,4864.48719185013,471.813538338347
0.319451844512567,-2.07954236431744,1.22050327131437,0.859039093003057,-5439.27542863702,4715.14926070485,724.126167932166
0.319663713176896,-2.08877082251683,1.10449791891725,0.984272903599568,-5579.69046681385,4465.56874224156,1114.12172457228
0.319798193336678,-2.08981723150968,1.02826429004735,1.06155294146232,-5655.99986684727,4296.76370398186,1359.23616286541
0.31993267349646,-2.08712170303589,0.950197854497392,1.13692384853849,-5722.15766561265,4120.30149038589,1601.85617522676
0.320067153656241,-2.08068932906516,0.870439919851966,1.21024940921319,-5778.04454740838,3936.50107711417,1841.54347029421
0.320116074622034,-2.07742366120491,0.841024550977624,1.23639911022728,-5795.81327660976,3867.86017291248,1927.95310369728
0.320203685527237,-2.07034616241909,0.787861425860405,1.28248473655867,-5824.18664672371,3742.68007431773,2081.50657240597
0.320323067922278,-2.0581721381249,0.71447853444021,1.34369360368468,-5855.69948916278,3567.59116184567,2288.10832731711
0.320442450317319,-2.04309486429565,0.640094485204315,1.40300037909132,-5878.93288674458,3387.49732519168,2491.4355615529
0.320561832712359,-2.02513570944708,0.56481267834116,1.46032303110591,-5893.85605702205,3202.64919666204,2691.20686036001
0.32074904685186,-1.99124309600014,0.445245560727281,1.54599753527285,-5900.47961583046,2903.93229626382,2996.54731956664
0.321011082091588,-1.93227776792436,0.27551451605601,1.65676325186834,-5875.3725944175,2469.52554303662,3405.84705138088
0.321273117331317,-1.86020701953349,0.103940156002518,1.75626686353096,-5810.3621245277,2018.49571340549,3791.86641112221
0.321426320427736,-1.81214998470856,0.00314280816373576,1.80900717654481,-5753.98778422082,1748.05821276192,4005.92957145889
0.321579523524155,-1.759887836312,-0.0976515198923612,1.85753935620435,-5684.2310540034,1473.60451961729,4210.62653438611
0.321616999256064,-1.74647146059778,-0.122291104251507,1.86876256484927,-5665.13996572959,1405.90012154101,4259.23984418858
0.321654474987973,-1.73281333976464,-0.146911291373701,1.87972463113833,-5645.26080489802,1338.00748957981,4307.25331531821
0.321717229992585,-1.70940553521431,-0.188087843356512,1.89749337857082,-5610.21526220647,1223.91822175769,4386.29704044878
0.321802694550901,-1.67646018619311,-0.244038512390829,1.92049869858393,-5558.97109382219,1067.80379608139,4491.16729774079
0.321962217219612,-1.61176497674122,-0.347933353593367,1.95969833033458,-5452.61987632884,774.547276235987,4678.07260009285
0.322200989586421,-1.50746380049249,-0.501629542458395,2.00909334295088,-5267.95636671732,332.496452040313,4935.45991467701
0.322304009058156,-1.459765363363,-0.567173553028535,2.02693891639153,-5178.9666670156,140.902422444596,5038.06424457101
0.322407028529891,-1.41053624739203,-0.632118224458248,2.04265447185027,-5084.53251097603,-50.8225546524798,5135.35506562851
0.322471835254762,-1.37880292282493,-0.672639951909293,2.05144287473421,-5022.37420371252,-171.421741328426,5193.79594504094
0.322560373878737,-1.33452985098593,-0.727539504894299,2.06206935588022,-4934.0873250437,-336.037381331029,5270.12470637473
0.322695263475661,-1.26511607864338,-0.810062512192358,2.07517859083573,-4792.26527703153,-586.223929483824,5378.48920651535
0.32290865935423,-1.15076179740362,-0.937512427550381,2.08827422495399,-4550.49016970572,-979.463539920203,5529.95370962592
0.323088638965153,-1.05025114448431,-1.04176331659533,2.09201446107963,-4330.54949805851,-1307.80063377779,5638.3501318363
0.323204214754012,-0.983889489168112,-1.10699456751483,2.09088405668294,-4181.88884346868,-1516.56986325066,5698.45870671933
0.323277468752908,-0.941144603483567,-1.14759193025252,2.08873653373608,-4084.77413521381,-1647.88260458526,5732.65673979907
0.323344864033841,-0.901377921237207,-1.18440325648764,2.08578117772484,-3993.50865482119,-1767.914869552,5761.42352437318
0.323445240699135,-0.84141299420919,-1.23823015072722,2.0796431449364,-3854.27733618591,-1945.1705044584,5799.44784064432
0.323585972573353,-0.755959112008663,-1.31159224922303,2.06755136123168,-3652.661942641,-2190.32637189278,5842.98831453379
0.323798910097011,-0.62396467741179,-1.41761369230556,2.04157836971734,-3334.2627136837,-2552.76471538452,5887.02742906823
0.32407363673529,-0.449728125998771,-1.54487342355792,1.99460154955668,-2901.8362096231,-3002.95731782525,5904.79352744835
0.324301916175337,-0.302291814260339,-1.64193484270952,1.94422665696985,-2525.76675549824,-3360.26798875544,5886.03474425368
0.324466210654952,-0.195124265549203,-1.7066183699416,1.90174263549079,-2246.79827327869,-3606.93148983757,5853.72976311626
0.324563619509683,-0.131303423826505,-1.74283874155372,1.87414216538022,-2078.46400234603,-3748.70648177752,5827.17048412355
0.324687462109512,-0.0500096667619992,-1.78651258161398,1.83652224837598,-1861.68512893955,-3923.8153050863,5785.50043402585
0.32481130470934,0.0313537505388093,-1.82747321552253,1.79611946498372,-1642.08760141482,-4092.95297392865,5735.04057534347
0.324918548989974,0.101780167591814,-1.86070761989717,1.75892745230535,-1449.88368770525,-4234.41413436722,5684.29782207247
0.325025793270608,0.17208828108066,-1.89182431597936,1.7197360348987,-1256.02932478933,-4371.04945018726,5627.0787749766
0.325158503652875,0.258798801487757,-1.92734155796854,1.66854275648078,-1014.21448762391,-4533.20008207566,5547.41456969958
0.325364721920686,0.392523766312065,-1.97582576374995,1.58330199743788,-635.27033138898,-4769.27788770412,5404.5482190931
0.325462679714034,0.455537228846693,-1.99597079585955,1.54043356701286,-454.120949975685,-4874.51211121691,5328.6330611926
0.325581609362671,0.531443976382323,-2.0178772019219,1.48643322553958,-233.647972998202,-4996.0268222213,5229.67479521951
0.325700539011309,0.606602334881,-2.03695906330029,1.43035672841929,-12.8532100353482,-5110.54018998153,5123.39340001688
0.32587757020761,0.716835869616972,-2.06006882565959,1.34323295604262,315.648154298635,-5267.64769175601,4951.99953745738
0.326083401556865,0.842151335594971,-2.07890205985957,1.2367507242646,696.209044790135,-5429.71130756458,4733.50226277444
0.326169135881167,0.893371381722612,-2.08418588931048,1.19081450758786,854.063985185385,-5490.58317160646,4636.51918642107
0.326232436092539,0.930773439921472,-2.08711415813001,1.15634071820854,970.222828509134,-5532.96409269373,4562.7412641846
0.326349383549947,0.99887624180227,-2.09034526245081,1.09146902064854,1183.73742040504,-5605.45958419556,4421.72216379052
0.326413376272797,1.03557924230057,-2.09091599584681,1.05533675354624,1299.92742240969,-5641.9259262049,4341.99850379521
0.326526485495191,1.09940537287974,-2.08985212775151,0.99044675487177,1503.94702770057,-5700.76672095266,4196.81969325209
0.326551358470805,1.11325991533117,-2.08926311743541,0.97600320210424,1548.57534434881,-5712.74262860014,4164.16728425133
0.326621173898686,1.15177679876809,-2.08692655483659,0.935149756068497,1673.31451062336,-5744.48174798242,4071.16723735906
0.326713057411163,1.20161304587297,-2.08231750109942,0.880704455226442,1836.22837779897,-5782.02118484109,3945.79280704212
0.326905196403947,1.30248064732463,-2.06706883429407,0.764588186969449,2171.62449840271,-5844.83923468149,3673.21473627878
0.327121325586462,1.41020781597011,-2.04090522986197,0.630697413891857,2539.27724388436,-5889.97414482422,3350.69690093986
0.327231753058354,1.46279875585428,-2.02387954082231,0.561080784968033,2722.82729822984,-5902.55370262448,3179.72640439464
0.327262338089415,1.4770581076143,-2.0187298562294,0.541671748615103,2773.1044543123,-5904.77842869574,3131.67397438344
0.327354414280002,1.51914610992375,-2.00210258448746,0.48295647456371,2922.86727722567,-5908.17044313064,2985.30316590497
0.32747616089435,1.57282156735332,-1.97754364280998,0.404722075456668,3117.06824358054,-5905.03851755018,2787.97027396964
0.327590252467154,1.62102724716378,-1.95189433592737,0.330867088763597,3294.91402739683,-5894.23674414799,2599.32271675116
0.327743067397228,1.68229691740116,-1.91361181345796,0.231314896056798,3526.38937327587,-5867.8755650603,2341.48619178443
0.327895882327302,1.73967433952503,-1.87090678994436,0.131232450419334,3749.71325293946,-5827.95157429159,2078.23832135212
0.328094553383777,1.80821379732413,-1.80895355814344,0.000739760819306379,4026.9436826533,-5755.94468328125,1729.00100062795
0.32814804235848,1.82548338967021,-1.79104309768658,-0.0344402919836297,4098.99557105148,-5732.6880809113,1633.69250985982
0.328238505904151,1.85350480032915,-1.7596041048879,-0.0939006954412499,4218.17849368895,-5689.66593363117,1471.48743994222
0.328369254571867,1.89133443808722,-1.71165986648307,-0.179674571604155,4384.33648651328,-5619.35646705809,1235.01998054481
0.32855088885326,1.93854252623716,-1.64028559169049,-0.298256934546663,4602.72396375148,-5505.95773768596,903.233773934477
0.328607575720363,1.95199384561953,-1.61688846093331,-0.335105384686214,4667.87572404064,-5466.84450529288,798.968781252237
0.328705524498873,1.97376478623558,-1.57525761810715,-0.398507168128431,4776.91991266002,-5395.1755743918,618.255661731774
0.328803473277382,1.993657949715,-1.53213036254609,-0.46152758716891,4881.42098645438,-5318.37980173851,436.958815284128
0.328971348316564,2.02332416588157,-1.45487345349379,-0.568450712387774,5049.63300627418,-5175.08956836761,125.456562093424
0.329165390619056,2.05056481483092,-1.36054447877514,-0.690020336055771,5226.45227555924,-4991.53275665435,-234.919518904882
0.329203576048899,2.05503156307123,-1.34135804446922,-0.713673518602004,5259.00120964139,-4953.16851427687,-305.832695364525
0.329305323707458,2.06547826800757,-1.28930589078637,-0.776172377221201,5341.98788569619,-4847.48519737567,-494.502688320526
0.329462790504958,2.07745863097385,-1.20618264733123,-0.871275983642606,5459.55367843802,-4674.21162679433,-785.34205164369
0.329620257302457,2.08433276255032,-1.12009580416368,-0.964236958386634,5563.71042961939,-4489.45959476762,-1074.25083485177
0.329741834268402,2.08613700776975,-1.05171987509805,-1.03441713267169,5634.81001874785,-4339.21493214809,-1295.59508659976
0.329839658323339,2.08536901176703,-0.995571545949748,-1.08979746581727,5686.03827514128,-4213.68281717255,-1472.35545796872
0.329937482378275,2.08262175675704,-0.938477316664369,-1.14414444009267,5731.87376245655,-4084.15175347328,-1647.72200898326
0.330035306433212,2.07789776288205,-0.880491025397774,-1.19740673748427,5772.27301431417,-3950.74397569243,-1821.52903862174
0.330171445701397,2.0680436619783,-0.798423552961654,-1.26962010901664,5819.37086029515,-3758.89857243123,-2060.47228786393
0.330389982902697,2.04429698952544,-0.663736904288374,-1.38056008523706,5872.57885721875,-3436.79960240086,-2435.77925481789
0.330679159937916,1.99804945982814,-0.480885037715746,-1.51716442211239,5900.28347777313,-2986.12319313674,-2914.16028463639
0.330853521257057,1.96210498363541,-0.368484399815908,-1.5936205838195,5893.41465658295,-2701.89915054331,-3191.51550603964
0.330989002867606,1.93007589167893,-0.280332322687384,-1.64974356899154,5875.81434713132,-2475.31647706118,-3400.49787007014
0.331075411418067,1.90780333856924,-0.223819057486986,-1.68398428108225,5858.99689538247,-2328.39145527309,-3530.60544010939
0.331161819968529,1.88411672726658,-0.167138408838792,-1.71697831842779,5837.83930646906,-2179.74013625709,-3658.09917021197
0.331285070206262,1.84792275398116,-0.0860921818327741,-1.76183057214838,5800.1879030479,-1964.96124033757,-3835.22666271033
0.331488658316077,1.7820860946626,0.0479685480631273,-1.83005464272572,5718.92622446566,-1603.98010654553,-4114.94611792013
0.331521283549499,1.77083781260728,0.069467751062052,-1.84030556366933,5703.69887201034,-1545.4294632863,-4158.26940872404
0.331581750138096,1.74949834897698,0.109289811301342,-1.85878816027831,5673.88751387139,-1436.49543108352,-4237.39208278788
0.331655988158525,1.72243176202947,0.158125732759967,-1.88055749478943,5634.47401376721,-1302.04535329617,-4332.42866047105
0.33186554308003,1.64103586763183,0.295363141777759,-1.93639900940958,5506.74826270486,-919.114905082902,-4587.63335762196
0.3319699070433,1.59778236216964,0.363316250451045,-1.96109861262068,5434.11820882024,-726.684236221524,-4707.43397259872
0.332058765836621,1.55958579942263,0.420878617366366,-1.98046441678899,5367.6396175428,-562.188637960311,-4805.45097958249
0.332147624629941,1.52016414373421,0.478117469498621,-1.99828161323283,5296.95288767006,-397.240141854353,-4899.7127458157
0.332265953068911,1.46582494304078,0.553752679142373,-2.01957762218315,5196.39575380286,-177.127878212759,-5019.2678755901
0.332427001995033,1.38861489737817,0.655438723867418,-2.04405362124559,5047.98471118442,122.770811056336,-5170.75552224075
0.332588050921155,1.30781806940433,0.755464344623116,-2.06328241402745,4886.57486128767,422.408127155223,-5308.98298844289
0.332686919148964,1.25651203548933,0.815957249264197,-2.07246928475353,4781.18778092675,605.956313867452,-5387.1440947942
0.332775099991042,1.20971531364277,0.86925557795217,-2.07897089159494,4683.26660172781,769.197430074722,-5452.46403180253
0.33286328083312,1.16198027881752,0.921891067467973,-2.08387134628549,4581.72529109442,931.861904913454,-5513.58719600787
0.332981709208703,1.09646558958979,0.991461147637371,-2.08792673722716,4439.80887113616,1149.17607762009,-5588.98494875625
0.333176360298671,0.985532491026111,1.10275785297694,-2.08829034400305,4193.29152978952,1502.68519157038,-5695.9767213599
0.333242144753165,0.947151724085868,1.13948991515466,-2.08664163924052,4106.30421787426,1621.04708195873,-5727.35129983299
0.333307929207659,0.908361423972219,1.17573686414683,-2.08409828811905,4017.54951799501,1738.72159869984,-5756.27111669485
0.33338817845393,0.860512597059245,1.21927357852557,-2.07978617558481,3906.94416069748,1881.26356593584,-5788.20772663332
0.333474377575055,0.808498809574773,1.26517771590288,-2.07367652547766,3785.35048209535,2033.050268857,-5818.40075095235
0.333583583643358,0.741745599264414,1.32200012721338,-2.06374572647779,3627.30090896289,2223.20212565142,-5850.50303461431
0.333732648346655,0.6492231748603,1.39703752009887,-2.04626069495917,3404.68011296903,2478.48582235623,-5883.16593532526
0.333951169659919,0.511075562604097,1.50143985401894,-2.01251541662304,3064.97935664461,2842.67317093879,-5907.6525275834
0.334230474444778,0.33107870701311,1.6245083698024,-1.95558707681552,2609.99353548173,3288.37148968487,-5898.3650251666
0.334455059437926,0.184275491906678,1.71453895537769,-1.89881444728437,2229.02955245578,3628.88197097764,-5857.91152343342
0.334618226152956,0.0769018661655312,1.77467819158828,-1.85158005775381,1944.92718525934,3865.23578598628,-5810.16297124563
0.334711959623418,0.0150716404611332,1.80714632999634,-1.82221797045748,1779.25976945551,3996.52717394849,-5775.786943404
0.334834333766613,-0.0656691886529818,1.8471737964637,-1.78150460781072,1560.65419972054,4162.69824236154,-5723.35244208208
0.334898872279269,-0.108235874548298,1.86719526610971,-1.75895939156142,1444.37030442502,4247.89832448815,-5692.26862891317
0.334999060875557,-0.17422645754626,1.89675457335837,-1.72252811581211,1262.68074395202,4376.6902609783,-5639.37100493031
0.335142328038157,-0.268284725645731,1.93575640809257,-1.66747168244684,1000.71852863332,4553.2973708499,-5554.01589948322
0.33535375153433,-0.40604407962651,1.98613439579809,-1.58009031617159,610.592109701007,4796.95723154674,-5407.54934124775
0.335504012860538,-0.502980125168939,2.01666022396741,-1.51368009879847,331.364774511501,4957.45927048833,-5288.82404499983
0.335606175131757,-0.568297594633139,2.03486702693441,-1.46656943230128,140.955562561549,5060.35274327474,-5201.30830583628
0.335729610773593,-0.646443156054572,2.05407442911403,-1.40763127305946,-89.313409548753,5177.7233512851,-5088.40994173635
0.335853046415429,-0.72364024554909,2.07020359182589,-1.34656334627681,-319.509985890578,5287.33788513089,-4967.82789924031
0.336035689421315,-0.835847440205533,2.08836653414798,-1.25251909394245,-659.157555088458,5434.91463154219,-4775.75707645374
0.336290445698826,-0.987693714214023,2.1022449709961,-1.11455125678208,-1129.03134725169,5610.8279908248,-4481.79664357311
0.3363968111743,-1.04937431733253,2.10408054947624,-1.05470623214373,-1323.53413164269,5673.82676786228,-4350.29263621959
0.336463615655876,-1.08753233300689,2.10403606918453,-1.01650373617765,-1444.99020460901,5710.17365074308,-4265.18344613407
0.336560509596604,-1.14202707832032,2.10232985142576,-0.960302773105446,-1620.01744006487,5758.42494214338,-4138.40750207851
0.336689570150708,-1.21297484528683,2.09704306680455,-0.884068221517728,-1850.82195201431,5814.42099949494,-3963.59904748063
0.336818630704812,-1.28195684948186,2.08832146372624,-0.806364614244386,-2078.65836924122,5860.89440086599,-3782.23603162477
0.336951775033845,-1.35094190766682,2.07573982297274,-0.724797915305933,-2310.19814591102,5898.77929669642,-3588.5811507854
0.336995120588239,-1.37291013886978,2.07086046833796,-0.697950329468192,-2384.76684929588,5908.90101040448,-3524.1341611086
0.337082767985502,-1.41655322770256,2.05982696506176,-0.643273737359212,-2534.19044036018,5926.02619099833,-3391.83575063815
0.337198423645754,-1.47250742294131,2.04288930180642,-0.570381878865118,-2728.43557619185,5941.7675609946,-3213.33198480275
0.337289878931036,-1.51540116222174,2.02759085374467,-0.51218969152295,-2879.55561871805,5948.68292339471,-3069.12730467666
0.337413109642517,-1.57123047110418,2.00434459078347,-0.433114119679305,-3079.43972515574,5950.26186674265,-2870.82214158692
0.337536340353997,-1.62473229632827,1.97810590395962,-0.353373607631368,-3274.78159619748,5942.95679706628,-2668.1752008688
0.33772706597069,-1.70273582979998,1.93170494605371,-0.228969116253732,-3567.37934879176,5914.17780026343,-2346.79845147167
0.337990792825264,-1.80052775054897,1.8562517389108,-0.0557239883618428,-3950.7541553809,5839.65362405428,-1888.89946867337
0.338109690542986,-1.8407039260865,1.81801868416251,0.022685241923985,-4115.18308910643,5792.93821893143,-1677.755129825
0.338228588260708,-1.87833635379815,1.77726061584478,0.101075737953364,-4273.93419379557,5738.17134336901,-1464.23714957344
0.338287986937319,-1.89617092012301,1.75596655962336,0.140204360499641,-4351.06153696104,5707.81255862677,-1356.75102166573
0.33834738561393,-1.91335095983569,1.73406412445734,0.179286835378338,-4426.68807768102,5675.47354470673,-1248.78546702572
0.338472422346561,-1.94734521244361,1.68601282440236,0.261332388041237,-4580.8406187832,5600.99272669426,-1020.15210791106
0.338629916890703,-1.98591690270896,1.62182406765439,0.364092835054555,-4765.00250831697,5494.96396653283,-729.961458215857
0.338849666573257,-2.03165521543963,1.52573569385257,0.505919521587049,-5002.503592064,5324.78187259223,-322.278280528226
0.339012778024899,-2.05943236038264,1.44968430008755,0.609748060295074,-5163.6797980903,5182.04129052301,-18.3614924327026
0.339075669608001,-2.06872091125385,1.41932409183821,0.649396819415627,-5222.29408215799,5123.33780713518,98.9562750228088
0.33913269634451,-2.07645094852547,1.39131955978722,0.685131388738235,-5273.69413157564,5068.38790678939,205.30622478625
0.339243714908409,-2.08960097943487,1.33554482856754,0.754056150867321,-5368.91884692807,4956.80099397081,412.117852957259
0.339397783456069,-2.1036722841347,1.25549840478142,0.84817387935327,-5490.30591529469,4792.06544348683,698.240471807864
0.339620149672152,-2.11536437570305,1.13491889680771,0.980445478895334,-5642.92563568268,4534.83544322575,1108.09019245694
0.33978770102903,-2.1174292215485,1.04036558464416,1.07706363690433,-5740.00494328025,4326.34005238542,1413.66489089483
0.339882700142181,-2.11601966301988,0.98544616589784,1.13057349712203,-5788.09040677916,4202.74564405525,1585.34476272391
0.340004418837789,-2.1114857297756,0.91382406186305,1.19766166791254,-5842.22188759539,4038.9843888915,1803.23749870389
0.340126137533397,-2.10389430222312,0.84087937001969,1.26301493220342,-5887.89006701904,3869.35529593967,2018.53477107937
0.340247856229005,-2.09325675173816,0.766717148622147,1.326539603116,-5925.03081112218,3694.10318306566,2230.92762805652
0.340369574924613,-2.07958880899025,0.691445523074448,1.38814328591579,-5953.59084426071,3513.4837913422,2440.10705291851
0.34049129362022,-2.06291060238263,0.61517456019807,1.44773604218455,-5973.52898361437,3327.76134755734,2645.76763605703
0.340669343007482,-2.03315160819132,0.50207058917581,1.5310810190155,-5987.10493916595,3047.54433871751,2939.56060044844
0.340920068350166,-1.98062827743629,0.340350199817803,1.64027807761847,-5974.8027399463,2637.35249258215,3337.45024736415
0.341225200693429,-1.90040720450124,0.140966008412335,1.7594411960889,-5910.47528676879,2116.8623202703,3793.61296649849
0.341379386228832,-1.85320747802532,0.0395009050596244,1.81370657296569,-5857.46345570139,1845.89580472192,4011.56765097947
0.341533571764234,-1.80171223235961,-0.0620328177377079,1.86374505009731,-5790.84952930825,1570.66734733849,4220.18218196976
0.341597799273936,-1.77901428358322,-0.104306910506975,1.88332119409019,-5759.11202773149,1454.8710995745,4304.24092815698
0.341662026783637,-1.75560178702232,-0.146532527593585,1.9021343146159,-5725.05360631015,1338.49880339053,4386.55480291962
0.341744920216428,-1.72434504001419,-0.20092996309099,1.92527500310518,-5677.69103627223,1187.53304718447,4490.15798908776
0.341889082514928,-1.66726154694057,-0.295151570130058,1.96241311707062,-5586.28715939719,923.229141579591,4663.0580178176
0.342115725261661,-1.57079411704844,-0.441870207315291,2.01266432436373,-5419.84944687748,504.414624891083,4915.4348219864
0.342236063573379,-1.5163181474568,-0.518943186931578,2.03526133438837,-5320.32705409346,280.770632002436,5039.55642209102
0.342266553054787,-1.50216945250695,-0.538361295199977,2.04053074770692,-5293.90451215581,224.019290906801,5069.88522124901
0.342358801502651,-1.45854710086847,-0.596789069308916,2.05533617017738,-5211.0596214162,52.2536577306664,5158.80596368553
0.342496311585653,-1.39130829710783,-0.682905896539047,2.07421419364688,-5079.58764290321,-203.728899213029,5283.31654211624
0.342633821668655,-1.32151702729566,-0.767730147181737,2.08924717447739,-4938.75679157568,-459.277354524585,5398.03414610026
0.342826869616327,-1.21950955738205,-0.884298413512446,2.10380797089449,-4725.82457391715,-816.295588146308,5542.12016206346
0.343084521330618,-1.07664986267176,-1.03461385618847,2.11126371886022,-4415.24752171551,-1287.50686042095,5702.75438213646
0.343186528803698,-1.01806826526007,-1.0923574488442,2.11042571410427,-4284.16402819994,-1472.06532376929,5756.22935196922
0.343288536276779,-0.958467709212506,-1.14896649514463,2.10743420435713,-4148.75184791546,-1655.07404375238,5803.82589166784
0.343390543749859,-0.897908931348263,-1.20438375242571,2.10229268377397,-4009.14923756357,-1836.34747446505,5845.49671202862
0.343513167182808,-0.823934621782523,-1.26934044579499,2.09327506757751,-3835.99938187647,-2051.68723376581,5887.68661564228
0.343635790615756,-0.748772556123627,-1.33240015454247,2.0811727106661,-3657.25431751078,-2263.94222182915,5921.19653933993
0.343828037253562,-0.628854819107537,-1.42718822726086,2.0560430463684,-3366.50453023082,-2589.63389984367,5956.13843007449
0.344093793160313,-0.459642368156637,-1.54945812152725,2.00910048968388,-2945.25783555897,-3023.66482617557,5968.92266173454
0.344359549067063,-0.287398523414704,-1.66088111988862,1.94827964330332,-2504.00193986571,-3436.47369709572,5940.47563696143
0.34451861691112,-0.183252671828917,-1.72211953367847,1.90537220550739,-2231.33381398496,-3672.43231276486,5903.76612674982
0.344641982572444,-0.102181592889091,-1.76665205808599,1.86883365097509,-2016.07479980404,-3849.12898409899,5865.20378390303
0.3446833692822,-0.0749454207952077,-1.78100062155476,1.85594604234996,-1943.1712709319,-3907.12816483231,5850.29943576421
0.344765933108491,-0.0205976129109828,-1.80871424261995,1.82931185553093,-1796.81859462984,-4020.81827736993,5817.63687199976
0.344885835237803,0.058301275403934,-1.84677177519126,1.78847049978733,-1582.2699399253,-4181.02533804584,5763.29527797114
0.345055316028929,0.169569516015507,-1.89604971811023,1.72648020209473,-1275.49542095191,-4397.18465944661,5672.68008039852
0.345224796820054,0.280287130458229,-1.93992919859941,1.65964206814119,-965.306635277724,-4600.80625218182,5566.11288745955
0.345433147059223,0.415148930529268,-1.98628171159385,1.57113278106458,-580.686422305904,-4833.04820332054,5413.73462562644
0.345541890474986,0.484868646763433,-2.00710729123489,1.52223864447147,-378.846860092587,-4946.13071653966,5324.97757663225
0.345650633890748,0.553991937900266,-2.02557907432203,1.47158713642177,-176.652121421812,-5053.40438050376,5230.05650192557
0.34575937730651,0.622437913834255,-2.04167560548768,1.41923769165343,25.6609294180935,-5154.74394289189,5129.08301347379
0.345934349360168,0.730915047690395,-2.06253754294364,1.33162249525325,350.745901518494,-5305.01066069439,4954.2647591759
0.34618813726432,0.884021834951221,-2.08165273494269,1.19763089999148,819.459548233194,-5494.13229063486,4674.67274240167
0.34629647477769,0.947742909405446,-2.0857813949614,1.13803848555596,1018.1930234595,-5564.33072135906,4546.13769789956
0.346404812291061,1.01033466430114,-2.08748288597989,1.07714822167876,1215.65605452023,-5628.04714791369,4412.39109339346
0.346513149804431,1.07172445211939,-2.08675543970751,1.01503098758813,1411.61913639686,-5685.20778717559,4273.58865077872
0.346574552853082,1.10596373759081,-2.08526485403107,0.979301116440269,1521.95236263393,-5714.67410867278,4192.72174603885
0.346674998063889,1.16105332212354,-2.0811468223253,0.920093500201767,1701.11866518962,-5758.25735246653,4057.13868727691
0.346809791090791,1.23310405345742,-2.07235221176021,0.839248158302796,1938.70738742031,-5807.67513598419,3868.96774856388
0.347014178894163,1.33796693144038,-2.05191254847595,0.713945617035578,2291.80323223856,-5862.60638757466,3570.8031553361
0.347196151663068,1.42662822469106,-2.02656388173434,0.59993565704329,2598.06158634433,-5891.10934395035,3293.04775760602
0.347301721647318,1.47593154032707,-2.00879746426848,0.532865923941424,2771.87795105754,-5898.79478523584,3126.9168341783
0.3473772367461,1.51019113560569,-1.99472485989416,0.484533724288482,2894.30992122093,-5900.29225102718,3005.98232980625
0.347469503502473,1.5508717517125,-1.97600169387579,0.4251299421633,3041.61309705664,-5897.59129232933,2855.97819527269
0.34760071086688,1.60642270780959,-1.94651294574507,0.340090237935487,3246.51111966285,-5885.17870105483,2638.66758139197
0.347747395303669,1.66523449206998,-1.90961863220839,0.244384140138418,3468.86312954969,-5859.41438928222,2390.55125973253
0.347843155140734,1.70170833418444,-1.88332442525192,0.181616091067486,3610.02480163637,-5835.84296645241,2225.81816481604
0.347938914977799,1.73661864851336,-1.85531765552156,0.11869900700822,3747.8503160756,-5806.96433555286,2059.11401947726
0.348068997989093,1.78147427376786,-1.81458043852669,0.0331061647588399,3929.48329150456,-5759.2878880999,1829.80459659534
0.348170115445724,1.8142646972081,-1.7808034910852,-0.0334612061228859,4066.08262632671,-5715.54322152636,1649.46059519965
0.348251670925651,1.83936208130118,-1.75224158709264,-0.0871204942085213,4173.22440350261,-5676.03392970736,1502.80952620475
0.348358362243662,1.87034045732822,-1.71313752463046,-0.157202932697743,4309.15254298219,-5618.70321599127,1309.55067300908
0.348506175583702,1.9097241522536,-1.65578513021416,-0.25393902203943,4489.26542878537,-5528.82637882123,1039.56095003586
0.348677391017658,1.95011620123021,-1.58488513327112,-0.365231067959076,4685.54093549698,-5409.78139782265,724.240462325669
0.348770061236125,1.9696102381657,-1.54455882640249,-0.425051411763203,4786.10828370292,-5338.74022942329,552.631945720372
0.348862731454591,1.98741237711961,-1.50291627382401,-0.48449610329558,4882.55179369809,-5263.15110209995,380.599308401861
0.348955401673058,2.00350747054095,-1.45999300472522,-0.54351446581572,4974.7892034228,-5183.07850443931,208.289301016505
0.349120084370631,2.0278488490479,-1.38069133978598,-0.647157509261913,5128.04044485916,-5029.98008577134,-98.060359087814
0.349368967982792,2.05417240520724,-1.25393591166343,-0.800236493543794,5332.98155319863,-4773.2380702704,-559.743482928223
0.349473883964692,2.06147910000483,-1.1980944528895,-0.863384647115317,5409.62277833418,-4656.0277691105,-753.595009223683
0.349578799946592,2.0665171831406,-1.14094342114913,-0.925573761991457,5480.29887203431,-4533.73259378771,-946.566278246607
0.349683715928493,2.06928128149476,-1.08254527902582,-0.98673600246892,5544.93263920421,-4406.48605580216,-1138.44658340205
0.349848691908583,2.06902247471161,-0.988370789948317,-1.08065168476328,5634.16011375964,-4196.77088380992,-1437.38922994973
0.349919854736532,2.06717307035023,-0.946890246932524,-1.12028282341769,5667.94069002302,-4102.73741966931,-1565.20327035371
0.3499641143499,2.0654948047779,-0.920848006601762,-1.14464679817613,5687.50319907055,-4043.20624384823,-1644.29695522232
0.350039932376262,2.06168033643765,-0.875825819095231,-1.1858545173424,5718.4179159399,-3939.41355950274,-1779.00435643716
0.350177493369759,2.05173867242333,-0.79289504212866,-1.25884363029465,5766.08784018009,-3745.43706504857,-2020.65077513152
0.350399525817008,2.0275284256128,-0.656021434771715,-1.37150699084107,5819.95319909175,-3417.82610110925,-2402.1270979825
0.350680696685229,1.98258545977662,-0.478238888630452,-1.50434657114616,5847.01152036519,-2979.40113966698,-2867.61038069821
0.350899395557583,1.93676501185795,-0.337184710864755,-1.59958030099318,5836.16707551321,-2621.8356194878,-3214.33145602541
0.351057804284191,1.8977640210879,-0.233911670372556,-1.66385235071533,5810.88033041956,-2354.82573655438,-3456.05459386518
0.351143395687999,1.87469449042299,-0.177827397761758,-1.69686709266122,5791.13591948915,-2208.01242596061,-3583.12349352854
0.351261725954309,1.84054568457611,-0.100091937587686,-1.74045374698841,5756.85271817429,-2002.44120201755,-3754.41151615673
0.351380056220618,1.80381800971468,-0.022209994153863,-1.7816080155608,5714.50315552077,-1794.0752766506,-3920.42787887017
0.351556477121149,1.74439718131685,0.0939163753861776,-1.83831355670301,5636.53912168859,-1478.9324318047,-4157.6066898839
0.351732898021679,1.67954064197027,0.209777080290746,-1.889317722261,5541.02879034077,-1159.1790425796,-4381.84974776117
0.35190931892221,1.60944567644127,0.325020099268594,-1.93446577570985,5428.26340238009,-835.787060109911,-4592.47634227018
0.352052584097748,1.54880628679312,0.417924119572307,-1.96673040636541,5324.21137313174,-571.128346555233,-4753.08302657651
0.352075086827576,1.53898427822818,0.432452326280021,-1.97143660450819,5306.86024541064,-529.416658369928,-4777.44358704071
0.352152748391808,1.50449330182216,0.482417289630595,-1.98691059145275,5244.92254627088,-385.282177896207,-4859.64036837467
0.352269601965853,1.45089544775938,0.55704092949661,-2.00793637725598,5145.78280457127,-168.019279790606,-4977.76352478067
0.352443456712385,1.36751528727927,0.666633076350656,-2.03414836362992,4985.3403889651,155.517752174993,-5140.85814114009
0.352617311458917,1.27998048555455,0.774258889656304,-2.05423937521085,4809.80058584766,478.656446471616,-5288.45703231928
0.352788161043731,1.19015927078327,0.87780400368152,-2.06796327446478,4623.08464438106,794.906337256031,-5417.99098163709
0.3528521730864,1.15557194140355,0.915990013122893,-2.07156195452643,4549.57319490552,912.934227301418,-5462.50742220694
0.352930955768849,1.11235262070801,0.962476911732735,-2.07482953244074,4456.5387245705,1057.68426489665,-5514.22298946715
0.353009738451299,1.06843686852755,1.00837734799768,-2.07681421652522,4360.72669035973,1201.79608553282,-5562.52277589256
0.353139844857337,0.994469882686975,1.08281059180705,-2.07728047449402,4196.59873031965,1438.12424528767,-5634.72297560732
0.353229937245028,0.942236951502432,1.13331442803649,-2.07555137953892,4078.72751228378,1600.43250840116,-5679.16002068494
0.353346721348477,0.873386493734445,1.19742716815741,-2.07081366189185,3921.00399378243,1808.90925601844,-5729.91324980087
0.353426460193662,0.825668466020296,1.24029350605878,-2.06596197207907,3810.19031162696,1949.90954551389,-5760.09985714085
0.353506199038848,0.77741574189867,1.28238612221377,-2.05980186411243,3696.93479382795,2089.70015576788,-5786.63494959583
0.353628933982042,0.702180956539772,1.34559314873123,-2.047774105271,3518.03054204759,2302.26928798482,-5820.29983003241
0.353833832995409,0.574281613339228,1.44658957627225,-2.02087118961148,3207.72085863243,2649.27907760398,-5856.99993623642
0.354108269030692,0.399279720478647,1.5723796532171,-1.97165937369575,2771.28425749632,3096.50970344802,-5867.79396094434
0.354382705065975,0.22112219157631,1.68655570688661,-1.90767789846292,2313.71654865475,3520.93903515336,-5834.65558380811
0.354520396907065,0.130857722175928,1.73926059189821,-1.87011831407413,2076.97027910983,3724.54033767701,-5801.51061678684
0.354658088748155,0.0403055468467778,1.78872035560782,-1.8290259024546,1836.20304204933,3921.19716967501,-5757.40021172435
0.354795780589244,-0.0503656547400282,1.834843507419,-1.78447785267897,1591.86377768387,4110.54431650324,-5702.40809418711
0.354897029731437,-0.117028901950086,1.86658668313922,-1.74955778118913,1410.14628845096,4244.93340446922,-5655.07969292019
0.354998278873629,-0.183599336402683,1.89644803148355,-1.71284869508086,1226.92305384903,4375.0464848057,-5601.96953865472
0.355099528015822,-0.250009643077878,1.92439743028885,-1.67438778721097,1042.37950746694,4500.75216631217,-5543.13167377911
0.355268285690346,-0.360128388815649,1.96664436048428,-1.60651597166863,732.456771497318,4700.07666811828,-5432.5334396156
0.355439306631356,-0.470760570822211,2.00383922915928,-1.53307865833707,416.067111289152,4888.65453806186,-5304.72164935101
0.355522989964094,-0.524471185264068,2.01995403909206,-1.49548285382799,260.604753869463,4975.88448717562,-5236.48924104509
0.355585804236928,-0.564564323786133,2.0311367546482,-1.46657243086207,143.747467424441,5039.11512487575,-5182.86259230019
0.355683528800139,-0.626509639321811,2.0469634554896,-1.42045381616779,-38.1895548070975,5133.57994256749,-5095.3903877604
0.355823193972696,-0.714026702088988,2.06623752572296,-1.35221082363397,-298.185003110553,5260.17496827554,-4961.98996516499
0.356037104152161,-0.845382803879427,2.08805200022633,-1.2426691963469,-695.223845437921,5434.36234854709,-4739.13850310917
0.356215738822282,-0.952292584522634,2.09908030876614,-1.14678772424351,-1024.80627316472,5561.17259733383,-4536.36632416911
0.356326943904108,-1.01742216764999,2.10262369336153,-1.08520152571155,-1228.6260162595,5631.36238979985,-4402.73637354035
0.356385234789719,-1.05108821853515,2.10345946652481,-1.05237124798966,-1334.93491661706,5665.42820225688,-4330.49328563982
0.356478636168762,-1.10430346090592,2.10333205715567,-0.999028596249755,-1504.36093366644,5716.05197378678,-4211.69104012034
0.356606912745929,-1.17585460524325,2.10021536869242,-0.924360763449181,-1734.98234310084,5777.5653695908,-4042.58302648996
0.356735189323096,-1.24553726833783,2.09369946552302,-0.848162197185195,-1962.91116721068,5829.72864798797,-3866.81748077729
0.356780770450807,-1.26983416648341,2.0905666891067,-0.820732522623297,-2043.20870039043,5846.0015679238,-3802.79286753338
0.356882578766237,-1.32316509167736,2.08202832569277,-0.758863234015414,-2221.04912096032,5878.02193385562,-3656.97281289529
0.356984387081667,-1.37516707366977,2.07136716193284,-0.696200088263083,-2396.69216895073,5904.04766625256,-3507.35549730183
0.357155878587393,-1.45958695740714,2.04864708087992,-0.589060123472779,-2687.00948764664,5934.257470664,-3247.24798301736
0.357271441370984,-1.51415837464442,2.02998628392951,-0.515827909285097,-2878.48069200898,5944.94544755066,-3066.46475554168
0.357387004154574,-1.56676856012652,2.00865868820897,-0.44189012808246,-3066.26335817404,5947.82413448373,-2881.56077630968
0.357502566938165,-1.6173471572876,1.98469262254206,-0.36734546525447,-3250.10646952293,5942.88911961311,-2692.78265009018
0.357684230161972,-1.69256423798756,1.94177520084866,-0.24921096286111,-3530.46819202329,5919.36421311347,-2388.89602109018
0.357942713752417,-1.79011872832016,1.86992933878974,-0.0798106104695901,-3909.58203759301,5852.87045428432,-1943.28841669131
0.358050165375825,-1.82732857782947,1.83638973392102,-0.00906115609155979,-4060.05802087743,5813.86207037232,-1753.80404949489
0.358119290255134,-1.85018516493031,1.81370624337416,0.0364789215561417,-4154.48072319888,5785.27008059498,-1630.7893573961
0.358217155534885,-1.88106581765206,1.78014056317234,0.100925254479701,-4284.84350759699,5740.14618584736,-1455.30267825037
0.358346784355066,-1.91925765961114,1.73311180254742,0.186145857063708,-4451.34739859358,5672.06683884495,-1220.71944025137
0.358476413175247,-1.9543084251863,1.68322059458561,0.271087830600675,-4610.59588187353,5594.61401144869,-984.018129575163
0.358659557341242,-1.99835185336874,1.60803469420989,0.390317159158847,-4822.65692207579,5469.49718506017,-646.840262984382
0.358825584760277,-2.0326447074929,1.53528293882509,0.497361768667799,-5001.36864439855,5340.46885083847,-339.100206439914
0.358909883265958,-2.04797933443495,1.49672412287478,0.551255211560158,-5087.04850082849,5269.36513275124,-182.316631922751
0.35894863703547,-2.05455395704424,1.47864385100971,0.575910106034516,-5125.26439785249,5235.43506026309,-110.170662410597
0.359041629798205,-2.069098843765,1.43438007405991,0.63471876970507,-5213.88860776187,5150.88350806649,63.0050996953787
0.359171111985501,-2.08643942381246,1.37073649266626,0.715702931146189,-5329.94819788856,5025.89470844557,304.053489442989
0.359376472273254,-2.10692849180852,1.26525672559635,0.841671766212157,-5496.05510017257,4810.85595621524,685.199143957335
0.35958480054143,-2.11886542987677,1.15291069400528,0.965954735871482,-5641.52966650222,4572.36877409719,1069.16089240503
0.359699738038601,-2.12162031986101,1.08875752248174,1.03286279737925,-5711.67940293389,4432.30045490175,1279.37894803215
0.359765020532094,-2.12196780120915,1.051679922957,1.07028787825213,-5748.26198198148,4350.156052474,1398.10592950749
0.359872529967231,-2.12061697756415,0.989678465923266,1.13093851164087,-5803.28808102751,4210.94435655237,1592.34372447514
0.359937038128247,-2.11865830806222,0.95192911552872,1.16672919253348,-5833.17477806516,4125.09823058628,1708.07654747888
0.360023628531172,-2.11467740495931,0.900652868303608,1.21402453665569,-5869.56926225883,4007.22670242002,1862.34255983882
0.360118844852171,-2.10851479532546,0.843507941585003,1.26500685374044,-5904.63667914767,3874.21261408585,2030.42406506183
0.360258703223013,-2.09608598358755,0.758242127772636,1.3378438558149,-5946.6725515807,3672.64904411584,2274.02350746486
0.360398561593855,-2.07965942556583,0.671525694099964,1.40813373146586,-5977.37742165045,3464.0343648892,2513.34305676126
0.360599092756137,-2.04920573374428,0.545035927263297,1.50416980648096,-6001.51289811375,3153.52874071773,2847.98415739602
0.360866552461001,-1.99614415945395,0.373185326642458,1.62295883281148,-5997.14501838112,2720.50640332288,3276.63861505824
0.361134012165865,-1.92918615478246,0.198750463857314,1.73043569092513,-5951.06747281389,2268.4585662636,3682.60890655029
0.36128854616257,-1.88430603809439,0.0971701136298136,1.78713592446456,-5905.50808919733,1999.58406303462,3905.92402616271
0.361412524647392,-1.84512085881813,0.0154987908141254,1.82962206800399,-5859.0095702951,1780.43972128064,4078.56984901446
0.361536503132215,-1.80317525993707,-0.0661818151738709,1.86935707511092,-5803.73508738756,1558.63317023549,4245.10191715206
0.361592607117884,-1.78329856209517,-0.103123842043947,1.8864224041391,-5775.85305081625,1457.44897028661,4318.40408052964
0.361670445542712,-1.75482001338137,-0.154314187686736,1.9091342010681,-5734.23954615041,1316.34337969537,4417.89616645504
0.361839390080664,-1.68949563288824,-0.265007197512808,1.95450283040103,-5632.34653827749,1007.63898034998,4624.70755792751
0.362092088860085,-1.58316035662014,-0.428950827693422,2.01211118431354,-5450.95200431522,541.261668104643,4909.69033621058
0.362169308939767,-1.54863931843565,-0.478605502774861,2.0272448212105,-5388.64920946588,397.793349398094,4990.85586006778
0.362297433816381,-1.48940589852014,-0.560329074291838,2.04973497281196,-5278.41660318552,159.355316778322,5119.0612864072
0.362425558692994,-1.42780144126882,-0.641130599393024,2.06893204066183,-5159.7564957068,-79.2997381575944,5239.0562338644
0.362553683569608,-1.36392337015833,-0.72088288140439,2.08480625156271,-5032.85733271425,-317.795559366737,5350.65289208098
0.36273701330802,-1.2688016617134,-0.832884348419191,2.10168601013257,-4837.42238441953,-657.908703000542,5495.33108742007
0.362931041168302,-1.16364996133593,-0.948373947810785,2.11202390914671,-4613.41870089505,-1015.37361846148,5628.79231935653
0.363016879245244,-1.1157280475361,-0.99839197606611,2.1141200236022,-4508.82803405102,-1172.46730720624,5681.29534125726
0.363069029895649,-1.08622158476677,-1.02842724984644,2.1146488346132,-4443.69992694676,-1267.49828083489,5711.19820778165
0.363178570823587,-1.02333655701784,-1.09058956210038,2.11392611911821,-4303.12574656023,-1465.91613508104,5769.04188164128
0.363263267971997,-0.973895997682208,-1.13776912605519,2.11166512373739,-4190.98458130511,-1618.1475296935,5809.13211099861
0.363365799858676,-0.913151246005421,-1.1937933685546,2.10694461456001,-4051.34338392796,-1800.86392212218,5852.20730605013
0.363453775707892,-0.86028960739737,-1.24087617782916,2.10116578522652,-3928.22428124461,-1956.15112724141,5884.37540848602
0.363561056959174,-0.794971453924588,-1.296994554535,2.09196600845958,-3774.12167651008,-2143.44967952402,5917.57135603411
0.363700966002333,-0.708495235754309,-1.36793687552779,2.07643211128209,-3566.89171144184,-2383.95689346147,5950.8486049033
0.363910510240587,-0.576610812232612,-1.46914099863114,2.04575181086374,-3244.16171932302,-2735.20570367657,5979.36742299959
0.364184433973284,-0.400781193906128,-1.59167291861481,1.99245411252093,-2802.05024305179,-3175.93067005528,5977.98091310707
0.364458357705981,-0.222164019322945,-1.70239266790389,1.92455668722682,-2339.78540976606,-3593.05676442414,5932.8421741902
0.364593589980836,-0.13325667187243,-1.75250573643284,1.88576240830526,-2104.9113822243,-3789.56540195462,5894.47678417892
0.364728822255691,-0.044157645397869,-1.79944028344846,1.84359792884632,-1866.38498139676,-3979.18449772178,5845.56947911853
0.364864054530546,0.0449734632032804,-1.84311297397034,1.79813951076705,-1624.6341155234,-4161.57568434449,5786.20979986788
0.364922018988834,0.083159643086006,-1.86081985571636,1.77766021263035,-1520.1006676258,-4237.48331081943,5757.58397844523
0.365000027434654,0.134488314956067,-1.88366932527022,1.74918101031414,-1378.67913024215,-4337.39806832984,5716.07719857199
0.365181370243002,0.253338232322027,-1.93235587131345,1.67901763899142,-1047.18333164531,-4559.35690619383,5606.54023783914
0.365442579918573,0.422745687038602,-1.99135656860535,1.56861088156674,-564.728000145715,-4852.61427597676,5417.34227612248
0.365565516187444,0.501585114529354,-2.01452324388029,1.51293812935093,-336.095784641566,-4979.5452807147,5315.64106535626
0.365626950587551,0.540705806567817,-2.02497529853772,1.4842694919699,-221.648386117639,-5040.20723548914,5261.85562160677
0.365701700927207,0.58801657677541,-2.03667051154048,1.44865393476507,-82.3365908964356,-5111.46535270168,5193.80194359812
0.365822482778126,0.663724258645126,-2.05318099970388,1.38945674105875,142.702440175921,-5220.5876550707,5077.88521489478
0.366030741208567,0.791816655040356,-2.07466418355561,1.28284752851525,529.626299190823,-5390.86290437478,4861.23660518395
0.366220836057433,0.905717975727546,-2.08650845253518,1.18079047680763,880.62883257369,-5526.12530562255,4645.49647304886
0.366331325109513,0.970458172376622,-2.08997060549508,1.11951243311846,1083.26314296328,-5595.73060159499,4512.46745863171
0.366420258474208,1.02170527836475,-2.09092315682105,1.0692178784563,1245.37513775353,-5646.84904579051,4401.47390803699
0.366509191838902,1.07213528640652,-2.09023867113817,1.01810338473165,1406.45385862796,-5693.54227507804,4287.08841645008
0.36656328363747,1.10239505635987,-2.0890218682927,0.986626811932833,1503.87781003767,-5719.76545489699,4215.88764485932
0.366675556082594,1.16414418352919,-2.08456636528358,0.920422181754384,1704.57128783235,-5768.8871408045,4064.31585297215
0.366734678802901,1.19607739483723,-2.08117396325638,0.885096568419152,1809.3997508544,-5791.86776730057,3982.46801644617
0.366849882264172,1.25707262761728,-2.07249780048345,0.81542517286617,2011.73225438234,-5830.87430048539,3819.14204610305
0.366965085725442,1.31639072610269,-2.06109992263895,0.744709196536258,2211.33305087354,-5862.21979987889,3650.88674900535
0.367143231874748,1.40461067434298,-2.03815848259417,0.633547808251192,2513.91711715322,-5895.50946384285,3381.59234668963
0.367258266864693,1.45923855523131,-2.01993421012502,0.560695654893714,2705.12833852099,-5907.18088017473,3202.05254165374
0.367321335792716,1.48837768651978,-2.0088162590428,0.520438572523024,2808.45865568179,-5910.29739447075,3101.83873878896
0.367439580931806,1.54139122153669,-1.98584800548782,0.444456783951134,2999.07171729024,-5909.86644084362,2910.79472355338
0.367557826070896,1.59224543544537,-1.96013263778459,0.36788720233923,3185.44312702507,-5901.256804167,2715.81367714193
0.367736812624751,1.66494039800851,-1.91607332737037,0.251132929361861,3458.84041094342,-5872.70638006685,2413.86596912343
0.36792009948,1.73385213087091,-1.86466644174543,0.130814310874531,3727.23295340117,-5824.19127132458,2096.95831792342
0.367995964400245,1.76070158334357,-1.84155230124051,0.0808507178969423,3834.75525507466,-5798.42366403316,1963.66840895849
0.36804713305468,1.77823989420827,-1.82536868551943,0.0471287913111617,3906.02762464067,-5779.1764347484,1873.14881010774
0.368157024079025,1.81432028828416,-1.78902512360788,-0.0252951646762761,4055.56841541961,-5732.7916421351,1677.22322671549
0.368218305692813,1.83349515870978,-1.76782363488144,-0.0656715238283345,4136.84593357726,-5703.94094319144,1567.09500961418
0.368327356109043,1.86590685039618,-1.72848070815059,-0.137426142245592,4277.58365019076,-5647.3715842981,1369.78793410734
0.3684646552471,1.90355436809991,-1.67606529477615,-0.22748907332375,4447.48077468526,-5566.71492733058,1119.23415264531
0.368663265840178,1.95164201919942,-1.59476471629446,-0.356877302904955,4678.22095822953,-5431.76001371795,753.539055488418
0.368817469220882,1.9837020389905,-1.52731516746696,-0.456386871523532,4844.72732981333,-5312.30794517292,467.580615359589
0.368912935009424,2.00120252985357,-1.48373269414824,-0.517469835705326,4942.08724623501,-5232.04965117525,289.96240494024
0.369035412028402,2.02098511214974,-1.42587052616065,-0.595114585989087,5060.36489627656,-5122.19332499476,61.8284287181987
0.369157889047379,2.03774367454893,-1.36589136535312,-0.671852309195802,5171.04669440065,-5004.73326877441,-166.313425626237
0.369338179073104,2.05685462959706,-1.2739614165439,-0.782893213053157,5319.77407690161,-4818.41716271962,-501.356914181991
0.369589800889613,2.07236862078906,-1.13894371671216,-0.933424904076892,5498.28642513631,-4532.78306983504,-965.503355301267
0.369709120374106,2.07516709432253,-1.07230953693649,-1.00285755738604,5570.93396841173,-4387.17307201849,-1183.76089639325
0.369775789581594,2.07544816068253,-1.03440624042454,-1.04104192025799,5608.08727148008,-4303.09214543833,-1304.99512604175
0.369842458789081,2.07480905479208,-0.996049057802369,-1.0787599969897,5642.74656990321,-4217.12036098027,-1425.62620892294
0.369956785601704,2.07157330217784,-0.929271206861666,-1.14230209531617,5696.33111138733,-4065.41637960999,-1630.91473177734
0.370071112414327,2.06563845330539,-0.861290210816995,-1.20434824248839,5742.47869261457,-3908.45243033628,-1834.02626227829
0.37018543922695,2.05701232980666,-0.792191958341361,-1.2648203714653,5781.13223508558,-3746.42728758442,-2034.70494750116
0.370299766039572,2.0457061495704,-0.722065658176039,-1.32364049139436,5812.24214654424,-3579.55023526025,-2232.69191128399
0.370478762020439,2.02266485865583,-0.610460172589872,-1.41220468606596,5845.69694480185,-3309.13969652282,-2536.55724827903
0.370733415563694,1.97880163556278,-0.448511610584989,-1.53029002497779,5861.08291088495,-2906.78729645378,-2954.29561443117
0.371040409921902,1.90900289359999,-0.249629728732737,-1.65937316486725,5829.33679075907,-2397.46026441008,-3431.87652634899
0.371180342809054,1.87115169576831,-0.157948318609992,-1.71320337715831,5796.65566099735,-2157.24374612612,-3639.41191487123
0.371320275696207,1.8296476390485,-0.06596008247348,-1.76368755657502,5752.64482620305,-1912.8485106797,-3839.79631552335
0.371387724879541,1.80835527663082,-0.0215512258589101,-1.7868040507719,5727.40183566075,-1793.6606023865,-3933.74123327425
0.37147090887374,1.78096824256639,0.0332262124183513,-1.81419445498473,5692.68967536461,-1645.56916032888,-4047.12051503573
0.37159492964677,1.73786537519049,0.114832821661939,-1.85269819685243,5633.64998215107,-1422.74112326409,-4210.90885888698
0.371718950419801,1.69209556334517,0.196269462964719,-1.88836502630988,5565.96094044967,-1197.73857924119,-4368.22236120848
0.371842971192831,1.64372750300212,0.277414423104921,-1.92114192610704,5489.7249833362,-970.898200870992,-4518.82678246521
0.372038516027898,1.56239767842134,0.4044158675469,-1.96681354596824,5352.50293094005,-610.480662398203,-4742.02226854185
0.372160911144844,1.50841459839372,0.483202081962828,-1.99161668035655,5256.14678973515,-383.515340400267,-4872.63144933488
0.372200523203902,1.49045062859743,0.508561685838225,-1.99901231443566,5223.26087388224,-309.897287739662,-4913.36358614258
0.37230525374516,1.4418460019948,0.575209560373809,-2.01705556236861,5132.39911594035,-115.087186879056,-5017.31192906129
0.372409984286418,1.39166216906112,0.641235080886268,-2.03289724994739,5035.91633177535,79.8497152160617,-5115.76604699141
0.372514714827676,1.33995124466875,0.706570226095895,-2.04652147076465,4933.91349824444,274.712142921504,-5208.62564116595
0.372690556591724,1.24987943545247,0.814484180857582,-2.06436361631006,4750.60778086609,601.027026708269,-5351.63480757436
0.372897804937174,1.13879900396077,0.938442822559929,-2.07724182652069,4515.82094931597,983.14868547064,-5498.96963478661
0.372986328795226,1.08979615697184,0.990250120433073,-2.08004627740491,4409.49322149789,1145.31999554663,-5554.81321704452
0.373046044080944,1.05625215265871,1.02477043902129,-2.08102259168,4335.80532520593,1254.23227668261,-5590.03760188854
0.373161202690276,0.990518684494538,1.09030259891577,-2.08082128341031,4189.38097333247,1462.95405791506,-5652.33503124753
0.373276361299608,0.923466904214279,1.15440970902926,-2.07787661324354,4037.39810831706,1669.76687678354,-5707.16498510061
0.373370704988057,0.867607568872452,1.20581475244638,-2.07342232131883,3908.86920477326,1837.60543063257,-5746.47463540583
0.373465048676507,0.810969810989256,1.25616346832648,-2.06713327931574,3776.85249201702,2003.83864995431,-5780.69114197133
0.373584499070543,0.738228025934436,1.31832023189553,-2.05654825782997,3604.89904849779,2211.75783256756,-5816.65688106535
0.373776777792685,0.618988952726252,1.41441010703297,-2.03339905975922,3317.48612094263,2539.68206333783,-5857.16818428046
0.374041379995348,0.451290076356111,1.53808661617604,-1.98937669253215,2902.31046709395,2975.37739433899,-5877.68786143294
0.374305982198012,0.280358723943713,1.65116977832577,-1.93152850226948,2466.73244720642,3390.61092517554,-5857.34337238196
0.374467723246133,0.174694641659442,1.71479894608043,-1.88949358773988,2191.4723653591,3633.33667468947,-5824.80904004857
0.374590437390461,0.0941663542857531,1.76014321859147,-1.85430957287723,1978.67914122913,3811.31658626184,-5789.99572749098
0.374628033588924,0.0694503943825232,1.77351866865599,-1.84296906303852,1912.84946008765,3864.73715195363,-5777.58661204128
0.374709967712834,0.0155571640174636,1.80180500229534,-1.81736216631281,1768.46622090181,3979.2649708152,-5747.73119171701
0.374824987371864,-0.0601154037532576,1.83949182981791,-1.77937642606466,1563.79127232536,4135.55737254759,-5699.34864487295
0.37492013447869,-0.122678891345107,1.86885846735649,-1.74617957601139,1392.85839349966,4260.78813113934,-5653.64652463901
0.375015281585516,-0.185148302035621,1.89655780875284,-1.71140950671722,1220.62917680259,4382.21890160967,-5602.84807841226
0.375140516364019,-0.267124203554109,1.93042884581688,-1.66330464226278,992.249413814115,4536.05474294449,-5528.30415675861
0.375344368031462,-0.399617247253146,1.97913731139311,-1.57952006413997,617.358625979774,4771.26758204655,-5388.62620802633
0.375466525393983,-0.478332445394638,2.00446826351146,-1.52613581811683,391.182017463053,4902.98550155105,-5294.1675190141
0.375557378531587,-0.536449263347144,2.02140044068075,-1.48495117733362,222.498229799498,4996.29688007969,-5218.79510987919
0.375648231669191,-0.594140986553531,2.03668713040167,-1.44254614384815,53.5923780687626,5085.53999495046,-5139.13237301922
0.375768740993215,-0.669920650678623,2.05440210466512,-1.3844814539865,-170.532311856205,5197.50259882071,-5026.9702869645
0.375965585197296,-0.791587110742987,2.07699291604444,-1.28540580530146,-535.96843702843,5364.2491754737,-4828.28073844527
0.37615993759535,-0.908805716228069,2.09151915156512,-1.18271343533706,-894.969886709629,5508.80272002613,-4613.8328333165
0.376263099591669,-0.969735221269991,2.09607357006658,-1.1263383487966,-1084.44286535537,5577.27644846953,-4492.83358311416
0.376343474106623,-1.01651715834022,2.09809770773376,-1.08158054939355,-1231.32983343043,5626.57417467392,-4395.24434124349
0.376443634780949,-1.07391337232248,2.09874912214797,-1.0248357498255,-1413.29609566566,5682.98102923119,-4269.68493356553
0.376577175515337,-1.14878657445155,2.09638878636011,-0.947602211908576,-1653.74121808668,5749.42259614652,-4095.68137805983
0.376602296439346,-1.16265725721843,2.09553248958637,-0.932875232367947,-1698.68584510625,5760.79906802256,-4062.11322291631
0.376648470817344,-1.18796406987591,2.09361845064275,-0.905654380766852,-1781.02292052397,5780.77260494499,-3999.74968442102
0.376694645195342,-1.21302351186386,2.09126420254255,-0.878240690678703,-1862.99407179254,5799.52980972056,-3936.53573792802
0.376757542895347,-1.24675117179834,2.0873500881752,-0.840598916376868,-1974.03257013362,5823.11653973235,-3849.08396959873
0.376897911310043,-1.32024881749977,2.0756839013492,-0.755435083849444,-2219.00252544861,5867.53842928584,-3648.53590383723
0.377129509343704,-1.43583371018125,2.04765082280081,-0.611817112619574,-2613.51901647099,5915.86286941126,-3302.34385294027
0.377217385743304,-1.47779278754295,2.0341631492818,-0.556370361738862,-2759.90222687527,5926.0419753641,-3166.13974848882
0.377256144220036,-1.49594849962637,2.02772065139547,-0.531772151769118,-2823.82224116552,5929.09762842952,-3105.275387264
0.37735677788608,-1.54204793424307,2.00959591088645,-0.467547976643391,-2987.81180932591,5932.92649209286,-2945.11468276695
0.377457411552123,-1.58661853493372,1.98946506337029,-0.402846528436587,-3148.85621682228,5930.8286705923,-2781.97245377003
0.3776277827296,-1.65844860939236,1.9508784075007,-0.292429798108349,-3414.27267322307,5913.78471355073,-2499.51204032765
0.377796297685261,-1.7248655444998,1.90722217341747,-0.182356628917683,-3667.31867944548,5880.2849995327,-2212.96632008723
0.377846979650555,-1.74392273922662,1.89303485834138,-0.149112119114773,-3741.51451266017,5866.9789464334,-2125.46443377323
0.37793313972551,-1.77530649193793,1.86782071271332,-0.0925142207754036,-3865.47088009401,5840.95065537698,-1975.47977528296
0.378050551158543,-1.81598588599523,1.83126843851323,-0.0152825525180148,-4029.84313676371,5798.60547715868,-1768.76234039497
0.378210989308656,-1.86758750384633,1.77731854705767,0.0902689567886545,-4245.60226840064,5728.02583707596,-1482.42356867532
0.378371427458769,-1.91448191121378,1.71886006138118,0.195621849832586,-4450.69976455653,5642.9141277902,-1192.21436323367
0.378531865608882,-1.95655091167137,1.65604019836906,0.300510713302294,-4644.61888768534,5543.48494227127,-898.866054585929
0.378734855906264,-2.0026828803318,1.57058177348109,0.432101106850687,-4873.12068382156,5397.60535511326,-524.484671291702
0.37879026868777,-2.01388840340066,1.54611171723958,0.467776686161061,-4932.17498984519,5353.91632979886,-421.74133995367
0.378885051519282,-2.03164412679781,1.50318200984868,0.528462116949113,-5029.72370517835,5275.44656656229,-245.722861383942
0.378979834350795,-2.0476092133334,1.45892263015498,0.588686583178406,-5122.84678446903,5192.30465693563,-69.4578724665957
0.3791427207297,-2.07081773600117,1.37988907816139,0.690928657839769,-5272.27449582405,5038.76556166634,233.508934157712
0.379385733592866,-2.0954010040249,1.25540582708182,0.83999517694306,-5469.55829691914,4785.48267263247,684.075624286674
0.379466711936531,-2.10091264873241,1.21222359891402,0.888689049818383,-5528.40040402119,4694.73506888412,833.665335137067
0.379601733035344,-2.1070932430721,1.13851266589731,0.968580577174785,-5618.57305449926,4536.74088848898,1081.83216601028
0.379736754134156,-2.10950582613923,1.06275948317689,1.04674634296233,-5698.71084741416,4370.59786444766,1328.11298296649
0.379871775232968,-2.10814652200644,0.985097337801341,1.12304918420508,-5768.67407882585,4196.59896805186,1572.07511077399
0.379943322071313,-2.10589753788516,0.943207637337891,1.16268990054725,-5801.58807787767,4101.29541703132,1700.29266084635
0.380014868909658,-2.10259078872768,0.900842776583087,1.20174801214458,-5831.59067054612,4003.92227629915,1827.66839424697
0.380130859298371,-2.09498801063521,0.831216191623765,1.26377181901143,-5874.00122328859,3841.81390917425,2032.18731411433
0.380279864129938,-2.08116752351091,0.740182832556716,1.34098469095418,-5917.10624659963,3626.15155975674,2290.9546868429
0.380495069781953,-2.05322786118529,0.605955461358934,1.44727239982634,-5956.61448130167,3300.92904567024,2655.68543563143
0.380770560289904,-2.00390408767237,0.430273727239245,1.57363036043312,-5967.7709576416,2863.0766902159,3104.69426742571
0.380996972497087,-1.95217658556913,0.283364208943964,1.66881237662515,-5943.77036850501,2486.91372587927,3456.85664262575
0.381159666949953,-1.90891440640054,0.176821313936149,1.73209309246438,-5908.08042276648,2208.61156467616,3699.46885809031
0.381253765477514,-1.88161465650566,0.114952763942688,1.76666189256296,-5880.4256120554,2044.91948576985,3835.50612628555
0.38137628385576,-1.84362978449733,0.0342717375832426,1.80935804691407,-5836.77455268682,1829.17122370921,4007.60332897761
0.381498802234006,-1.80293203706032,-0.0464549876255666,1.84938702468587,-5784.53407175347,1610.72495784305,4173.80911391043
0.381563729359357,-1.78028044114527,-0.0892227537864363,1.8695031949317,-5753.38721750921,1493.95177947111,4259.4354380381
0.381663588880177,-1.74401247958128,-0.154913332388869,1.89892581197013,-5700.85057583047,1313.17813227014,4387.67244356033
0.381806970861293,-1.68897528803442,-0.248930770207047,1.93790605824146,-5615.70029000375,1051.45740007822,4564.24288992553
0.38201886626176,-1.60147815795627,-0.386830504800009,1.98830866275627,-5469.26720790607,661.103136283492,4808.16407162258
0.382061736595114,-1.58289079739963,-0.414564981426923,1.99745577882654,-5436.66739006612,581.6480364375,4855.01935362862
0.382170638816765,-1.53441040520986,-0.484650434733228,2.01906083994308,-5349.48240269371,379.419412404795,4970.06299028891
0.382327749938231,-1.46136112560717,-0.584710500574043,2.0460716261812,-5212.80943056177,87.0327178307198,5125.77671273105
0.382484861059696,-1.38478134389987,-0.683340743251312,2.06812208715117,-5063.53615339619,-205.550783829936,5269.08693722613
0.382641972181162,-1.30485439931593,-0.780305379219809,2.08515977853573,-4902.02060390536,-497.631091423757,5399.65169532912
0.382854253566608,-1.19193001934507,-0.908209114666966,2.10013913401203,-4665.12989773028,-890.074275543795,5555.20417327408
0.382927828112738,-1.15150931491358,-0.951659136931652,2.10316845184523,-4578.10468121776,-1025.35985710748,5603.46453832524
0.383028942480008,-1.09497612951258,-1.01052880089735,2.10550493040991,-4454.57020414668,-1210.34621210497,5664.91641625164
0.383130056847278,-1.03735043068827,-1.06837521054667,2.10572564123493,-4326.57976603869,-1394.10120725896,5720.68097329765
0.383190338388167,-1.00249461968404,-1.10235581918508,2.10485043886911,-4248.19703622672,-1503.00472453279,5751.20176075951
0.383317445587957,-0.927863755146035,-1.17267888384024,2.10054263898627,-4078.03998370648,-1730.76792295025,5808.80790665673
0.383444552787748,-0.851771590779447,-1.24112876692208,2.09290035770152,-3901.44095109905,-1955.7616831729,5857.20263427195
0.383571659987539,-0.774336867020546,-1.30759876757018,2.08193563459072,-3718.67585707716,-2177.63503081298,5896.31088789014
0.383698767187329,-0.695682970172886,-1.3719828350134,2.06766580518628,-3530.03586871697,-2396.03396371758,5926.06983243455
0.383886957262654,-0.577298828369555,-1.46322812455805,2.0405269529276,-3240.69444895664,-2712.16120425509,5952.85565321173
0.384147293484372,-0.410443336859281,-1.58089004301702,1.9913333798763,-2822.42685645105,-3133.38980885629,5955.81666530734
0.38440762970609,-0.240913611525155,-1.68798452793125,1.92889813945641,-2385.55501687433,-3533.6786787519,5919.23369562623
0.384582793861844,-0.125822846472316,-1.7537860591039,1.87960890557622,-2082.36937677032,-3790.07472916457,5872.44410593489
0.384707181616036,-0.0438369862018656,-1.79731139181761,1.84114837801947,-1863.18785193734,-3965.26982072591,5828.45767266326
0.384784790532512,0.00735757022609422,-1.82308391038532,1.81572634015922,-1724.97799288213,-4071.5382156052,5796.51620848733
0.384862399448987,0.0585399348608233,-1.84777045096164,1.78923051610081,-1585.76729632223,-4175.37810148669,5761.14539780892
0.384949458771541,0.115902552235057,-1.87415285177678,1.75825029954173,-1428.51692178038,-4288.89682977123,5717.41375155161
0.385036518094095,0.173171194951405,-1.8991322357057,1.72596104075429,-1270.22267078397,-4399.20345282107,5669.42612360504
0.385172300537933,0.262186075088133,-1.93524069633173,1.6730546212436,-1021.57882865505,-4564.60944886276,5586.18827751781
0.385399112781533,0.409614870951078,-1.9876402592462,1.57802538829512,-602.685553656092,-4822.0907902374,5424.77634389349
0.385517307639519,0.485698740931013,-2.01098075712932,1.52528201619831,-382.96518022154,-4946.73493005509,5329.70011027664
0.385540618898449,0.50063193206966,-2.01525898731564,1.51462705524598,-339.550255851834,-4970.52521008762,5310.07546593945
0.385623775521578,0.553665893014913,-2.02963537550407,1.47596948248916,-184.583639345542,-5053.19493135125,5237.7785706968
0.385823405925756,0.679276811337567,-2.0584569656907,1.37918015435314,187.457589704461,-5237.3650971338,5049.90750742934
0.386023036329934,0.802169566440048,-2.07918073689024,1.27701117045019,558.598962329498,-5400.9231678569,4842.32420552741
0.386229361122469,0.92582755179923,-2.09200869873501,1.16618114693578,939.729352428907,-5547.64915207112,4607.91979964222
0.386340557840369,0.990918677029223,-2.09528460888713,1.10436593185791,1143.67501061164,-5617.14745332573,4473.47244271409
0.38640146169225,1.02606310012604,-2.09599481567583,1.06993171554979,1254.80337963949,-5652.31523268751,4397.51185304802
0.386508327873969,1.08679602786923,-2.09538514613042,1.00858911826119,1448.60121017492,-5708.99941630681,4260.39820613188
0.386615194055689,1.14629267282965,-2.09241275800841,0.946120085178767,1640.72627485438,-5759.24297258278,4118.5166977284
0.386722060237408,1.20448829535544,-2.08708125136339,0.88259295600795,1830.9691389447,-5802.99218921063,3972.02305026593
0.386865030857287,1.28018516150563,-2.07627163772429,0.796086476218658,2082.1309544174,-5851.27468450252,3769.14373008512
0.387008001477165,1.35328402669057,-2.06127339604774,0.707989369357175,2329.03487305558,-5887.75269879426,3558.71782573868
0.387150972097044,1.4236387050902,-2.04211669967903,0.618477994588842,2571.18695852691,-5912.35368245609,3341.16672392917
0.387272058593474,1.48097879964902,-2.02266643466009,0.541687635011077,2772.21542566012,-5923.86343369139,3151.64800803127
0.387322373581069,1.50418232164389,-2.01371950267479,0.509537181030904,2854.59392492628,-5926.12573109856,3071.53180617228
0.387421122085511,1.5486111101535,-1.99470162245387,0.446090512300383,3014.13233646263,-5926.25737353888,2912.12503707625
0.387519870589952,1.59154104246073,-1.97376396130309,0.38222291884237,3170.73854938292,-5920.6830610993,2749.94451171638
0.387693446224951,1.66322289765995,-1.93238247742233,0.26915957976239,3438.37383050949,-5897.08601939094,2458.71218888145
0.38794649112289,1.75871634599062,-1.86184120875149,0.103124862760881,3809.66798085626,-5831.36210549006,2021.6941246338
0.388071869783245,1.80197868048896,-1.82247164277253,0.020492962283579,3984.97167771777,-5785.09506484967,1800.12338713189
0.388197248443601,1.84243409084365,-1.78027463821872,-0.0621594526249191,4154.04998753114,-5729.85166904365,1575.80168151251
0.388259604691018,1.86149369289718,-1.75825097460247,-0.103242718294701,4235.75755780778,-5699.0536619975,1463.29610418972
0.388321960938434,1.87983542774451,-1.73555293057086,-0.144282497173644,4315.82599916062,-5666.06782766293,1350.24182850231
0.388437166664688,1.91180712272157,-1.69187878476904,-0.219928337952519,4459.32457896732,-5599.42374461252,1140.0991656452
0.388645073252696,1.96309259516588,-1.60753565465202,-0.355556940513844,4703.17970831169,-5460.72900438591,757.549296074213
0.388842373156105,2.00400175546528,-1.52114978518443,-0.482851970280839,4915.98207088514,-5307.57459791476,391.59252702962
0.388957200875701,2.02427873110569,-1.46813582207226,-0.556142909033418,5031.21512201219,-5208.97026834503,177.75514633284
0.389039320939756,2.03716215222175,-1.4290422805201,-0.608119871701637,5109.60634445348,-5134.27841431319,24.672069859706
0.389138414015574,2.05089520663359,-1.38060863132523,-0.670286575308348,5199.63584446176,-5039.60977528128,-160.02606918048
0.389267802555521,2.06582173569289,-1.31536945100197,-0.750452284690911,5309.53995582593,-4908.67730951988,-400.862646306046
0.38947060819613,2.08231578892326,-1.2088263385489,-0.873489450374348,5463.95125156958,-4687.3164779155,-776.634773654083
0.389675033510587,2.09036949044518,-1.09647607519929,-0.993893415245879,5597.07213413833,-4444.96648949298,-1152.10564464535
0.389789840775313,2.09110731780522,-1.03133054824426,-1.05977676956095,5661.75230781532,-4300.68243271666,-1361.06987509866
0.389859734697074,2.09022051846617,-0.991002190819139,-1.09921832764702,5697.51738572515,-4210.0779909611,-1487.43939476406
0.389941110821958,2.08791461122479,-0.943451396975013,-1.14446321424977,5735.67706907812,-4102.04113465964,-1633.63593441848
0.390022486946843,2.08424030730335,-0.895285066926656,-1.18895524037669,5770.0711994567,-3991.32496918264,-1778.74623027406
0.390140954957539,2.07645138246082,-0.824136281482948,-1.25231510097786,5813.362613751,-3825.52187225904,-1987.84074149195
0.390295581975425,2.06195193848991,-0.729586634402011,-1.33236530408789,5857.69361529543,-3601.21861735252,-2256.47499794291
0.390450208993312,2.04257643217875,-0.633317038302548,-1.40925939387619,5888.15793811648,-3368.42463166164,-2519.73330645484
0.390655221179817,2.00945863299805,-0.5034534772198,-1.50600515577824,5907.04862610158,-3047.72241501857,-2859.32621108302
0.39092194305864,1.95392655060745,-0.331548249120169,-1.62237830148727,5894.87729979162,-2612.02627926251,-3282.85102052911
0.391188664937463,1.88466568980227,-0.157324453299863,-1.7273412365024,5841.27510874471,-2158.05263755492,-3683.22247118979
0.391327845384912,1.84319171050609,-0.0658020644389785,-1.7773896460671,5796.92706641777,-1914.70634233812,-3882.22072407965
0.391467025832361,1.79818759296212,0.0258389704624733,-1.82402656342459,5741.45938216755,-1667.71774560521,-4073.74163656234
0.391564248302819,1.76469640614548,0.0898421258275962,-1.85453853197307,5696.16484898393,-1493.24652269087,-4202.91832629306
0.391661470773278,1.72955571384945,0.153758809422488,-1.88331452327193,5645.53781522339,-1317.38883063854,-4328.14898458485
0.391758693243736,1.6927981924542,0.217530128825479,-1.91032832127967,5589.62607604667,-1140.3070764711,-4449.31899957557
0.391923150369657,1.62705554720948,0.324875328421088,-1.95193087563056,5483.19988629792,-838.52572120419,-4644.67416509373
0.392183267281526,1.51433857248517,0.492654613967093,-2.00699318645226,5285.17762855894,-357.315407541761,-4927.86222101718
0.392314423763387,1.45356233579914,0.57615009471242,-2.02971243051156,5171.73703349919,-113.360489173001,-5058.37654432619
0.392445580245248,1.39031301723848,0.658664974899209,-2.04897799213768,5049.48885494304,130.779208574598,-5180.26806351764
0.392576736727109,1.32469958968749,0.74005719008056,-2.06475677976804,4918.64336342954,374.683422357406,-5293.32678578695
0.392764664032983,1.22681677280049,0.854414768197195,-2.08123154099768,4716.68641024368,722.823610796708,-5439.51002104039
0.392973340143581,1.11314085746739,0.977868153335183,-2.09100901080257,4473.19483363434,1106.31857951437,-5579.5134131487
0.39307967708619,1.05330184249842,1.03923249690417,-2.09253433940259,4341.55491168131,1300.13211251686,-5641.68702419817
0.393131602814442,1.02364470614262,1.06878403995615,-2.09242874609877,4275.48706766514,1394.27195794472,-5669.75902560986
0.393238015724016,0.962034054974909,1.12843474519526,-2.09046880017017,4136.56876226708,1585.96790805776,-5722.53667032483
0.393344428633591,0.899347712970893,1.18682012446778,-2.08616783743867,3993.01617070553,1775.87782084751,-5768.89399155304
0.393450841543166,0.835653435536516,1.2438774758927,-2.07953091142921,3844.98511118483,1963.79735903469,-5808.78247021952
0.39355725445274,0.771022280844755,1.2995432516633,-2.07056553250806,3692.64098558616,2149.51713171326,-5842.15811729942
0.393727851214496,0.665666882887855,1.3856986339162,-2.05136551680406,3439.91678354505,2442.05692720218,-5881.97371074723
0.393976101307901,0.509101118333664,1.50382330772548,-2.01292442605914,3054.87761779074,2854.75156157025,-5909.629179361
0.394278648813902,0.314294026724794,1.63528057327206,-1.94957459999686,2560.96575015115,3333.73544804852,-5894.70119819968
0.39444145392429,0.208040704821301,1.70006881238456,-1.90810951720586,2284.96309424645,3579.61199447998,-5864.57508872643
0.394604259034677,0.101242606818974,1.76040361574226,-1.86164622256124,2002.96538668213,3816.10177207541,-5819.06715875754
0.394767064145064,-0.00581834122870271,1.81612600967541,-1.81030766844671,1715.71687613197,4042.58084834692,-5758.29772447889
0.394871576484085,-0.0745759116263071,1.84940905420009,-1.77483314257379,1528.84136509482,4182.46151391996,-5711.30287901478
0.394931157110025,-0.113747548773392,1.86749425103762,-1.75374670226423,1421.53817938527,4260.20212810608,-5681.74030749134
0.395019191563298,-0.171543997405703,1.89301257467307,-1.72146857726737,1262.09992182829,4372.31142166333,-5634.41134349161
0.39517236699266,-0.271741944990593,1.9339350273717,-1.66219308238111,982.517830177428,4559.28792944235,-5541.80575961978
0.395407977509062,-0.424472823622001,1.98807030544439,-1.5635974818224,548.468370924414,4825.96440777458,-5374.43277869899
0.395527459197515,-0.501148453289646,2.01139654521493,-1.51024809192529,326.877326597806,4951.27733720634,-5278.15466380414
0.395646940885968,-0.577118329380222,2.03188572649173,-1.45476739711151,104.816683978424,5069.60225559079,-5174.41893956922
0.395766422574422,-0.652273782038399,2.04950849417992,-1.39723471214153,-117.395924199305,5180.76958681436,-5063.37366261506
0.395945933694609,-0.763393149759441,2.07053729926398,-1.30714414950455,-450.752780476536,5333.95149309446,-4883.19871261792
0.396153572833344,-0.888848390499977,2.08663571738901,-1.19778732688904,-834.429654729604,5489.89788355358,-4655.46822882397
0.396246614965917,-0.943907772471027,2.09097497313234,-1.14706720066132,-1005.42437639945,5552.27556563908,-4546.85118923963
0.396291013462445,-0.969902574769922,2.09241540525497,-1.12251283048506,-1086.73676263532,5580.37214150796,-4493.63537887264
0.396398454199488,-1.03200447906265,2.09421325433322,-1.06220877527058,-1282.56505184172,5643.83858493956,-4361.27353309783
0.396505894936531,-1.09292736400098,2.09362226706887,-1.0006949030679,-1476.92790608252,5700.86102091812,-4223.93311483561
0.396603872228223,-1.14740209453475,2.09100160636525,-0.943599511830513,-1652.72041584149,5747.1931807545,-4094.47276491301
0.396701849519915,-1.2007896169879,2.08639763675378,-0.885608019765882,-1826.9514947334,5788.07171409957,-3961.12021936617
0.396820798915974,-1.26406524761977,2.07814961134952,-0.814084363729764,-2036.12246256117,5830.31169197586,-3794.18922941469
0.397010271352816,-1.36113799463196,2.05902486639711,-0.697886871765165,-2363.20768274531,5880.72155660477,-3517.51387385946
0.397177912525563,-1.44302557951593,2.03601257756433,-0.59298699804841,-2645.70763829658,5907.94682961734,-3262.23919132076
0.397271894278692,-1.48721401455591,2.02062930325087,-0.533415288694975,-2800.98741096419,5916.04248832956,-3115.05507736537
0.397331748731039,-1.51468472565567,2.00991093557089,-0.495226209915235,-2898.62501943358,5918.5057172728,-3019.88069783923
0.397422571240051,-1.55533692944635,1.99229077555038,-0.436953846104048,-3044.79463805895,5918.23821180964,-2873.44357375069
0.397557224186927,-1.61325523151807,1.96318808136427,-0.349932849846211,-3256.87080709067,5908.96229036056,-2652.09148326989
0.397769256964525,-1.69852336827121,1.9102778729309,-0.211754504659694,-3578.72161139317,5872.92619216131,-2294.20458076815
0.397793010966198,-1.70762180834825,1.90381192848549,-0.196190120137256,-3613.84898279459,5867.25701387078,-2253.40803107619
0.397866415513863,-1.73512944506933,1.88316428219869,-0.14803483712937,-3721.1015280737,5847.6724496645,-2126.57092159081
0.398017739965127,-1.78888781297528,1.83746137037241,-0.0485735573971511,-3935.82356024351,5797.49644838896,-1861.67288814545
0.39818472072979,-1.84349976807025,1.78221760166163,0.0612821664086031,-4162.38662041021,5726.91922903369,-1564.53260862348
0.398263046258388,-1.86738744280881,1.75459181913599,0.112795623672807,-4264.79767429882,5688.34888003839,-1423.55120573957
0.398341371786987,-1.89014297005093,1.72590230949196,0.164240660558949,-4364.62407450587,5646.32809506783,-1281.70402056196
0.398502530162358,-1.93333025290008,1.66362071787148,0.269709535028581,-4561.57355642922,5549.1585234167,-987.584966987482
0.398674207773521,-1.97387507570285,1.5925884860383,0.381286589664537,-4758.48725108219,5429.99934763521,-671.512096553022
0.398715581384887,-1.98279701279375,1.57475820040614,0.408038812387594,-4803.92199068433,5398.88645248257,-594.964461798238
0.398818689316927,-2.00356434855683,1.52917868854344,0.474385660013374,-4913.57711544381,5317.39906795724,-403.821952513432
0.398921797248966,-2.02222601435845,1.48199415342976,0.540231860928677,-5018.06797756873,5230.32544734291,-212.257469774181
0.399071174349602,-2.04548482348519,1.41090034040785,0.634584483077324,-5160.04877552786,5094.47857038817,65.5702051396916
0.399292818730554,-2.07166303227034,1.29977620984142,0.771886822428906,-5349.60651079928,4872.40718550093,477.199325298345
0.399436792990321,-2.08329900633931,1.22414093913845,0.859158067200847,-5458.96285678702,4715.34181018932,743.621046597699
0.399507266899798,-2.08744251631191,1.18618129640955,0.901261219902348,-5508.44962129486,4634.89019166501,873.559429629853
0.399618177182246,-2.0918863633636,1.12527854782721,0.966607815536371,-5580.83391895819,4503.70230736215,1077.13161159604
0.399729087464695,-2.09378716726251,1.06300849777199,1.0307786694905,-5646.43479785558,4367.03864387921,1279.39615397637
0.399903874310689,-2.09161717109843,0.962310434939119,1.1293067361593,-5735.83840272425,4141.01927893112,1594.81912379314
0.399952776303011,-2.08987881456521,0.933587646120797,1.1562911684444,-5757.77839933518,4075.47878031551,1682.29961901967
0.400001678295333,-2.08764639740804,0.904644993858878,1.18300140354915,-5778.35658206509,4008.97620475837,1769.38037730671
0.400089318308956,-2.08241168915195,0.852249537720393,1.23016215143154,-5811.81264283616,3887.44263676254,1924.37000607361
0.400242616055655,-2.06946044987257,0.759091970387473,1.31036847948509,-5859.70366440184,3667.87209056366,2191.83157383818
0.40047451640933,-2.04076258745442,0.614958701030997,1.42580388642341,-5906.26157253739,3319.87259741891,2586.38897511848
0.40076055946075,-1.99048289678447,0.432839750828762,1.5576431459557,-5920.52451616766,2866.76501815979,3053.75949800786
0.400971624402149,-1.94302309712175,0.296030536110976,1.64699256101077,-5900.42886823749,2517.1241167811,3383.3047514564
0.40112637417963,-1.90276503801475,0.194814112256224,1.70795092575851,-5869.19260410088,2253.52408569279,3615.66851840808
0.401199215518175,-1.88224321735348,0.146979045210512,1.73526417214295,-5849.67033968529,2127.51432600818,3722.15601367711
0.401312632178483,-1.8483339259106,0.0723665919629728,1.77596733394761,-5813.17392642509,1929.14737227611,3884.02655414898
0.401426048838792,-1.81207487935935,-0.00233744398799137,1.81441232334733,-5769.28734987262,1728.32749890996,4040.95985096266
0.401541041202895,-1.77295949950412,-0.0780781560508236,1.85103765555493,-5717.303497123,1522.46861517374,4194.83488194926
0.401686872595848,-1.72003366967248,-0.173963225124077,1.89399689479654,-5640.65283034453,1258.59823625283,4382.0545940917
0.4018327039888,-1.66349108873853,-0.269487974325951,1.93297906306446,-5552.150013804,992.068605072794,4560.0814087312
0.402024758360343,-1.58372974981159,-0.394370207911095,1.97809995772267,-5417.86499447089,638.038735180269,4779.82625929062
0.402097753955114,-1.55186393619154,-0.441515114380435,1.99337905057196,-5361.5875770606,502.708462416413,4858.87911464419
0.402171531230627,-1.51882670506216,-0.488927907580084,2.00775461264223,-5301.83872542413,365.661666937115,4936.17705848702
0.402271928888953,-1.47256295099552,-0.55301646695323,2.02557941794873,-5215.96193996827,178.876232201557,5037.08570776672
0.402416088012878,-1.4035899463999,-0.644048145326727,2.04763809172661,-5083.61038995983,-89.5529087616878,5173.16329872152
0.402560247136803,-1.33173127020508,-0.733763055543687,2.06549432574875,-4940.8179819953,-357.813798233049,5298.63178022835
0.402754553335903,-1.23059761856051,-0.85224632824975,2.08284394681024,-4732.4114399665,-718.057475018732,5450.46891498524
0.402841625144222,-1.18373615412174,-0.904370643658767,2.08810679778049,-4633.18784124421,-878.805898087276,5511.99373933148
0.402906334625995,-1.14833062180015,-0.942674426920962,2.09100504872109,-4557.18892483685,-997.85946772476,5555.04839256161
0.403016629958784,-1.08690267199121,-1.00704710949684,2.09394978148803,-4423.33786289715,-1199.78074455478,5623.11860745194
0.403153208741396,-1.00903924138021,-1.08506920237698,2.09410844375717,-4250.25426985505,-1447.77832983051,5698.03259968556
0.403245607717743,-0.955286022862346,-1.13674126042484,2.09202728328716,-4128.66920277283,-1614.11145308705,5742.78065585987
0.403338006694089,-0.900723817086891,-1.18745766030423,2.0881814773911,-4003.59544636367,-1779.09242230323,5782.68786866689
0.403452345227208,-0.83216095993695,-1.24882406491992,2.08098502485685,-3844.16582928679,-1981.14955104258,5825.31538032937
0.403566683760327,-0.762518842967932,-1.30858207482866,2.07110091779657,-3679.76333142805,-2180.66095378536,5860.42428521341
0.403707112010692,-0.675650641103953,-1.37965387280474,2.05530451390868,-3471.37848072423,-2421.80902511909,5893.18750584332
0.403914587866877,-0.544985366134591,-1.47967533828612,2.02466070442069,-3151.34966059823,-2769.22992503626,5920.57958563449
0.404187923593628,-0.36946768002261,-1.60173967978973,1.97120735981232,-2709.72489407906,-3208.5777307172,5918.30262479626
0.404461259320378,-0.191195846996678,-1.71203014268894,1.9032259896856,-2248.09183522271,-3624.38267580316,5872.47451102587
0.404586937608026,-0.108563670280355,-1.75862308690022,1.86718675718056,-2029.78656143416,-3807.04357242107,5836.83013385523
0.404708237637648,-0.0286459858979963,-1.80099315613472,1.8296391420327,-1816.07582766546,-3977.71357171718,5793.78939938265
0.40482953766727,0.0513155297097465,-1.84074792809888,1.78943239838912,-1599.72235832401,-4142.6059818208,5742.32834014481
0.404906909797995,0.102298970615073,-1.86471808079157,1.76241911017648,-1460.45693632279,-4244.67600610789,5705.13294243068
0.405011430736798,0.171068067772731,-1.89534573732293,1.72427766955018,-1270.97715598346,-4378.56023405674,5649.5373900402
0.405152450701216,0.263538984952737,-1.9334216773834,1.66988269243064,-1013.2177397069,-4551.6737877679,5564.89152747479
0.405361825313939,0.399786961932227,-1.9829224121771,1.58313545024486,-627.116623864349,-4792.05923300557,5419.17585686992
0.405507201597494,0.493458103417395,-2.01228035043554,1.51882224701813,-357.198435070433,-4946.92725786827,5304.1256929387
0.405544542679215,0.517372406162668,-2.0191501682101,1.50177776204742,-287.689865196179,-4985.07386550723,5272.76373070341
0.405637453675792,0.576551343005611,-2.03503334925653,1.45848200625091,-114.613279348961,-5076.98623757979,5191.59951692875
0.405730364672369,0.635240094181192,-2.04918335530982,1.41394326112862,58.5622364979804,-5164.57279130707,5106.01055480909
0.40588376266881,0.730914354669757,-2.06871837666715,1.33780402199738,344.252179571701,-5299.49667462169,4955.24449504998
0.406114406247348,0.871455189906623,-2.08903804556486,1.21758285565822,771.930908351641,-5479.06393730385,4707.13302895221
0.40627802762935,0.968490491875288,-2.09682660795649,1.12833611608119,1073.18943830996,-5589.16187528376,4515.9724369738
0.406359298853785,1.01577940376472,-2.09864115555474,1.08286175179001,1221.89930327438,-5638.40843325463,4416.50912998024
0.406411047172561,1.04554936737568,-2.09908415276184,1.05353478538615,1316.18618734552,-5667.85420517946,4351.66801783395
0.406507617218586,1.10035529724725,-2.09842832226478,0.998073025017511,1491.17411317422,-5718.78832292744,4227.61420975322
0.406587493258031,1.1449287548423,-2.09642772701215,0.951498972169842,1634.89471492725,-5756.94717960724,4122.05246467998
0.406700346738565,1.20666869763613,-2.09135424970893,0.884685552072792,1836.16871858399,-5804.6779858089,3968.50926722492
0.40684905787666,1.28569524072018,-2.08066218429524,0.79496694357504,2097.81387983338,-5856.43139372399,3758.61751389061
0.406997769014755,1.36192898217832,-2.06543545230774,0.70350647012941,2354.91247028792,-5895.42489400787,3540.51242371996
0.40714648015285,1.43520488672339,-2.04570714181391,0.610502255090515,2606.90780870146,-5921.57438087364,3314.66657217218
0.4072432654305,1.48124102286578,-2.03046577434104,0.549224751475244,2767.94923158432,-5931.66749324297,3163.71826165865
0.407340400457017,1.5260714323337,-2.01328417774194,0.487212745408224,2927.01060663012,-5936.28960278717,3009.27899615706
0.407437535483534,1.5694856500054,-1.99423009074995,0.424744440744544,3083.35751205224,-5935.39020424776,2852.03269219552
0.407573489981836,1.6277868602545,-1.96445507597146,0.336668215716954,3297.32228851821,-5924.8642924084,2627.54200389019
0.407784783638271,1.71244962616943,-1.91112254972168,0.198672923552237,3617.6938600462,-5887.12207602503,2269.42821597882
0.407986138191605,1.78614886718745,-1.85247326147006,0.0663243942826028,3908.27642163754,-5827.07520322787,1918.79878159033
0.408105657383939,1.82656990908471,-1.8141265964914,-0.012443312593326,4073.56223738341,-5780.39130445273,1706.82906706932
0.408174515620674,1.84869971116779,-1.79086682875397,-0.057832882413834,4166.22050071787,-5749.79042797997,1583.56992726211
0.408278257578636,1.88040401043956,-1.7542516471837,-0.126152363255866,4302.11633226275,-5698.62317663862,1396.50684437588
0.408381999536599,1.91011669164452,-1.71577661477994,-0.194340076864588,4433.45451343816,-5641.4119064769,1207.95739303875
0.408524618540122,1.94765098548337,-1.65993031328352,-0.287720672199859,4606.29547348497,-5553.02174455725,946.726271072283
0.408748215460914,1.99860245674721,-1.56577048569762,-0.432831971049605,4858.48269447098,-5392.20710309554,533.724408624559
0.40890084136964,2.02777089073131,-1.49701189641803,-0.530758994313279,5017.0676107755,-5267.09223547935,250.024624703846
0.408969654165884,2.03941121010617,-1.4648657672611,-0.574545442845073,5084.85725959364,-5206.68899196995,121.831732376313
0.409081741159807,2.05633138215129,-1.411057035709,-0.645274346442294,5190.1696066987,-5103.12807240837,-87.041534290332
0.409193828153729,2.07070936541657,-1.35550373860604,-0.715205626810543,5289.06216014698,-4993.25299457501,-295.80916557196
0.409366106888483,2.08780835892729,-1.26689742494694,-0.820910933980354,5428.23515588764,-4812.42720863302,-615.807947254614
0.409612039920525,2.10164321922033,-1.13413187796144,-0.967511341258892,5599.28464769092,-4530.22379555263,-1069.06085213829
0.409730993954094,2.10386045475131,-1.06738747263112,-1.03647298212019,5670.20390451005,-4383.82464500247,-1286.37925950757
0.409824788281747,2.10354383760865,-1.01370226664042,-1.08984157096823,5720.56497804761,-4264.06081692231,-1456.50416112531
0.40994785007994,2.10036737539262,-0.9419515361433,-1.15841583924932,5779.11195551199,-4101.3610937132,-1677.75086179879
0.410070911878134,2.09406238162758,-0.868798728797816,-1.22526365282977,5829.04584254438,-3932.54835975783,-1896.49748278656
0.410127034441746,2.09014990658732,-0.83499288171731,-1.25515702487001,5848.94344033497,-3853.57985849444,-1995.36358184053
0.410242437819277,2.08007290671081,-0.764690553134498,-1.31538235357631,5884.14720089978,-3687.50094415452,-2196.64625674526
0.410357841196809,2.0672716788928,-0.693388591257082,-1.37388308763571,5911.63931322104,-3516.59138503227,-2395.04792818878
0.410535637539999,2.04226473581003,-0.581827956851531,-1.46043677895849,5938.81878317787,-3244.42256193362,-2694.39622124425
0.410785710791993,1.99639782986755,-0.422026623997708,-1.57437120586983,5945.80394651646,-2844.96368439853,-3100.84026211793
0.411087838385777,1.92469675615968,-0.225707981313905,-1.69898877484576,5905.58313287128,-2339.55961775958,-3566.0235151117
0.411262467993027,1.87529385085346,-0.111074929464692,-1.76421892138875,5858.13376913579,-2037.2448783179,-3820.88889081789
0.411406575566033,1.83027941164674,-0.016201661709432,-1.8140777499373,5805.73136551485,-1783.09259807385,-4022.63876744099
0.41149208498213,1.80179102295862,0.0401302941293374,-1.84192131708795,5769.01364748485,-1630.50199723517,-4138.51165024969
0.411577594398227,1.77200885871191,0.0964282219195253,-1.86843708063142,5728.1454032088,-1476.74865131225,-4251.39675189655
0.411691791826604,1.73025800913676,0.171485404405167,-1.90174341354191,5667.15154836679,-1269.80548641364,-4397.34606195314
0.411834121648584,1.67513258271592,0.264694245694364,-1.93982682841027,5580.977503679,-1009.67926021135,-4571.29824346765
0.412041448524205,1.58893497936211,0.399407456273068,-1.98834243563516,5435.67310528555,-627.48026097771,-4808.19284430784
0.412193595059779,1.52137131887534,0.497247068446213,-2.01861838732154,5314.36193566199,-345.151080838474,-4969.21085482352
0.412292328348627,1.47565528034651,0.560158726578251,-2.03581400692474,5229.1284623061,-161.437131828496,-5067.6913304776
0.412415179349198,1.41681260917867,0.637664662426321,-2.05447727160497,5116.09922824626,67.3075576134179,-5183.40678585968
0.412538030349769,1.35587309270413,0.714214325432946,-2.07008741813706,4995.48239779758,295.931047695532,-5291.41344549312
0.412717932841814,1.26306510727988,0.824320712664349,-2.08738581994421,4805.59269245698,629.707293307581,-5435.29998576456
0.412969380960944,1.12677660747697,0.97363059133692,-2.10040719881387,4514.90308239382,1092.31114489579,-5607.21422728961
0.41306094620501,1.0753160216271,1.02659533683268,-2.10191135845975,4401.87839515847,1259.39127878761,-5661.26967394608
0.413137712223151,1.03149085980995,1.07034383694673,-2.10183469675665,4304.3235630883,1398.6603171122,-5702.98388020051
0.413252305062269,0.964982333358618,1.13446876210621,-2.0994510954648,4154.10442578485,1604.96870435389,-5759.07313013874
0.413366897901388,0.897236150391438,1.19711717225019,-2.0943533226416,3998.53362400208,1809.17603471381,-5807.70965871589
0.413481490740506,0.828338304030849,1.25820989502859,-2.08654819905941,3837.80923799801,2011.02387697354,-5848.83311497155
0.413596083579625,0.758378006425366,1.31766790000457,-2.07604590642991,3672.13962266257,2210.25102721945,-5882.39064988202
0.413770926988299,0.649824953191702,1.40503732563216,-2.05486227882383,3410.40356519417,2508.50497171755,-5918.90853691172
0.414020528200859,0.491677087944036,1.52227530664695,-2.01395239459095,3019.48167587293,2920.67269633057,-5940.15437220351
0.414324141727486,0.295511631210692,1.65211610948712,-1.94762774069777,2519.70008093608,3397.2770745646,-5916.97715550068
0.414483233831046,0.191435376991622,1.71430568158431,-1.90574105857589,2248.13500147613,3635.24346974937,-5883.3784712255
0.414642325934607,0.0869078483216364,1.77220211540139,-1.85910996372299,1971.02553288383,3864.08983469068,-5835.11536757451
0.41471115236879,0.0415955218103526,1.79589146159988,-1.83748698341019,1849.55102821517,3960.15949592152,-5809.7105241367
0.414779978802973,-0.00372912466334306,1.81873753077403,-1.81500840611064,1727.22983846152,4054.36408942682,-5781.59392788834
0.414891935022165,-0.0774219575423069,1.85406898087003,-1.77664702332768,1526.61289667395,4203.49399637474,-5730.10689304869
0.415052782992205,-0.183059508779036,1.90078490087023,-1.71772539209115,1235.26935090239,4408.52268003224,-5643.79203093463
0.415213630962245,-0.288203993060178,1.94263922313415,-1.65443523007393,940.842183292754,4602.26334825882,-5543.10553155157
0.415418905386287,-0.42121407821263,1.98881262558229,-1.56759854736961,561.905230187243,4832.28373547784,-5394.18896566508
0.415457556240715,-0.4460961158833,1.99659283816578,-1.55049672228243,490.197597765115,4873.40600362823,-5363.60360139335
0.415558712541676,-0.510874428497719,2.01555089908509,-1.50467647058732,302.271467847715,4977.577738658,-5279.84920650571
0.415725435347488,-0.61642456374309,2.04232781808497,-1.42590325434183,-7.87225836413108,5138.1638910051,-5130.29163264096
0.415892158153299,-0.720252319783206,2.06349259049399,-1.34324027071073,-317.906499950849,5284.61660250097,-4966.71010255012
0.416114145940178,-0.85529304643751,2.08285935295017,-1.2275663065126,-728.951492149425,5456.9477952503,-4727.99630310087
0.416254440677139,-0.938557467155443,2.08988048886614,-1.15132302171064,-987.103844692464,5552.26062352723,-4565.15677883477
0.416333025744584,-0.984415255395119,2.09203802203527,-1.10762276664009,-1130.91622070252,5600.95061579681,-4470.03439509428
0.416445180223763,-1.04879500394454,2.09290357489592,-1.04410857095131,-1334.88392465744,5664.49222959133,-4329.60830493389
0.416557334702942,-1.11185819716098,2.0911661618228,-0.97930796466176,-1537.15352450829,5720.9817067403,-4183.82818223201
0.416611372236165,-1.14175609572871,2.08940020953008,-0.947644113801301,-1633.94967041052,5745.66622411003,-4111.71655369951
0.416682242931564,-1.18046079446,2.08616981289468,-0.905709018434611,-1760.16147779191,5775.520504474,-4015.35902668209
0.416781615875454,-1.23372807750083,2.0798962401392,-0.846168162638307,-1935.60847137326,5812.54028197428,-3876.93181060102
0.41693292658248,-1.31247249317259,2.06644900856723,-0.753976515394571,-2198.96157380138,5857.98221062814,-3659.02063682675
0.417157638855239,-1.42379775476505,2.03787348760112,-0.614075732836,-2580.42970367823,5900.95656711103,-3320.52686343281
0.417215845824722,-1.45151817683229,2.02879994268846,-0.577281765856098,-2677.29002916763,5907.30198335012,-3230.01195418249
0.417336521868995,-1.50740582535742,2.0078312061994,-0.500425380841908,-2875.13060754668,5914.14240976314,-3039.01180221646
0.417457197913267,-1.56110889654115,1.9839724925498,-0.422863596008572,-3068.78572670606,5912.46199158125,-2843.6762648752
0.41757787395754,-1.61255339458618,1.95725737433614,-0.34470397974988,-3257.98786607915,5902.26478469895,-2644.2769186198
0.417768616661769,-1.68905413347076,1.90931713943384,-0.220263005962997,-3547.19895618872,5868.83222906001,-2321.63327287129
0.417858195766126,-1.72291120401747,1.88441015277239,-0.16149894875484,-3678.72500987745,5845.82727797988,-2167.10226810243
0.417940109221745,-1.75267015399569,1.86032476148916,-0.107654607493396,-3796.42818216458,5820.72721794986,-2024.29903578528
0.418041716864788,-1.78795605331981,1.82873753406363,-0.0407814807437473,-3938.88776268528,5784.22713384087,-1845.33937115559
0.418179030984507,-1.83271660667285,1.78309678713849,0.049619819534444,-4124.92820014352,5725.5304764936,-1600.60227635008
0.418253591968301,-1.85559563954701,1.75690956697719,0.0986860725699045,-4222.75476673457,5689.16904987157,-1466.414283137
0.418328152952096,-1.87745049170358,1.72975635924955,0.147694132454114,-4318.24673254058,5649.67797170214,-1331.43123916155
0.418452122425353,-1.91148258642477,1.6825199442734,0.228962642151453,-4471.68290253688,5577.16221200749,-1105.47930947061
0.418663027282419,-1.9626302613839,1.59636457812913,0.366265683254856,-4716.79133046963,5434.45177257226,-717.660442102633
0.41875983628242,-1.98323580749378,1.55441815570022,0.428817651793642,-4822.45923205853,5360.85950352739,-538.400271468867
0.41880985276143,-1.99316156005892,1.53217637754488,0.460985182514126,-4875.30683764727,5320.88034145756,-445.573503810283
0.418919532582868,-2.01318769439674,1.48209237921001,0.531095315186816,-4986.91313597897,5228.62999610982,-241.71686013085
0.419029212404307,-2.03081014541092,1.43024632321261,0.600563822198397,-5092.55736603128,5130.15896466759,-37.6015986363077
0.419204931734172,-2.05397577037515,1.34368839428573,0.710287376089502,-5249.03427427782,4959.7757314867,289.258542791126
0.419454215715377,-2.07602371928565,1.21398848328603,0.862035235999709,-5443.2294770993,4692.36680857045,750.862668528849
0.419571447738695,-2.0819867406065,1.1503088266638,0.931677913942787,-5523.11001462376,4556.42526215032,966.684752473442
0.419618476945619,-2.08358177950279,1.12431233095323,0.959269448549643,-5553.05002692133,4500.12529739321,1052.92472952812
0.419696534610083,-2.08521899971224,1.08062891260171,1.00459008711061,-5600.04094489957,4404.52233451855,1195.51861038101
0.419818683211559,-2.08525063598657,1.01098487428232,1.07426576170434,-5666.75374405876,4249.63502506913,1417.11871898963
0.419911208753141,-2.08321989058816,0.957225924623504,1.12599396596475,-5711.71094691883,4128.10850583713,1583.6024410817
0.420024145919523,-2.07834377944955,0.890516431657234,1.1878273477924,-5760.00180771248,3975.05096315347,1784.95084455901
0.420137083085905,-2.07083791248152,0.822681830150379,1.24815608233122,-5801.00186151005,3816.97371790912,1984.02814360093
0.420277399277223,-2.05786494614066,0.736973647115988,1.32089129902476,-5841.70377126373,3613.90603723786,2227.79773402586
0.420485316080747,-2.03127132785092,0.607430474321921,1.42384085352908,-5881.00427971571,3300.30016470927,2580.70411500643
0.42075888874251,-1.98306416460817,0.433200180425807,1.54986398418245,-5894.31194963341,2866.62626035334,3027.68568928006
0.420984572632291,-1.93218942239724,0.286927427259018,1.64526199513831,-5872.40515100458,2492.59706785654,3379.80808314804
0.421145847058321,-1.88981998586514,0.181411135513463,1.70840885035175,-5838.56645579774,2217.36123099078,3621.20522480696
0.421239235391812,-1.86303942259664,0.120057241723401,1.74298218087332,-5812.0673236166,2055.26922947369,3756.79809414291
0.421360940659105,-1.82572645654498,0.0399622854156249,1.78576417112944,-5769.98861642105,1841.41330140635,3928.5753150147
0.421482645926398,-1.78572973372286,-0.0401925523220894,1.82592228604503,-5719.42694713736,1624.85544733773,4094.57149979963
0.421594250978317,-1.74674092400681,-0.113653231718495,1.86039415572539,-5665.66582311665,1424.15119218464,4241.51463093201
0.421705856030236,-1.7055914218778,-0.18697791514676,1.89256933702464,-5604.89898811312,1221.68159885374,4383.21738925938
0.421846357082042,-1.65080084690069,-0.278942764540803,1.92974361144157,-5518.56531051643,964.698203633615,4553.86710688282
0.422060939746706,-1.56095156863971,-0.418237129158382,1.97918869779817,-5365.97763887067,568.895805488281,4797.08183338239
0.422167925016226,-1.51343276709734,-0.487064474432342,2.00049724152975,-5280.64661794789,370.33635526222,4910.31026268567
0.422274910285747,-1.464192311318,-0.555344055704452,2.01953636702252,-5189.31307701856,171.34799754842,5017.96507947014
0.42235502768314,-1.42622075858109,-0.606075311083459,2.03229606966462,-5117.04160636685,22.1746479973308,5094.86695836952
0.422435145080534,-1.38733906430488,-0.65642367707352,2.04376274137846,-5041.50729729881,-127.017849148672,5168.52514644748
0.422566990898393,-1.32144874501586,-0.73834775746822,2.05979650248415,-4910.25238787664,-372.286229314257,5282.5386171909
0.422783142326152,-1.20859078498276,-0.869796403972705,2.07838718895553,-4676.95432550655,-772.65029094822,5449.60461645477
0.422873798865832,-1.15951941717102,-0.923811642943256,2.08333106011434,-4572.51177444146,-939.747610704962,5512.25938514642
0.422938603843608,-1.12385463872181,-0.961970820023743,2.08582545874562,-4495.55185283026,-1058.74873425938,5554.30058708964
0.423057409182987,-1.05727306294356,-1.03086938852257,2.08814245146619,-4349.63820345258,-1275.70386975242,5625.342073205
0.423176214522367,-0.989205379548284,-1.09833374994368,2.08753912949203,-4197.62358604525,-1490.89015905918,5688.51374510442
0.42323108079696,-0.957287450856778,-1.12898733054818,2.08627478140501,-4125.40238430452,-1589.61087281526,5715.01325711978
0.423328068532067,-0.90017486076701,-1.18234299545637,2.08251785622343,-3994.74240242039,-1762.93275267857,5757.67515509896
0.423416511089238,-0.847354769983605,-1.23004483261737,2.07739960260103,-3872.32952332064,-1919.571425972,5791.90094929263
0.423532678681127,-0.776983009516993,-1.2912489221591,2.06823193167614,-3706.99248610142,-2123.03497647489,5830.02746257631
0.423679207994454,-0.686746449803191,-1.36598154809009,2.05272799789333,-3491.39771086697,-2375.59460147239,5866.99231233937
0.423891888642096,-0.553247717982802,-1.4692313203,2.02247903828285,-3165.44984046335,-2732.9755028414,5898.42534330475
0.424166912520328,-0.377066285831104,-1.59291723680352,1.96998352263467,-2723.27500692993,-3176.65556341806,5899.93057034799
0.424393875615133,-0.229373093263563,-1.68614354157655,1.91551663484015,-2342.60256133015,-3525.33216798719,5867.93472931735
0.424557279722929,-0.122186626739853,-1.74802782962247,1.87021445636235,-2060.81259617483,-3765.53749918417,5826.35009535901
0.424652923742849,-0.0592472828044695,-1.78213742127848,1.84138470408298,-1893.21427595644,-3901.62648434674,5794.84076030318
0.42477600243636,0.0218171637931704,-1.82365456792468,1.80183740413154,-1675.03971511452,-4071.53174026795,5746.57145538247
0.424899081129871,0.102862131831983,-1.86244725632109,1.75958512448914,-1454.31974180866,-4235.35623088449,5689.67597269316
0.425022159823382,0.18376900103485,-1.89845912911874,1.71469012808392,-1231.37804647718,-4392.86124545619,5624.23929193337
0.425145238516893,0.264417316872798,-1.93163666818424,1.66721935131147,-1006.54677770338,-4543.81255935896,5550.35933706234
0.425330930251237,0.385297327248191,-1.97620449766844,1.59090717042028,-664.620784724416,-4758.5871353609,5423.20792008531
0.425466927591944,0.473066937586414,-2.00460263249034,1.53153569490395,-412.561561368707,-4905.71813740264,5318.27969877135
0.425534161155917,0.516168929303674,-2.01729911858577,1.50113018928212,-287.584713935672,-4975.19157523624,5262.77628917192
0.425650882663844,0.590435547266553,-2.03719831540837,1.44676276814184,-70.3521309933958,-5090.49719555816,5160.84932655155
0.425767604171771,0.663920429257193,-2.05436086182331,1.39044043256613,147.011793122322,-5198.96579274734,5051.95399962502
0.425943754749384,0.773093837225801,-2.07502515455985,1.30193131733406,474.564360695666,-5349.36096619133,4874.79660549567
0.426191814853181,0.922722241069846,-2.09334532966055,1.17062308859071,933.062386418718,-5533.24802941888,4600.18564300017
0.426267974823581,0.967643107834926,-2.09643380086762,1.1287906930327,1073.01801577043,-5583.09025166976,4510.07223589933
0.426393487163362,1.04044676412053,-2.09890505602982,1.05845829190929,1302.26978250146,-5658.23077892988,4355.96099642843
0.426518999503143,1.11164533386454,-2.09811629088172,0.986470957017177,1529.53384558508,-5724.58193969917,4195.04809411409
0.426574077511665,1.14236273502802,-2.09674107103869,0.954378336010668,1628.57302646422,-5750.90494906874,4122.33192260452
0.426664839363929,1.19223202037449,-2.09310700662542,0.90087498625093,1790.70231660389,-5790.52122609238,3999.81890948849
0.426751637793054,1.23902514057712,-2.08804126844502,0.849016127867902,1944.41461117292,-5824.0088862218,3879.59427504888
0.426897551993621,1.3155937990091,-2.07603508668156,0.760441287672456,2199.49339077586,-5870.53545354776,3671.0420627719
0.427043466194189,1.38941977981188,-2.05967269128196,0.670252911470071,2450.01413023491,-5904.74686416938,3454.73273393447
0.42724431439741,1.48624056625886,-2.03009839715209,0.543857830893215,2786.33061744926,-5931.56340982307,3145.23279237381
0.427298237019165,1.511269813529,-2.02077279828522,0.509502984756215,2874.87974149685,-5934.7577153469,3059.87797385005
0.427381706949741,1.54915639173199,-2.00519725755914,0.45604086582714,3010.31172729372,-5936.34509680165,2926.03336950792
0.427484505287823,1.59435457969212,-1.98412516322026,0.38977058352812,3174.262541273,-5932.69644700509,2758.43390573209
0.427666225189845,1.67015412845143,-1.94184909927218,0.271694970820728,3455.8531279297,-5911.14521399796,2455.29208606827
0.427924533443007,1.76848020638912,-1.87095963359462,0.102479427205482,3836.49150158226,-5847.50003128453,2011.00852970226
0.428046062536156,1.81082229182504,-1.83329089208859,0.0224686002635343,4007.23965918,-5804.20777892819,1796.9681197482
0.42810517932457,1.83047839386366,-1.81399464628093,-0.0164837475827513,4088.23561045196,-5780.08434949181,1691.84873903984
0.428181214429492,1.85483274842447,-1.78826037540792,-0.066572373016565,4190.33752385127,-5746.13201426974,1555.79449041847
0.428251655722519,1.8764558933083,-1.76350975472049,-0.112946138587831,4282.80857125021,-5711.75418966174,1428.94561841153
0.428364386903417,1.90915010373304,-1.72211564598256,-0.187034457750503,4426.42320144565,-5650.938961355,1224.51575990934
0.428521896936487,1.95082520639761,-1.66069151047532,-0.290133695922308,4617.77183961823,-5554.15312085283,936.381281234596
0.42874570724721,2.00182805159966,-1.5665085042059,-0.435319547393783,4870.14119208678,-5393.41778626057,523.276594173793
0.428841846014636,2.02074612737203,-1.52361881998299,-0.497127307389063,4971.36194353575,-5316.10064343737,344.738699901622
0.428918838364052,2.03457516167758,-1.488266601922,-0.546308559755608,5049.18016282646,-5250.68255504228,201.502392215823
0.429039464262669,2.05385319043632,-1.43114898662635,-0.622704203810001,5165.15620078646,-5142.05474081498,-23.1014599714772
0.429160090161286,2.070196262902,-1.37198088312056,-0.698215379781469,5273.7555428954,-5026.05631660312,-247.699226292274
0.429346927688714,2.08965705186081,-1.27651651323355,-0.813140538627293,5426.99936636295,-4832.29291939534,-594.706446967612
0.429559996095424,2.10310649826523,-1.16233670038245,-0.940769797882815,5579.02985255147,-4591.14856093963,-987.881291611847
0.429665590963559,2.1063059579485,-1.1037538540188,-1.00255210392973,5645.25864007879,-4463.88326715706,-1181.37537292173
0.429694571686023,2.10678079750369,-1.0874576521111,-1.01932314539263,5662.36071395404,-4428.08407137808,-1234.27664257595
0.42978560139357,2.10714129859104,-1.03570014434769,-1.07144115424338,5713.02567412925,-4313.28541091335,-1399.7402632159
0.429910796161473,2.10483581518918,-0.963157996821212,-1.141677818368,5775.09294791301,-4149.69615661977,-1625.39679129324
0.430035990929377,2.09929062961204,-0.889130892890593,-1.21015973672148,5828.27298915373,-3979.70327098862,-1848.56971816511
0.430074987487914,2.09690232282508,-0.865779802090589,-1.23112252073452,5843.01441296762,-3925.46909502902,-1917.54531793861
0.430114089336557,2.09419306895845,-0.842236142154763,-1.25195692680372,5856.91873090553,-3870.49928210476,-1986.41944880077
0.430225272572281,2.08477394877086,-0.774622795934197,-1.31015115283669,5891.63563152714,-3711.06730066871,-2180.56833085843
0.430390590231844,2.06609839056462,-0.672400042553547,-1.39369834801111,5930.0138778652,-3465.7841431165,-2464.2297347487
0.430622395728528,2.03060609283071,-0.526152206740243,-1.50445388609051,5957.01876539921,-3106.47675189964,-2850.54201349957
0.430905348478875,1.97282567356001,-0.344036669771798,-1.62878900378824,5947.46283351207,-2646.07226376191,-3301.39056975015
0.431124770624988,1.91730531262806,-0.200795736132385,-1.71650957649571,5907.91352764759,-2274.31812172318,-3633.5954059244
0.431285883824599,1.87073882484495,-0.094933312924535,-1.77580551192045,5861.08001562411,-1994.27937844082,-3866.80063718329
0.431373639913138,1.84335311446636,-0.0371356256547062,-1.80621748881169,5829.26736434653,-1839.50913818322,-3989.75822616332
0.431493531067268,1.80369745811633,0.0418463118835654,-1.84554376999993,5778.68974469425,-1625.87506338737,-4152.81468130688
0.431578596289634,1.77401168241345,0.0978592019726234,-1.87187088438611,5737.84788231315,-1472.87320347153,-4264.97467884163
0.431685337034846,1.73498517881582,0.168033014767812,-1.90301819358366,5680.8386290127,-1279.43333056395,-4401.40529844875
0.431825771782493,1.68070049885957,0.260039537547722,-1.94074003640733,5596.17710079687,-1022.82816895512,-4573.34893184175
0.432035187392321,1.59378238342465,0.396180080211178,-1.98996246363586,5449.92996669878,-636.826249193838,-4813.10371750494
0.432179308098869,1.52993784504267,0.488944344886458,-2.01888218992916,5335.58237459337,-369.390514031545,-4966.19186056183
0.432212878697607,1.51460747930172,0.510424211558311,-2.02503169086006,5307.36453207858,-306.941620841834,-5000.42291123674
0.432302511548238,1.47286748453015,0.567478731674386,-2.04034621620456,5229.16753437349,-140.090089383599,-5089.07744498989
0.432419228605848,1.41678968570881,0.641077813146173,-2.05786749885501,5121.1859038864,77.2821970727792,-5198.46810095918
0.432535945663458,1.3588217363233,0.713810537798581,-2.07263227412191,5006.36061202921,294.535526595504,-5300.89613862471
0.432720042818242,1.2637668430257,0.826498596275844,-2.09026543930157,4811.77908984028,636.150977798846,-5447.93006763913
0.432914454277244,1.15885264159783,0.942474380596224,-2.10132702219408,4588.98041634599,994.511940300613,-5583.4923566466
0.433002178096366,1.1100572371924,0.993709992997062,-2.10376723018949,4482.7693270345,1155.16848203764,-5637.93780907215
0.433059038973873,1.07797863886551,1.02651976491065,-2.10449840377619,4412.10915123422,1258.8434885871,-5670.95263982132
0.433168629609558,1.01521079165141,1.08880868761936,-2.10401947927079,4272.02092554931,1457.45495683376,-5729.47588238306
0.433227887623759,0.980765503015088,1.12195962379648,-2.10272512681159,4194.1566826603,1564.15264981346,-5758.30933247376
0.433334537081315,0.91794160937076,1.18062537906953,-2.09856698844031,4050.42150969763,1754.75713441398,-5805.17864411162
0.433361846291639,0.901684612544772,1.19543968453529,-2.09712429708008,4012.87598750511,1803.26424024553,-5816.14022775064
0.43342845953101,0.86176034250086,1.2312001753968,-2.09296051789768,3920.07658228889,1921.00784653399,-5841.08442882287
0.433565640219519,0.778406606798807,1.30310702655388,-2.0815136333527,3723.69514586932,2160.70616203308,-5884.4013079024
0.433746085929065,0.666645968479225,1.39395571761943,-2.06060168609867,3455.06497592092,2469.71615250097,-5924.7811284219
0.43398335419829,0.516602122604976,1.50649564577482,-2.02309776837981,3085.40368173641,2863.60506820619,-5949.0087499426
0.434269549277888,0.332037462329822,1.63098982585268,-1.96302728818251,2617.37791661148,3317.12250776036,-5934.50042437184
0.434470565745618,0.200659545392976,1.71067375052309,-1.91133329591608,2275.68402899476,3620.07747028999,-5895.76149928475
0.434619986391773,0.102446941436989,1.76551848050855,-1.86796542194555,2015.72870570376,3836.04524385137,-5851.77394955513
0.434668068472765,0.0707776555918845,1.78235039689901,-1.8531280524909,1931.08782321798,3903.78708740053,-5834.87491061851
0.434729944297692,0.0300085239523502,1.80340819094344,-1.8334167148958,1821.54157815284,3989.63484013027,-5811.17641828311
0.43485210176903,-0.0504694272085908,1.84296124458599,-1.7924918173774,1603.36953812191,4154.61389973106,-5757.98343785296
0.435025921242213,-0.164766337406017,1.89452802597337,-1.72976168856735,1289.10706420224,4378.67051093041,-5667.77757513265
0.435199740715396,-0.278539573519145,1.94044009518769,-1.66190052166855,971.100270104339,4589.64623150585,-5560.74650161019
0.435373560188579,-0.391454297859592,1.98056275395615,-1.58910845609656,650.285651519888,4786.92138283215,-5437.20703435203
0.435504774237092,-0.475938879053441,2.00694930635193,-1.53101042729849,406.770201919892,4926.440704314,-5333.21090623389
0.435560837242144,-0.511802663911328,2.01718778602395,-1.50538512211262,302.476531685858,4983.52458352425,-5286.00111521011
0.435665389190452,-0.578232009355706,2.03460171307888,-1.45636970372317,107.813077986246,5085.80859717438,-5193.62167516062
0.43576994113876,-0.644024081892839,2.04981714754675,-1.4057930656539,-86.926641694874,5182.59057852144,-5095.66393682657
0.435942830467443,-0.751202794837636,2.07010621004658,-1.31890341520894,-408.470810316966,5330.24721615955,-4921.77640584259
0.436192145634766,-0.901640783055996,2.08857981647149,-1.18693903341548,-869.367493728977,5515.25429096955,-4645.88679724058
0.436250821904568,-0.936309131010935,2.09107230649112,-1.15476317548017,-977.269185347755,5553.96388250233,-4576.69469715457
0.43636896784956,-1.00510724677075,2.09392973744116,-1.0888224906704,-1193.39450812903,5626.13312833255,-4432.73862020352
0.43651965583437,-1.09079420570484,2.09338267578252,-1.00258847007767,-1466.50306778669,5706.88262399646,-4240.37955620977
0.43658797837203,-1.12885619798024,2.0915866830692,-0.962730485088954,-1589.3029552577,5739.29547087113,-4149.99251561343
0.436674097151952,-1.17607950914416,2.08794857953853,-0.91186907039435,-1743.00861881697,5776.37223960119,-4033.36362078422
0.436738773140759,-1.21097717009275,2.0842098408391,-0.873232670746342,-1857.60040243694,5801.43430111005,-3943.83389867311
0.436855308343527,-1.27256444866891,2.0753010580059,-0.802736609336974,-2062.04177552749,5840.52169239289,-3778.4799168654
0.43700166725689,-1.34745672271416,2.06017153659588,-0.712714813881702,-2314.75915989289,5878.4942566002,-3563.73509670732
0.437213035392013,-1.45046904745347,2.03064942674309,-0.580180379289602,-2670.70075954448,5911.34695271874,-3240.64619317426
0.437322350781175,-1.50128004641877,2.01184741878616,-0.510567372367364,-2850.32586674235,5918.11834680102,-3067.79248005867
0.437431666170336,-1.55030798282745,1.99066998911814,-0.44036200629067,-3026.55058296379,5917.89809641302,-2891.34751344923
0.437540981559498,-1.59749445697556,1.96714240445607,-0.369647947480489,-3199.16481788519,5910.68631967186,-2711.52150178667
0.437714850605427,-1.66859507919105,1.92496118523794,-0.256366106046872,-3465.69792930277,5884.84701818118,-2419.14908887841
0.437895521355082,-1.73716617092637,1.87504610962022,-0.137879938693819,-3731.58327656749,5839.38354295176,-2107.80026638427
0.437965564410726,-1.76226337029428,1.85404819969996,-0.0917848294056569,-3831.50825155997,5816.67228703396,-1985.16403547399
0.437993508435374,-1.77203750373771,1.84541907692013,-0.0733815731823969,-3870.85587153878,5806.8226942133,-1935.96682267453
0.438071563813053,-1.79860604243648,1.82056585350264,-0.021959811066125,-3979.14849133876,5776.9398686226,-1797.79137728384
0.438177698157829,-1.83297984905467,1.7850205569543,0.0479592921003964,-4122.49777320659,5730.73285539087,-1608.23508218428
0.438349808011956,-1.88433363408539,1.72319330418783,0.161140329897593,-4345.00322988977,5642.29255533004,-1297.28932544026
0.438521917866083,-1.93015117776889,1.65632584656519,0.273825331203733,-4554.71918241091,5537.34463156644,-982.625449155529
0.438694027720211,-1.97030100657656,1.58461124096921,0.385689765607377,-4751.04291563448,5416.19308184753,-665.150166213045
0.438830263194671,-1.997991137432,1.52453376997065,0.473457367461374,-4896.59818064579,5309.01467318258,-412.41649253679
0.438877492674804,-2.00673773500416,1.50304086066695,0.503696874337245,-4944.98167687267,5269.56164271302,-324.579965840347
0.438957398573103,-2.02052159355298,1.46592992874932,0.554591664803695,-5024.32820472549,5200.17761486098,-175.849410135485
0.439037304471401,-2.03302525272303,1.42789491909397,0.605130333629095,-5100.48521856044,5127.51211962279,-27.0269010623447
0.439177807500143,-2.05188013132333,1.35886074140288,0.693019389920483,-5226.49672185834,4991.94989080459,234.546831053746
0.43940150702507,-2.07358813066041,1.24359471022222,0.829993420438228,-5405.81111384335,4756.26003990544,649.551073937915
0.439561897812508,-2.08283491481991,1.15709818249157,0.92573673232838,-5517.96704377279,4572.66228433248,945.304759440312
0.439672367688601,-2.08611765311206,1.09578166745704,0.990335985655051,-5587.06310641669,4439.38130008612,1147.68180633057
0.439720750310081,-2.08676074217772,1.06850114026258,1.01825960191518,-5615.20385340448,4379.30044373147,1235.90340967301
0.43980424750325,-2.08673079613367,1.0208486870923,1.06588210904141,-5660.68913321568,4273.24980232458,1387.43933089109
0.439931520023559,-2.08391025367314,0.946883565306525,1.13702668836665,-5722.46428064787,4105.98573552665,1616.47854512122
0.440058792543867,-2.07774332315039,0.871403170683585,1.20634015246684,-5775.04216513924,3932.14854994012,1842.89361519911
0.440186065064176,-2.06823997619496,0.794526258257895,1.2737137179371,-5818.34110829402,3752.01219343516,2066.32891485886
0.440313337584484,-2.05541542464907,0.716375939080188,1.33903948556891,-5852.29175584345,3565.86515971513,2286.42659612832
0.440502672979124,-2.03024501613676,0.59806971408828,1.43217530204851,-5885.37775272427,3278.56585640735,2606.81189631692
0.440764251459044,-1.98365370156249,0.431316594350934,1.55233710721158,-5896.67654126554,2862.99698396357,3033.67955730197
0.441025829938964,-1.92362518160751,0.26164722949911,1.66197795210843,-5868.04247791151,2428.09983947262,3439.94263843889
0.441187702740725,-1.87988680071168,0.155598970718898,1.72428782999281,-5830.36660757155,2150.330202124,3680.03640544755
0.441308737651284,-1.84397788433173,0.0760088873172769,1.76796899701449,-5792.28111033235,1938.91162624842,3853.36948408393
0.441353853082723,-1.82990146290157,0.046301014896189,1.78360044800541,-5775.92331863969,1859.35305014028,3916.57026849941
0.441438523647679,-1.80249173512417,-0.00946665083539118,1.81195838595959,-5742.07997784346,1709.0621807617,4033.01779708176
0.441561372169577,-1.76045565993718,-0.0903457706139169,1.85080143055113,-5685.72880224736,1488.91121475286,4196.8175874945
0.441721086666168,-1.70188532649265,-0.19525964942228,1.89714497591495,-5599.77009255688,1199.47019318276,4400.29989937412
0.441880801162759,-1.63900957733547,-0.299685135412721,1.93869471274822,-5499.6465563378,906.996334286789,4592.65022205101
0.442086129097821,-1.5521306895184,-0.43275731899074,1.98488800850916,-5350.5709669256,527.827291325591,4822.74367560001
0.442152239079409,-1.52273701225066,-0.475280183264605,1.99801719551529,-5297.7429808886,405.103617477841,4892.63936341076
0.442274194771702,-1.46680200302956,-0.553154520688448,2.01995652371803,-5194.29852764129,178.339219194297,5015.95930844699
0.442329768983892,-1.44058476024136,-0.588385474545788,2.02897023478717,-5144.5978449928,74.8767233154816,5069.72112167731
0.442414313132041,-1.39985945528466,-0.64163037455058,2.04148982983526,-5065.9748916018,-82.5425685935629,5148.51746019536
0.442538627773772,-1.33818905281906,-0.719079184390048,2.05726823720913,-4943.87234916627,-313.848366659984,5257.72071582625
0.442741514092265,-1.23321762012829,-0.843019996969305,2.07623761709761,-4728.49382471617,-690.014793999489,5418.50861871566
0.442902029031828,-1.14655385305489,-0.938703461906608,2.08525731496151,-4544.32617467025,-985.80060975195,5530.1267844222
0.443006131509488,-1.08874606204443,-0.999519715857986,2.08826577790243,-4418.60153445392,-1176.40825145146,5595.00978590538
0.443133560195314,-1.01640216900335,-1.07249414502591,2.08889631402927,-4258.2628571682,-1407.97202864592,5666.23488581412
0.44326098888114,-0.942417207372162,-1.14375017986731,2.08616738723949,-4091.05830733956,-1637.28291380616,5728.34122114572
0.443388417566966,-0.866908637689874,-1.21317493523042,2.0800835729203,-3917.25376908482,-1863.97736281405,5781.23113189886
0.443515846252792,-0.789997313942591,-1.28065738112121,2.07065469506381,-3737.12763808323,-2087.6927111511,5824.82034923433
0.443643274938617,-0.711806553810999,-1.34608934839386,2.05789590220486,-3550.96885216979,-2308.07030456409,5859.03915673387
0.443836745788112,-0.590971181492813,-1.44124357833177,2.03221475982459,-3257.57703654042,-2635.37341009358,5892.950446634
0.444103594894195,-0.420870335054309,-1.56361869365327,1.98448902870758,-2833.50728157862,-3070.37949692718,5903.8867785058
0.444370444000278,-0.247762604519826,-1.67502607981355,1.92278868433338,-2389.3943919404,-3483.87509353952,5873.26948547992
0.444514353445711,-0.153488194281301,-1.73033769696069,1.88382589124199,-2142.40441797833,-3697.14061961302,5839.54503759134
0.444658262891143,-0.0588887694284878,-1.78211085505718,1.84099962448566,-1890.99406156338,-3902.84427985644,5793.83834141982
0.444802172336576,0.0358422253334659,-1.83024021027116,1.79439798493768,-1635.67777846011,-4100.56635193486,5736.24413039497
0.444885805182098,0.0908945141727506,-1.85650517175763,1.76561065758486,-1485.67039507891,-4211.67703732312,5697.34743240203
0.444996416342668,0.163602780072315,-1.88926781870756,1.72566503863523,-1285.7105102029,-4354.13690745147,5639.84741765437
0.445107027503237,0.236121432058949,-1.91974924661648,1.68362781455751,-1084.17068257501,-4491.33925140462,5575.50993397963
0.445279321016968,0.34846479891437,-1.96258668679043,1.61412188787604,-767.758331740158,-4694.13692480374,5461.89525654389
0.445439385989695,0.451952585715291,-1.99723985227129,1.54528726655598,-471.68785714895,-4870.25390547989,5341.94176262884
0.445523013559021,0.505611190805145,-2.01334928910538,1.50773809830021,-316.396738074795,-4957.43629503077,5273.83303310557
0.445644943455037,0.583206960123116,-2.03434053035531,1.45113357023217,-89.6249410842552,-5078.3828053712,5168.00774645546
0.445766873351053,0.659956080767788,-2.05234720692461,1.39239112615679,137.309001152627,-5191.87855369136,5054.56955253874
0.445945105980016,0.770359514603318,-2.07323945655416,1.30287994195082,468.546386112401,-5343.99669190861,4875.45030579621
0.446194245209318,0.920522337689314,-2.09153601042332,1.17101367273398,928.75327017544,-5528.39701308754,4599.6437429121
0.44630226280373,0.98400597356319,-2.09550299389459,1.11149702033137,1126.91776919643,-5597.9742504168,4471.05648122037
0.446326404912601,0.998046391634931,-2.09605991633365,1.09801352469869,1171.05155388475,-5612.64940632534,4441.59785244059
0.446400185480348,1.04059244740769,-2.09701401806329,1.05642157065556,1305.48985776753,-5655.48631622296,4349.99645845543
0.446530892542219,1.11456970911513,-2.09593813280697,0.981368423691808,1541.86160508245,-5723.88398541086,4182.02238032841
0.446586771335123,1.14563997533627,-2.09439946199521,0.948759486658905,1642.17675383836,-5750.19242449132,4108.01567065295
0.446669017132444,1.19072711729701,-2.09096104656157,0.900233929264526,1788.90072650941,-5785.6867262771,3996.78599976769
0.446823712693748,1.27334246679794,-2.08071717384412,0.807374707046142,2061.52263030988,-5841.95156129337,3780.42893098349
0.446978408255053,1.35296548286148,-2.06556184888482,0.712596366023307,2329.32367811199,-5884.42726237022,3555.10358425823
0.447183859839313,1.45373816901894,-2.037911325475,0.584173156456015,2676.3627064294,-5919.34917801899,3242.98647158959
0.447286793569197,1.50201736003297,-2.02085123750698,0.518833877473978,2846.27342322605,-5927.59812789538,3081.32470466933
0.447389727299081,1.54873170880259,-2.00167832284913,0.452946614046498,3013.2266725821,-5929.6484738361,2916.42180125401
0.447492661028965,1.5938322035604,-1.98041281061879,0.386580607058347,3177.04707776968,-5925.49817608853,2748.45109831884
0.447659546382267,1.66338489847104,-1.94155706722388,0.2781721687528,3435.48406703389,-5905.61565325783,2470.13158622394
0.447850305347577,1.73728828725127,-1.8906253083972,0.15333702114589,3719.31559892618,-5863.03601187287,2143.72041294669
0.447888946785422,1.75152129959003,-1.87946774449753,0.127946444907454,3775.26876265331,-5851.83569944649,2076.56693679319
0.447990835535106,1.7878034975573,-1.84873021047217,0.0609267129148312,3920.0971830053,-5818.17774788964,1898.08056488434
0.44814398518198,1.83887991021083,-1.79898885041366,-0.0398910597972223,4130.16931388889,-5756.40144135479,1626.2321274659
0.448182204628863,1.85097461754489,-1.78591664130605,-0.0650579762388854,4181.1509488543,-5738.89506066587,1557.74411181156
0.448265929100773,1.87653449227074,-1.75638656938553,-0.120147922885265,4290.71226431801,-5697.66148659889,1406.94922228088
0.448389942786039,1.91200540872138,-1.71042696517896,-0.201578443542465,4447.51900962869,-5629.36241408612,1181.84340445742
0.448586441218379,1.96224613975158,-1.63234966107896,-0.329896478672678,4682.03792864042,-5503.75203183624,821.714103195816
0.448747745592641,1.99793706940175,-1.56358407103745,-0.43435299836435,4861.36355199978,-5384.93591397439,523.572361974608
0.448840054255677,2.01607444123888,-1.52240024326004,-0.493674197978889,4958.46063162926,-5310.67823875843,352.217607129166
0.448963989857552,2.03776155855531,-1.46510712592846,-0.572654432626901,5082.25981018109,-5203.98150170218,121.721691521099
0.449087925459426,2.05636853938914,-1.40559478835796,-0.650773751031233,5198.38215970048,-5089.40015976076,-108.981999939719
0.44926753740246,2.07780571789806,-1.31561718077701,-0.762188537121096,5352.65176676123,-4909.75866384986,-442.893102911372
0.449517909060775,2.09666508115564,-1.18334203660231,-0.913323044553381,5539.19493501922,-4633.57467222799,-905.620262791233
0.449641586875759,2.10122561423178,-1.1151918148694,-0.986033799362428,5618.90381578533,-4486.34935891059,-1132.55445687473
0.449765264690743,2.10262273733189,-1.04535976796532,-1.05726296936662,5690.15665353259,-4332.35538549349,-1357.8012680391
0.449888942505727,2.10085437055721,-0.973952230180474,-1.12690214037678,5752.84468356852,-4171.82696424819,-1581.01771932033
0.45001262032071,2.09592344484467,-0.901075869209124,-1.1948475756356,5806.87526261252,-4005.00432227804,-1801.87094033448
0.450034944551872,2.09469664642765,-0.88776921246227,-1.20692743396543,5815.70207996126,-3974.23131318529,-1841.47076677597
0.450090852477062,2.09117364262069,-0.854257141668331,-1.23691650095241,5836.55274647024,-3896.3162366287,-1940.23650984154
0.450212444967576,2.08129361711066,-0.780492311570956,-1.30080130553976,5875.68529969672,-3722.77980673171,-2152.90549296501
0.450409901273188,2.05881414122172,-0.658379393922758,-1.40043474729901,5920.98769412031,-3429.64454530341,-2491.3431488169
0.450668122589715,2.01753980318658,-0.495024598258078,-1.52251520492855,5945.96828491063,-3026.80070800829,-2919.16757690235
0.450926343906241,1.9630457854613,-0.328420061305647,-1.6346257241557,5932.02458840806,-2604.0946186128,-3327.92996979526
0.451124900477558,1.91234905719696,-0.198716785275332,-1.71363227192167,5894.85950027496,-2267.10389821637,-3627.75560205859
0.451262247174853,1.87291473798634,-0.108480110984495,-1.76443462700189,5855.75574088157,-2028.67000388363,-3827.08573699794
0.451294113091695,1.86326254762453,-0.0875022335719518,-1.77576031405262,5845.12268683156,-1972.77588448307,-3872.34680234849
0.451380939557092,1.83602503079557,-0.0303149848476558,-1.80571004594796,5813.19211960638,-1819.51882367209,-3993.6732959343
0.451508485149069,1.79355780840574,0.0537021775775101,-1.84725998598329,5758.4810261895,-1592.01392449557,-4166.46710169393
0.451561868908166,1.77492281395668,0.0888571826071611,-1.86377999656388,5732.83370736261,-1495.99136048175,-4236.84234688086
0.451653202725198,1.74189213087935,0.148933952134564,-1.89082608301396,5685.2330725903,-1330.76311769739,-4354.46995489291
0.451813694439565,1.68042225533007,0.254141465597079,-1.93456372092719,5590.33727796291,-1037.94319209056,-4552.39408587236
0.452045234012277,1.5843290073328,0.404639752108098,-1.98896875944094,5428.63283946155,-611.261341815832,-4817.37149764572
0.452091043967093,1.56429108140352,0.434218057932537,-1.9985091393361,5393.1870660588,-526.30094534215,-4866.88612071665
0.452201480099608,1.51467706342468,0.505123519377474,-2.01980058280219,5303.19159806797,-321.122203606179,-4982.06939446179
0.452258207985665,1.48847902700717,0.541317539887633,-2.02979656689484,5254.47692489893,-215.553122922532,-5038.9238019764
0.45233201526994,1.45369084841714,0.588147247051185,-2.04183809546836,5188.60925873422,-78.1091119430426,-5110.50014679118
0.452451144780083,1.39591436467108,0.66304334590275,-2.05895771057386,5076.45961395964,143.755155382759,-5220.21476934239
0.452609294996731,1.31623338929933,0.760999095008264,-2.07723248430763,4916.68578539626,437.866092252529,-5354.55187764879
0.452832241818395,1.19850695080719,0.895784804367316,-2.09429175517453,4671.11863491413,850.293980309142,-5521.41261522327
0.452891951508497,1.16593039431985,0.931197582940428,-2.0971279772603,4601.36420119173,960.227104922624,-5561.59130611435
0.453012813278186,1.09876890259046,1.00184332010254,-2.10061222269302,4455.29268376197,1181.61433746212,-5636.90702122409
0.453133675047876,1.03003430952879,1.0710399188878,-2.10107422841661,4302.82871177802,1401.2826204367,-5704.11133221472
0.453254536817566,0.959822315536844,1.13869157270219,-2.09851388823906,4144.18528625674,1618.92721518633,-5763.11250144307
0.453375398587255,0.888233633502828,1.20470131285052,-2.09293494635337,3979.59018821647,1834.23600008798,-5813.82618830445
0.453445238363219,0.846271125143651,1.24206615250482,-2.08833727764849,3881.84017926393,1957.48847360363,-5839.32865286756
0.453541378903056,0.787852797081721,1.29251523979549,-2.08036803687723,3744.25547120988,2125.5855186939,-5869.84098990378
0.453671993715009,0.707364259406804,1.35914612591037,-2.06651038531719,3551.93792484228,2350.78730442146,-5902.72522926374
0.453876803241171,0.57888001785664,1.45893341694689,-2.03781343480355,3238.65191603723,2695.65115956861,-5934.30307560584
0.4541482022083,0.405150782302902,1.58172770228799,-1.9868784845909,2803.45066249148,3134.97654154709,-5938.42720403857
0.454419601175428,0.228517886716117,1.69303808372975,-1.92155597044587,2348.0413729226,3551.54547752357,-5899.58685044617
0.454570842161916,0.129198083162386,1.7498444893704,-1.87904257253279,2086.43696513925,3772.91784994741,-5859.35481508666
0.454722083148404,0.0296023468214072,1.80269644175816,-1.83229878857957,1820.17016274036,3985.75587495621,-5805.92603769657
0.454873324134892,-0.0700443002646693,1.85147500309818,-1.78143070283351,1549.84284361541,4189.57933898521,-5739.42218260061
0.45502456512138,-0.169519931425131,1.89607227322643,-1.7265523418013,1276.05806807185,4383.93601218068,-5659.99408025253
0.455175806107868,-0.268601603678354,1.93638867436614,-1.66778707068778,999.430073853504,4568.39123879514,-5567.82131264864
0.45537113262329,-0.395585892558649,1.98196363748953,-1.58637774493088,639.068769986864,4791.23267979484,-5430.3014497817
0.455514358980052,-0.487798143948223,2.01066010497624,-1.52286196102801,373.17624414694,4943.26728540992,-5316.44352955686
0.455588127434075,-0.534929218375534,2.023859492039,-1.48893027366345,235.870018623517,5017.7081899385,-5253.57820856201
0.455688471387749,-0.598561496563043,2.04006466722264,-1.44150317065959,48.9452198684176,5114.61646281622,-5163.56168268463
0.455788815341423,-0.661592608873242,2.05424130164344,-1.39264869277019,-138.008140417362,5206.43541740964,-5068.42727699228
0.455964437999351,-0.770241270669142,2.07412394480589,-1.30388267413673,-464.622535838442,5354.57476545111,-4889.95222961267
0.456220906606433,-0.924485459588447,2.09179429673829,-1.16730883714982,-938.403919191046,5541.40954468645,-4603.0056254954
0.456328497328715,-0.987521001066398,2.09517804807022,-1.1076570470038,-1135.69752946612,5609.22770218485,-4473.53017271874
0.456391804772554,-1.02409091243736,2.09605019949259,-1.07195928705521,-1251.20055460398,5646.14445363484,-4394.94389903086
0.456488383168097,-1.07908297363983,2.09578226992238,-1.01669929628253,-1426.399292538,5698.14266648912,-4271.74337395112
0.456590408233367,-1.13608879853583,2.09340287279993,-0.957314074264068,-1610.02409620037,5747.36755162376,-4137.34345542339
0.456692433298636,-1.1919226706788,2.08887229587399,-0.896949625195164,-1791.97841933546,5790.68407987332,-3998.70566053786
0.45681596937507,-1.25787271721977,2.08051468061431,-0.822641963394513,-2009.77553179338,5835.15907153015,-3825.38353973677
0.456939505451503,-1.32192173704895,2.06902307953077,-0.747101342481795,-2224.52296828043,5870.84197214918,-3646.31900386875
0.457088762525397,-1.39662403300786,2.05098516928056,-0.654361136272668,-2479.42325938385,5902.14703431588,-3422.72377493203
0.457243923338566,-1.47101206102008,2.02745500841718,-0.556442947397066,-2738.57801329645,5920.93157323961,-3182.35355994316
0.457329203990979,-1.51042991903,2.01246232385761,-0.502032404827581,-2878.31734343005,5925.26854593698,-3046.95120250693
0.457432098222682,-1.55653532200262,1.992451992819,-0.435916670816343,-3044.13079304474,5924.83550497879,-2880.70471193406
0.457534992454385,-1.60100902473763,1.97035949237202,-0.369350467634351,-3206.74479122768,5918.20807367833,-2711.46328245065
0.457712257092823,-1.6736424962111,1.92749766590628,-0.25385516969514,-3478.80954041038,5892.29784473634,-2413.48830432596
0.457921853977881,-1.75277770615792,1.86913294145758,-0.116355235299623,-3786.39121842275,5838.11711310011,-2051.72589467736
0.458014632056387,-1.78542004119335,1.84067690493683,-0.0552568637434417,-3917.45651849784,5806.02048568505,-1888.56396718721
0.458067811056908,-1.80344778199699,1.82365792357384,-0.0202101415768175,-3991.08779875183,5785.39388398233,-1794.30608523051
0.45818008688808,-1.83983854451974,1.78606668090997,0.0537718636098037,-4142.8153249879,5736.55403144812,-1593.73870646022
0.458238097285851,-1.85774707385608,1.76576751966888,0.0919795541872445,-4219.20435117876,5708.51361413446,-1489.30926295569
0.458333741882212,-1.88591769473178,1.73102496539148,0.15489272934034,-4342.05515707953,5658.14881724316,-1316.09366016363
0.458483333524222,-1.92653754728223,1.67357714354726,0.252960403735014,-4526.22868143262,5569.16813867794,-1042.93945724532
0.458704469080623,-1.97872815732139,1.58196462540974,0.396763531911688,-4779.89749366462,5415.24074373001,-635.343250065388
0.458853110298275,-2.00846618484497,1.51603901547548,0.492427169369528,-4937.56831750496,5296.99700253238,-359.428685027426
0.458919609682183,-2.02035865651181,1.48545469367547,0.534903962836379,-5004.65890955982,5240.32020997317,-235.661300413347
0.459029954316796,-2.03813645034876,1.43329002997492,0.604846420373881,-5111.11528855191,5141.2541946826,-30.138906130685
0.459140298951408,-2.05345967905582,1.37940451154724,0.674055167508625,-5211.40808487171,5036.01045493354,175.397629938171
0.459312261638537,-2.07239965689925,1.29217373958047,0.780225917318831,-5355.10449324161,4860.03098859289,495.073504648719
0.459558347148933,-2.08894854093147,1.1609209421366,0.928027598794912,-5533.31643911046,4583.82444694452,949.491992165937
0.459648313666662,-2.09188858639056,1.11111400434762,0.980774582042984,-5590.31948225742,4475.8184288753,1114.50105338212
0.459763011806215,-2.09320804307784,1.04634221482344,1.04686582825445,-5656.48237122574,4332.96513355637,1323.51723766937
0.459877709945768,-2.09180484431547,0.980214203763793,1.11159064055173,-5715.27959242732,4184.48882243264,1530.79076999468
0.459932813694703,-2.09016278644015,0.947980699813014,1.14218208662719,-5740.89110802497,4111.19840332344,1629.69270470153
0.460013955053471,-2.08660279133012,0.900005451666292,1.18659733966388,-5775.45912182833,4001.04726232507,1774.41185950326
0.460112017546562,-2.08048834076281,0.841251621328815,1.23923671943404,-5812.21033863003,3864.46931838282,1947.74102024721
0.460238610966524,-2.06967242669632,0.764239647152344,1.30543277954403,-5851.469235716,3682.76861120018,2168.70062451582
0.460391403500315,-2.0522558892234,0.669703411142923,1.38255247808052,-5886.49266421128,3455.76198520544,2430.73067900584
0.460606297936575,-2.01977133884647,0.534235623538942,1.48553571530757,-5912.74053983308,3123.27212968234,2789.46841015075
0.460881872439142,-1.96468533312492,0.357134149511252,1.60755118361372,-5906.93944365406,2676.54281551913,3230.39662813492
0.461106649222381,-1.90880600948203,0.210572724684559,1.69823328479751,-5869.4104924195,2297.01220178998,3572.39829062952
0.461269052213614,-1.86246783199768,0.103934185447007,1.75853364655072,-5824.03584196758,2015.4318693974,3808.60397257018
0.461362796444146,-1.83349278132919,0.0422188086490808,1.79127397268015,-5790.91041059059,1850.40687874327,3940.50353184733
0.461484868232795,-1.79338426707181,-0.0381783461856364,1.83156261325749,-5740.23919627085,1633.16613614689,4107.07306012396
0.461579238927519,-1.76056115758274,-0.100303141080208,1.86086429866299,-5695.25949146286,1463.54720806773,4231.71228339514
0.461673609622243,-1.72618817679506,-0.16233904307929,1.88852721987439,-5645.26238051402,1292.64269283586,4352.61968767816
0.461791312376216,-1.68119471397726,-0.23949873555759,1.92069344953489,-5575.94632910612,1077.92895948032,4498.0173696258
0.4619844998077,-1.60241632162735,-0.365332440507306,1.96774876213469,-5445.71947086896,722.601016863288,4723.11845400567
0.462144889471455,-1.53249818040368,-0.468818692116722,2.00131687252043,-5322.29912628025,425.4691790873,4896.82994719295
0.462243429574395,-1.48758358751703,-0.531845705594273,2.01942929311134,-5239.71231158564,242.273604497825,4997.43870708782
0.462298211068693,-1.46199071683816,-0.566671556411624,2.02866227324982,-5191.61199656947,140.306380979271,5051.3056155902
0.46238323696398,-1.42141583366468,-0.620382265770665,2.04179809943538,-5113.91564765031,-18.0104473693256,5131.92609501964
0.462468262859267,-1.37982566582172,-0.673648779148298,2.05347444497005,-5032.56321397642,-176.310537960114,5208.87375193653
0.462622962928411,-1.30166740661971,-0.769277422673887,2.07094482929362,-4875.40243663182,-463.845648179595,5339.24808481142
0.462861227422878,-1.1754050475823,-0.91284575249971,2.08825080008204,-4611.07818171091,-904.062388727033,5515.14057043794
0.46298039091956,-1.10968918162768,-0.982835510668202,2.09252469229591,-4468.97789270021,-1122.65158343524,5591.62947613545
0.463054484371465,-1.0680297347592,-1.02567229839277,2.09370203315199,-4377.42946256166,-1257.81395558708,5635.24341814874
0.463173696770897,-0.999807125635622,-1.09340410864611,2.09321123428176,-4225.1918588754,-1473.77785454138,5698.96971341677
0.463250052303632,-0.955360647101985,-1.13599127153962,2.09135191864163,-4124.53643092498,-1611.05124112284,5735.58767204781
0.463353318073578,-0.894383346594414,-1.19253748143874,2.08692082803317,-3984.64478270662,-1795.19689268075,5779.84167538737
0.463494644919098,-0.809429166636612,-1.26786545867094,2.07729462530757,-3786.44238204913,-2044.06866662078,5830.51104866991
0.463635971764618,-0.722876377409341,-1.34069290034078,2.06356927775013,-3580.76161961228,-2288.90679000689,5869.66840961917
0.463832449903548,-0.600249131617814,-1.43748756600025,2.03773669761808,-3283.24716169185,-2621.58378838452,5904.83095007636
0.464094327007952,-0.433408896699457,-1.55786319901797,1.99127209571743,-2867.64841963117,-3049.03414485798,5916.68256448915
0.464356204112357,-0.263629904083422,-1.66770407659086,1.93133398067428,-2432.63602573654,-3455.87034992849,5888.50637566503
0.464509708687381,-0.163112706751403,-1.72694856814102,1.89006127489242,-2169.55448522658,-3683.86530046499,5853.41978569158
0.464630022845699,-0.0840389551168933,-1.7705871295759,1.8546260846928,-1959.75658707956,-3856.61964115446,5816.37622823402
0.464750337004017,-0.0048474901654618,-1.81169176244094,1.8165392526064,-1747.15868728262,-4023.84802237036,5771.00670965298
0.464870651162335,0.0743505180696247,-1.85020536390709,1.77585484583746,-1532.06003270371,-4185.31710182226,5717.37713452597
0.465018769791479,0.171682144914128,-1.8939756216689,1.72229347675477,-1264.30293151399,-4375.83252438075,5640.13545589475
0.465166888420622,0.268644122673326,-1.93364359337622,1.66499947070288,-993.796496991177,-4556.8672201598,5550.66371715098
0.465358688077667,0.393278344430491,-1.97876399687696,1.58548565244646,-640.475192430732,-4776.51379717905,5416.98898960978
0.46549475697976,0.480890858069815,-2.00643686846426,1.52554601039444,-388.235578348435,-4921.91742691501,5310.15300526344
0.465569210772902,0.528482090100057,-2.02003312196066,1.49155103186059,-249.844975853337,-4997.70628048026,5247.55125633359
0.465666161671001,0.590010499396635,-2.03607687708129,1.44606637768464,-69.4584568841397,-5092.27591840212,5161.73437528625
0.465789312993876,0.667361748179938,-2.05372710306074,1.38636535488079,159.727324512187,-5205.55943746762,5045.83211295544
0.465986178912777,0.788844671923831,-2.07553576515304,1.28669109322919,525.327463138149,-5370.32615632287,4844.99869318472
0.466182434160434,0.906950393118959,-2.08937582070059,1.18242542758161,887.807449487702,-5514.13807222337,4626.33062273566
0.466285981610551,0.967940742805867,-2.09348368400328,1.12554294119739,1077.90130916238,-5581.64230485868,4503.7409956963
0.466363171878936,1.01274692942916,-2.09510388951636,1.08235696008717,1218.8895552274,-5628.12385614634,4409.23430091894
0.466465639762498,1.07129511346028,-2.09534958786297,1.02405447440265,1404.90885579972,-5684.69680666435,4279.78795086463
0.466598895743529,1.14575553189374,-2.09241963813496,0.946664106241189,1644.58618151996,-5749.43093136693,4104.84474984697
0.466623259191089,1.15916084116716,-2.09148679220789,0.932325951040696,1688.12368441856,-5760.18323892404,4072.05955450548
0.466657158407463,1.17769887848237,-2.08998484952848,0.912285971046078,1748.53385142923,-5774.58084937243,4026.0469979432
0.466713102305541,1.20799767421685,-2.08698759566656,0.878989921449677,1847.78779805624,-5796.90528174096,3949.11748368472
0.466821092380829,1.26541271046247,-2.07937933019289,0.813966619730387,2037.71483465557,-5834.91793719262,3797.20310253705
0.466998376976438,1.35645138677974,-2.06170733472072,0.705255947940937,2344.23285967817,-5882.7169886805,3538.48412900233
0.467182208292722,1.44640236251811,-2.03663099074313,0.59022862822498,2654.37466643798,-5913.00684928608,3258.63218284811
0.467233493960575,1.47066628106896,-2.02841436237709,0.557748081308087,2739.42355099455,-5917.94661256868,3178.52306157414
0.467344389536969,1.5218070472447,-2.00885250155731,0.487045454312565,2920.82598621386,-5923.36562749563,3002.53964128177
0.467455285113363,1.57109833905823,-1.98685177722833,0.415753438170063,3098.6772999011,-5921.58835629873,2822.91105639764
0.467607545686844,1.6356457345982,-1.95272593516138,0.317080200563131,3336.65991246129,-5907.43572847877,2570.77581601748
0.467829459408785,1.72294368528845,-1.89503359163811,0.172089906349607,3669.56355175856,-5862.63481391137,2193.07126215281
0.467947888965292,1.76616385611623,-1.86043604772711,0.0942721916108239,3840.1534787682,-5827.03144133479,1986.87796256659
0.4680663185218,1.80693908710654,-1.8232617770562,0.0163226899496082,4005.4296917261,-5783.35570370472,1777.92601197862
0.468184748078307,1.84521220490173,-1.78356281199832,-0.0616493929034646,4165.16032142873,-5731.66835581587,1566.50803438714
0.468342094868543,1.89209329071879,-1.72701740318725,-0.165075887531586,4368.38942876248,-5650.74277954952,1282.35335078704
0.468499441658779,1.93435209603873,-1.66625131806932,-0.268100777969458,4560.9514330781,-5556.00589652905,995.054463450943
0.468691228167866,1.97945208563819,-1.5867084855146,-0.392743600123644,4780.51522317407,-5422.22248571005,641.707262535978
0.468794768938461,2.00083638808986,-1.54132954470626,-0.459506843383651,4891.95266533269,-5341.74177660828,449.789111275596
0.468883194958862,2.01742402528101,-1.50127933979672,-0.516144685484349,4983.03246710351,-5268.52378416452,285.491317061005
0.468971620979263,2.03245386647922,-1.4600704494654,-0.572383417013879,5070.26392532803,-5191.23673260507,120.972807277042
0.469097584915898,2.0511492859825,-1.39943726029326,-0.651712025689298,5187.73558967157,-5074.24723628455,-113.488353387016
0.469302055362166,2.07463531752875,-1.29643370639063,-0.778201611138183,5360.97884109457,-4867.59309876754,-493.38574232703
0.469478219084082,2.08801470758886,-1.20336859707642,-0.884646110512497,5492.56637034695,-4673.37943004091,-819.186940306041
0.469584734666155,2.09300787023964,-1.14526699256854,-0.947740877671158,5564.02948742975,-4548.91494720553,-1015.11454022423
0.469626892107922,2.09433703409279,-1.12190870708088,-0.972428327011968,5590.60146247762,-4498.22788559477,-1092.37357688285
0.469717148152451,2.09594615823683,-1.07125046952947,-1.02469568870743,5644.17707396319,-4387.08112522262,-1257.09594874057
0.469836000199573,2.09549344355798,-1.00324242439123,-1.0922510191668,5707.78794530727,-4235.36700810701,-1472.42093720027
0.469920575587643,2.09339150667993,-0.953983679144478,-1.13940782753551,5748.21716881875,-4123.7812528416,-1624.43591597715
0.47002473117904,2.08877207219184,-0.892401766577446,-1.19637030561445,5792.42372923884,-3982.37363935949,-1810.05008987935
0.470159967724979,2.07943834770769,-0.811036266505528,-1.26840208120222,5840.55492219835,-3792.44698996758,-2048.10793223077
0.470295204270917,2.06635094316376,-0.72820534974904,-1.33814559341478,5878.14589508268,-3595.6691255059,-2282.47676957678
0.470492662638444,2.04055895920975,-0.604984448200692,-1.43557451100912,5913.95596007005,-3296.89215365887,-2617.06380641119
0.470758798992164,1.99342400590777,-0.435400457232344,-1.55802354867548,5926.23599836243,-2874.57650258355,-3051.65949577888
0.471024935345884,1.93237216645098,-0.262772645824118,-1.66959952062692,5897.18137835737,-2432.19180630649,-3464.98957205088
0.471166836250659,1.89423914784966,-0.169804802552776,-1.72443434529694,5864.82422725266,-2188.92390543308,-3675.90032181958
0.471308737155435,1.85234173751036,-0.0765026835170419,-1.77583905399337,5820.80886613664,-1941.3100053212,-3879.49886081544
0.47145063806021,1.80676358087112,0.0169485010088108,-1.82371208187999,5765.22375469302,-1689.84197940267,-4075.38177529035
0.471559338119636,1.76940990483257,0.0885325340465532,-1.85794243887918,5714.8787216122,-1494.88054747973,-4219.99817413247
0.471668038179062,1.72999206806931,0.160013640052125,-1.89000570812149,5657.86640083321,-1298.17260301529,-4359.69379781791
0.471776738238487,1.68855609081843,0.231308468744865,-1.91986455956335,5594.25358405238,-1099.94770012439,-4494.30588392798
0.471949966509823,1.61849255441044,0.344301904537877,-1.96279445894837,5479.46003955675,-781.583399984255,-4697.87663957249
0.472092837159167,1.55708143654395,0.436757254943137,-1.99383869148714,5372.54280609291,-517.180291779408,-4855.36251431351
0.472170889425879,1.52218791803896,0.486922971335211,-2.00911088937422,5309.52746144166,-372.212530589493,-4937.31493085216
0.472290238225617,1.46707766649483,0.563042628380071,-2.03012029487496,5207.02407165169,-150.173197784124,-5056.85087386756
0.472409587025356,1.40990483946393,0.63837021019943,-2.04827504966341,5097.19966906565,72.077539597013,-5169.27720866267
0.472528935825095,1.35074854704759,0.712801691806656,-2.0635502388543,4980.20663341924,294.23248947208,-5274.43912289132
0.47270701395278,1.25900235558243,0.821934853985647,-2.08093720956812,4792.73117159554,624.753587549604,-5417.48475914515
0.472863833856877,1.17492531955674,0.9159350636945,-2.09086038325128,4615.17757210839,914.276359752285,-5529.45393186067
0.472947150595524,1.12906567784694,0.965005618556908,-2.09407129640389,4516.22456225436,1067.29841647192,-5583.52297872628
0.473067743586026,1.06133559370357,1.0348401967261,-2.09617579042972,4367.55646770628,1287.42902968135,-5654.98549738763
0.473188336576528,0.992082132895287,1.103189036507,-2.09527116940233,4212.61960493591,1505.71164226034,-5718.33124719625
0.473271080836541,0.943726528413418,1.14918364325856,-2.09291017167202,4102.78122485742,1654.27842421544,-5757.05964907287
0.473353825096553,0.89473248631756,1.19440198367688,-2.08913446999448,3990.16842392126,1801.72887595293,-5791.89729987418
0.473384373483568,0.876487482161484,1.21089577145136,-2.08738325361288,3947.90187856068,1855.87038837428,-5803.77226693495
0.473458640714718,0.831801483060498,1.25052284586403,-2.08232432892457,3843.64503852854,1986.76216414087,-5830.40720266941
0.473567569336645,0.765454409013475,1.30740057558076,-2.07285498459427,3686.97692009649,2176.7461383686,-5863.72305846509
0.473734343896985,0.66218936545799,1.39147280441271,-2.05366216987074,3438.87236526429,2462.53550165379,-5901.40786691808
0.473970388560403,0.513060567564567,1.50383458043869,-2.01689514800329,3071.92588255096,2855.12607133546,-5927.05195388642
0.474258853440965,0.327150943138684,1.62981860848773,-1.95696955162644,2601.01736041929,3313.21295607411,-5914.23031649339
0.474464199256502,0.192976046637177,1.71148821051163,-1.90446425714883,2252.30608573463,3623.23964685343,-5875.54573258806
0.474616863068695,0.0926311652416917,1.76763488919275,-1.86026605443446,1986.79942814395,3844.12823037462,-5830.92765851857
0.474679044321941,0.0516702908822124,1.78935392786522,-1.84102421874746,1877.27074658177,3931.62482581317,-5808.89557239494
0.474761335299422,-0.00255898182255528,1.81704181298399,-1.81448283116145,1731.24149944568,4045.09038972923,-5776.33188917491
0.474843626276902,-0.0567852573634608,1.84351422296337,-1.78672896559993,1584.05829678082,4155.84810906315,-5739.90640584398
0.474948067945019,-0.125544392998898,1.8753337392698,-1.74978934627092,1395.7568202009,4292.40039942001,-5688.15721962091
0.475052509613136,-0.19416957588956,1.90513493371145,-1.71096535782191,1205.94997452266,4424.33335076396,-5630.28332528662
0.475197800236827,-0.289257754550245,1.94316869043344,-1.65391093588322,939.831916762264,4599.89006971376,-5539.72198647602
0.475425178025767,-0.436715138882567,1.99451550825737,-1.55780036937481,519.84914527858,4855.15563615785,-5375.00478143643
0.475506167421514,-0.488785587892761,2.01037687790177,-1.52159129000902,369.372040523291,4940.24500163522,-5309.61704215851
0.475571728558696,-0.530707168136953,2.02226387230819,-1.49155670417125,247.37910703125,5006.78507480864,-5254.16418183989
0.475687050401499,-0.603877699815372,2.04108488079945,-1.43720718098409,32.6073537079151,5118.63738220275,-5151.24473591067
0.475802372244301,-0.676255342493332,2.057227138664,-1.38097179617068,-182.204929562733,5223.77051057432,-5041.56558101159
0.475989299588661,-0.791609382169313,2.07764305619914,-1.28603367402984,-529.649767627803,5379.51431615946,-4849.86454853166
0.476199022506448,-0.917747643981941,2.09202224134757,-1.17427459736564,-917.177965710667,5532.14664569875,-4614.96867998809
0.476302038244006,-0.978325602757753,2.09576964305612,-1.11744404029837,-1106.30997331743,5598.4223711193,-4492.11239780187
0.476343428598417,-1.00238424841032,2.09665753021643,-1.09427328180611,-1181.99845208485,5623.40774841486,-4441.40929633001
0.476422322040125,-1.04776393326444,2.0973676337363,-1.04960370047186,-1325.68565213086,5668.38838842926,-4342.7027362984
0.476519973338402,-1.10303490054348,2.09646240886885,-0.993427508325368,-1502.38519860667,5719.23387751714,-4216.84867891047
0.476679292905556,-1.19093790348442,2.09075349494497,-0.899815591460543,-1787.49256657678,5790.59977541503,-4003.10720883825
0.476755992760866,-1.23222228135608,2.08613600270047,-0.853913721344387,-1923.24782696528,5819.80877950563,-3896.56095254035
0.476871752435952,-1.29316179048652,2.0768760726731,-0.783714282186574,-2125.97288155934,5857.48510540249,-3731.51222384315
0.476987512111038,-1.35239245466135,2.0648705538228,-0.712478099161443,-2325.88787228035,5887.41747269398,-3561.52960041363
0.477159927340323,-1.43725364326304,2.04194009415788,-0.604686450894829,-2617.79260536402,5917.55469516727,-3299.76208980325
0.477218336801584,-1.46507419627082,2.03280636060674,-0.567732164335912,-2715.035620967,5923.83837984009,-3208.80275887309
0.477346365232551,-1.52430241643533,2.01040161937877,-0.486099202943431,-2924.89083876019,5930.63020188517,-3005.73936312498
0.477474393663517,-1.58106538358991,1.98474684867504,-0.403681465085115,-3130.01208681245,5927.83249646509,-2797.82040965264
0.477634578482524,-1.64846654569906,1.94813991948545,-0.29967337378638,-3379.45376519126,5910.84061077132,-2531.38684558007
0.477858457472343,-1.73561096923773,1.88876371425108,-0.153152745013341,-3713.49037711489,5862.077428635,-2148.58705152011
0.477998843066957,-1.78593998156635,1.84672915782236,-0.060789176255996,-3913.81653302097,5816.69039743323,-1902.87386441227
0.478078924334093,-1.8131091087099,1.82113080666956,-0.00802169795965091,-4024.73911305262,5785.72112069145,-1760.98200763882
0.478191606679526,-1.84938715847951,1.78316900458615,0.0662181538933777,-4176.4667979345,5735.95472603067,-1559.48792809617
0.478252220221726,-1.86794939087504,1.76181864369527,0.106130747179786,-4255.94319883332,5706.2036005171,-1450.26040168378
0.4783417981729,-1.89413825595861,1.72910154783748,0.165036708121139,-4370.5552872812,5658.45497838056,-1287.89969109936
0.478493232550344,-1.93498200131945,1.67070795106116,0.264274050258305,-4556.35100671296,5567.59179473303,-1011.24078802007
0.47872251193469,-1.98844123570768,1.57519934532359,0.413241890384109,-4817.79115392987,5406.22193212068,-588.430778190811
0.478852685516761,-2.01424456294317,1.51727330855397,0.496971254389225,-4955.29651453136,5302.02157605772,-346.725061526361
0.478945653152705,-2.03061839256711,1.47433839622378,0.556279996343348,-5048.46118626387,5222.15549477781,-173.694308513944
0.479058690457761,-2.04819215715599,1.42045032673443,0.627741830421588,-5155.92053263365,5119.06589436194,36.8546382717095
0.479171727762816,-2.06318515567112,1.36477305467337,0.698412100997766,-5256.88013053319,5009.5258762162,247.354254316992
0.479353554994579,-2.08183546541267,1.27166669698366,0.810168768429028,-5405.2813827616,4820.20669308071,585.074689680896
0.479611873191878,-2.09664823746981,1.13242297159675,0.964225265873084,-5585.6257172705,4524.57816387142,1061.04755339907
0.479733472860424,-2.09886048082633,1.0641769186377,1.03468356218865,-5657.95961950703,4374.85914441559,1283.10047509144
0.479794991837038,-2.0988141052607,1.02904569469643,1.06976841056429,-5691.42407027455,4296.65368924457,1394.77038102997
0.479869549870531,-2.09770761975544,0.985958609296926,1.11174901045854,-5729.12664681448,4199.73282155554,1529.39382525894
0.479991102989932,-2.09343916704598,0.91457767000628,1.17886149703972,-5783.83786911847,4036.83644332785,1747.00142579061
0.480112656109334,-2.08612148202247,0.841866171079218,1.24425531094327,-5830.11985567869,3868.06186493177,1962.05799074692
0.480234209228735,-2.07576532910912,0.767928074548633,1.30783725456051,-5867.90763970946,3693.65091492094,2174.25672478852
0.480355762348136,-2.06238583301628,0.692871280169059,1.36951455284724,-5897.14618646512,3513.85820265027,2383.28798381485
0.480544566834046,-2.03566479174793,0.574369591047472,1.46129520070048,-5925.5042691471,3224.64390740136,2700.86036174574
0.480808231822824,-1.98643825781575,0.405701807161627,1.58073645065414,-5930.27568633779,2802.29857776834,3127.97710856945
0.481071896811602,-1.92362117541829,0.234265773178661,1.68935540223965,-5894.48447078494,2360.80756537415,3533.67690541079
0.481239306008299,-1.8768395870877,0.124421170297029,1.75241841679069,-5850.7745605007,2071.68359297738,3779.09096752332
0.481362972038867,-1.83893724904805,0.0430244070691598,1.79591284197891,-5808.08684378935,1854.34072233204,3953.74612145731
0.481433516672257,-1.81606695831493,-0.00345093617833901,1.81951789449329,-5779.80153762249,1729.06729325084,4050.73424437165
0.481518910709339,-1.78719385511368,-0.0596990125152098,1.84689286762891,-5741.76913958005,1576.30895166863,4165.46018791142
0.481612750865359,-1.75398590279774,-0.121455194336461,1.87544109713421,-5695.21484961226,1407.1488716736,4288.06597793866
0.481706591021378,-1.71925590094285,-0.183104332159692,1.90236023310256,-5643.71425377778,1236.77021267553,4406.94404110224
0.4818447465976,-1.6654278542609,-0.273544071340007,1.93897192560092,-5559.00206179689,984.068686330761,4574.93337546613
0.482069560368866,-1.57123862824771,-0.419452246289425,1.99069087453714,-5398.96478894118,569.352193728006,4829.61259521318
0.482184963236737,-1.51978832768629,-0.49363180334237,2.01342013102867,-5306.26198070477,355.100503130446,4951.16147757432
0.482208322172426,-1.50912628003506,-0.50857489015193,2.017701170187,-5286.64039185846,311.655814213876,4974.98457764458
0.482291773456799,-1.4703823222487,-0.561722031982826,2.03210435423153,-5214.23451309561,156.351333758486,5057.88317933712
0.482485205849622,-1.37679238804234,-0.683298779792683,2.06009116783503,-5032.81951736878,-203.662097580671,5236.48161494945
0.482678638242444,-1.27814149055573,-0.802335660447409,2.08047715100315,-4832.87592759309,-562.867118590044,5395.74304618314
0.482913789268795,-1.15194887111379,-0.942968957386674,2.09491782850047,-4565.98608781332,-996.468360315396,5562.45444812872
0.482971962176073,-1.11970262229668,-0.977032085547009,2.0967347078437,-4495.99546337078,-1103.10009531025,5599.09555868103
0.483086971428605,-1.05488062563625,-1.04338418792918,2.09826481356544,-4353.26678274485,-1312.73173590765,5665.9985186525
0.483230310702454,-0.972194460753426,-1.12414522999756,2.09633969075098,-4167.49247192021,-1571.51026979708,5739.00274171729
0.483373649976303,-0.887545074341937,-1.20262254969618,2.09016762403812,-3973.28618364413,-1827.0863935763,5800.37257722043
0.483516989250153,-0.801101959241292,-1.27865945712751,2.0797614163688,-3771.03753110363,-2078.94934962582,5849.98688072945
0.483660328524002,-0.71304064959993,-1.35210153244138,2.0651421820413,-3561.15733219496,-2326.5876368516,5887.74496904656
0.48385568984281,-0.590774066259027,-1.44772135444908,2.0384954207081,-3263.6808268136,-2656.29126826714,5919.97209508074
0.484117743241534,-0.423467704751379,-1.56729015485364,1.99075785960501,-2845.84457697642,-3082.37314216868,5928.2177191451
0.484379796640258,-0.253320912592561,-1.67624003598851,1.92956094858106,-2408.82475624642,-3487.55961698552,5896.38437323194
0.484530756602937,-0.15437246480742,-1.73394819267698,1.88832065748439,-2149.27159265325,-3710.62411673731,5859.89570939056
0.484651206878015,-0.0751585195591716,-1.77720437416969,1.85236289372884,-1938.66768197758,-3882.65287072358,5821.32055270116
0.484771657153094,0.00415353702076611,-1.81791029907319,1.81375676205241,-1725.31020063169,-4049.10054289019,5774.41074352188
0.484892107428173,0.0834521799393129,-1.85600932615006,1.77255714621073,-1509.49998419499,-4209.73448236989,5719.23446656489
0.485012557703252,0.162625340482899,-1.89144796902905,1.72882262854613,-1291.54262408838,-4364.32859133423,5655.87121542261
0.485133007978331,0.241560178628933,-1.92417585777944,1.68261567915049,-1071.74908544574,-4512.66293551567,5584.41202096141
0.485314521697222,0.359775107667179,-1.96825833496391,1.6084832272967,-737.861660771955,-4723.84134864294,5461.7030094149
0.485461224704117,0.454491211220124,-1.99922056021919,1.54472934899904,-466.175146341589,-4883.34735880401,5349.5225051456
0.485549046329747,0.510754883700953,-2.01573136497561,1.50497648127462,-302.986347600889,-4973.91131958306,5276.89766718395
0.485668048462522,0.586351074050797,-2.03564825216746,1.44929717811664,-81.5555971384083,-5090.54878313519,5172.1043802736
0.485787050595297,0.661120825759546,-2.05271713883793,1.39159631307835,139.97111957779,-5200.05848119488,5060.08736161709
0.485967887846591,0.772892948219538,-2.07314456723957,1.30025161902,475.996375339789,-5352.44322649332,4876.44685115354
0.486221722653116,0.925390649297739,-2.09050405956926,1.16511341027148,944.512965557411,-5536.98130206699,4592.46833650958
0.486349566846836,1.00008935786753,-2.09422565542633,1.09413629755876,1178.5835037824,-5616.73941917978,4438.15591539738
0.486477411040556,1.07316701360181,-2.09456607900489,1.02139906540304,1410.73177431553,-5687.42341290586,4276.69163859033
0.486582268201994,1.13181691489227,-2.09232073295594,0.960503818063635,1599.45616055887,-5738.54787840649,4139.09171784761
0.486687125363433,1.18923303817281,-2.08780273970487,0.898569701532018,1786.42957638258,-5783.43448309845,3997.00490671587
0.486791982524871,1.2453535582086,-2.08101714511944,0.835663586910799,1971.45045815393,-5822.03540636571,3850.58494821178
0.486896839686309,1.30011797503232,-2.07197137039943,0.771853395367064,2154.31919748208,-5854.30938996521,3699.99019248313
0.487069476370128,1.38714345628816,-2.05218740141816,0.665043945129947,2450.08871408875,-5893.56186447764,3443.47315038889
0.487212392312574,1.45611301242459,-2.03123472933202,0.575121716907382,2689.53707551327,-5912.93864878354,3223.40157327027
0.48728888712624,1.49183910656754,-2.01832997152061,0.526490864953021,2815.53292047986,-5918.41168126496,3102.8787607851
0.487408674774137,1.54603130776467,-1.99578396962383,0.449752661859116,3009.49512191613,-5920.10293284693,2910.60781093081
0.487528462422034,1.59802684225967,-1.97040970058416,0.37238285832444,3199.17433066604,-5913.39945058492,2714.22511991888
0.487707237806115,1.67136291212231,-1.92737038497067,0.256007472848305,3473.64006899606,-5887.81569277,2414.17562377394
0.487860406813686,1.73000971613075,-1.88564699868418,0.155637282553376,3700.11819041911,-5851.10648642289,2150.98829600378
0.48794610237349,1.7610894722261,-1.860382982112,0.0992935098858523,3823.15536576068,-5824.6381706672,2001.48280490652
0.488066397755617,1.80254722318761,-1.82265084508362,0.0201036218959562,3991.13275022047,-5780.36061743034,1789.22786720987
0.488186693137744,1.84142353440516,-1.78231400476841,-0.0591095296368054,4153.3889458581,-5727.81774538354,1574.42879952544
0.488344034734406,1.88827687628376,-1.72572873251062,-0.162548143773202,4356.56373451698,-5646.75934692121,1290.19561240423
0.488501376331068,1.93050734735638,-1.66492457493635,-0.265582772420085,4549.06821837499,-5551.89341388548,1002.82519551049
0.488693590162276,1.97566551841461,-1.58515181966227,-0.390513698752404,4769.03287098976,-5417.63355179625,648.600680806487
0.488812592406781,2.00002808914622,-1.53282395302449,-0.467204136121789,4896.58991220317,-5324.53274191285,427.94282970968
0.48883466162149,2.00424048523423,-1.52287874158576,-0.481361743648531,4919.50348820026,-5306.43852276999,386.935034569726
0.488909769564919,2.01784962944898,-1.48849023286179,-0.529359396587252,4995.69064927101,-5242.9566721206,247.266022849591
0.489074592077843,2.04374711339583,-1.41017372920129,-0.633573384194595,5152.9877481528,-5093.50734136854,-59.4804067842542
0.489299678832726,2.07022074403586,-1.2972039550124,-0.77301678902352,5345.27091826181,-4867.52572800033,-477.745190261481
0.489524765587609,2.08633058361135,-1.17774875702116,-0.908581826590258,5510.79814234955,-4617.21208547371,-893.586056875842
0.489634242810496,2.09039942439069,-1.11743405969482,-0.972965364695924,5581.44357456557,-4486.93678540933,-1094.50678915623
0.489743720033383,2.09198941702081,-1.05579809730398,-1.03619131971689,5645.46557001859,-4351.34941398859,-1294.11615603
0.48985319725627,2.09109898633365,-0.992913568531058,-1.09818541780265,5702.78936045202,-4210.61004584601,-1492.17931460601
0.489938916479099,2.08867104221873,-0.942847310443176,-1.14582373177562,5742.95838688837,-4096.91303388419,-1646.04535300419
0.490024635701928,2.08472491982932,-0.892096391982957,-1.19262852784642,5778.95144217003,-3980.23958573635,-1798.71185643368
0.490151557876778,2.0761014065066,-0.815783278552239,-1.26031812795442,5824.51518051647,-3802.22581826829,-2022.28936224818
0.490278480051629,2.06417036155531,-0.738171716061286,-1.32599864549408,5860.79766896722,-3618.15844917801,-2242.63921978921
0.490468798636874,2.04013175925275,-0.619668924524772,-1.42046283472803,5897.67893183363,-3331.54367318255,-2566.13525865108
0.490729342250813,1.99542208510837,-0.454018475982437,-1.54140360912599,5913.91708038488,-2920.28132214991,-2993.63575823498
0.490989885864751,1.93733400802683,-0.28532405640675,-1.65200995162014,5890.53025923238,-2489.4622466831,-3401.06801254928
0.491156680917628,1.89326714521293,-0.176163663379857,-1.71710348183313,5854.79124637797,-2204.4883739647,-3650.30287241327
0.491278008840039,1.85792412323058,-0.096417997395149,-1.76150612583548,5818.65777855875,-1993.28941997883,-3825.36835857992
0.491347366461341,1.83649777156622,-0.0507534751027695,-1.7857442964635,5794.18584351596,-1871.21389922009,-3922.97194429587
0.491432232208183,1.80909430573293,0.00514793296261519,-1.81424223869559,5760.49180473278,-1720.64822710656,-4039.84357762622
0.491559906731739,1.76545248540564,0.0892150451035713,-1.85466753050926,5702.08441505275,-1491.89376378218,-4210.19065127057
0.491715675442188,1.70836726091333,0.19155979683686,-1.89992705775024,5618.39468777703,-1209.61977068489,-4408.77491709214
0.491871444152637,1.64718146012153,0.29344877852365,-1.94063023864523,5521.22261712611,-924.436189611866,-4596.78642751425
0.49207439039334,1.56157951735078,0.425073050959024,-1.98665256830985,5374.82597705513,-549.749471767797,-4825.07650528733
0.492139311509919,1.53281499576214,0.466871889720997,-1.99968688548318,5323.30732842584,-429.251066016211,-4894.05626240963
0.492224686440835,1.49402045584017,0.521535396695306,-2.01555585253552,5252.18684849434,-270.539924244971,-4981.64692424937
0.492342591699583,1.43868515441517,0.596392363447853,-2.03507751786307,5147.7625421834,-51.084580925419,-5096.67796125799
0.492460496958331,1.38137066733796,0.670431258643718,-2.05180192598172,5036.25751542372,168.44465016873,-5204.70216559245
0.492612000306902,1.30495535758105,0.764191645196169,-2.06914700277725,4882.85256732174,450.117286045219,-5332.96985336696
0.492830340367251,1.18970623804957,0.896164886953467,-2.08587112500307,4642.4660064418,853.944994767229,-5496.41100120903
0.492893298909323,1.15537759025052,0.933497582091824,-2.08887517234238,4568.971683377,969.832136281485,-5538.80381965848
0.493015940945033,1.08723195042023,1.00514160040859,-2.09237355082886,4420.71895822779,1194.39579240957,-5615.11475063736
0.493138582980743,1.01746897786141,1.07529125661311,-2.09276023447455,4265.88995314594,1417.18227947804,-5683.07223262399
0.493227352610771,0.966014613389867,1.12508397683588,-2.09109859022577,4149.83077263544,1577.16967783811,-5727.00045047354
0.493349383219391,0.894065768556972,1.19209023030538,-2.08615599886238,3985.03807466843,1795.05419971606,-5780.09227438449
0.493416123011606,0.854143153877826,1.22800931017866,-2.08215246405651,3892.39169833796,1913.14753390253,-5805.53923224049
0.493517273034503,0.792929541350152,1.28140838163273,-2.07433792298291,3748.73232022837,2090.49247592093,-5839.2247961493
0.493650002342289,0.711404176236975,1.34949938775308,-2.06090356399007,3554.50789599435,2319.95002583636,-5874.4579218307
0.493854362138233,0.583550735415857,1.4496718207403,-2.03322255615617,3243.58939333536,2665.0922468558,-5908.68164019116
0.494124609548318,0.410939629425126,1.57284386804573,-1.98378349747087,2812.29680931585,3104.22158835159,-5916.51839766744
0.494394856958403,0.235340445704621,1.68470289025448,-1.92004333595911,2360.69145617394,3521.05533294285,-5881.74678911679
0.494542315107983,0.138617385249465,1.74073779487972,-1.87935518012919,2106.60460313779,3738.24568698502,-5844.85029012282
0.494689773257563,0.0415924772589479,1.79303547304121,-1.83462795030016,1847.98082565628,3947.40981927492,-5795.3906449312
0.494837231407142,-0.0555260311776338,1.84148420016258,-1.78595816898495,1585.37555409737,4148.09963179056,-5733.47518588793
0.49492821629898,-0.115422895018719,1.86942075934412,-1.75399786432541,1421.55598401845,4267.54792309071,-5689.10390710916
0.495019201190818,-0.175227800961581,1.89582967376129,-1.72060187279971,1256.56677273276,4383.5087015926,-5640.07547432536
0.495155531430485,-0.264544816443674,1.93248819285578,-1.66794337641211,1007.49705460888,4550.50171313258,-5557.99876774146
0.495373718872921,-0.406358775774902,1.98373276166746,-1.57737398589256,605.375679779102,4800.16530374963,-5405.54098352873
0.495486885736398,-0.479257356328857,2.00667451059486,-1.527417154266,395.414518477267,4920.93900429057,-5316.35352276784
0.495544073003387,-0.515880175190273,2.01730726220803,-1.50142708701775,289.079905430016,4979.62678522351,-5268.70669065352
0.495653565374738,-0.58551521984169,2.03584174968887,-1.45032652984717,85.2838669785378,5087.47161255535,-5172.75547953389
0.495763057746088,-0.654460004887422,2.05196734092242,-1.39750733603499,-118.621165919601,5189.29576364572,-5070.67459772612
0.495938559425553,-0.763296148994726,2.07273750877356,-1.30944135977882,-444.988370412324,5339.6112719558,-4894.62290154347
0.496188469913947,-0.91413294957721,2.09142443433034,-1.17729148475311,-906.964829255769,5525.47986655244,-4618.51503729667
0.496265029303669,-0.959313850212646,2.09458234524169,-1.13526849502903,-1047.67684911772,5575.72809190863,-4528.05124279091
0.496391023819732,-1.03243444235098,2.09713937660601,-1.06470493425501,-1277.84769542825,5651.36696088656,-4373.51926545831
0.496517018335795,-1.10394006209503,2.09641137614678,-0.992471314051726,-1506.02350936551,5718.15107489195,-4212.12756552643
0.496584792238259,-1.14170620291004,2.09466116565811,-0.952954962748054,-1627.84243798135,5750.38426735114,-4122.54182936978
0.496679141858372,-1.19341416360633,2.09064416605822,-0.897230002451858,-1796.18254170048,5790.90996740823,-3994.72742570775
0.496751331647812,-1.23227641365703,2.08633008396609,-0.854053670309027,-1923.94095446473,5818.48588503963,-3894.5449305749
0.496876819233054,-1.29830365551782,2.07628055245858,-0.777976896940731,-2143.60519084143,5859.28537655559,-3715.68018571416
0.497002306818296,-1.36231884833071,2.06300558894624,-0.700686740615495,-2359.95395452348,5890.98333721247,-3531.029382689
0.497195095665188,-1.45648706725515,2.03638437866898,-0.579897311413802,-2684.99614295342,5921.83340380137,-3236.83726084795
0.497288503064566,-1.50024190931576,2.02078788973767,-0.520545980421881,-2839.11269043501,5928.98815651516,-3089.87546608014
0.497404777486235,-1.55289855680527,1.99894602946993,-0.446047472664626,-3027.52253213563,5930.76225494687,-2903.23972281124
0.497521051907904,-1.60348770428503,1.97443810356026,-0.370950399275194,-3211.90507486809,5924.62613806878,-2712.72106320069
0.497698643886634,-1.67659136818343,1.931947437949,-0.255356069765534,-3485.11567746762,5900.01854529825,-2414.90286783063
0.497898838514883,-1.7527364760967,1.87686060792103,-0.124124131824289,-3780.05437660792,5850.30120027732,-2070.2468236694
0.497981019131185,-1.78203031033096,1.85207119754003,-0.0700408872090345,-3896.96151813915,5823.17237857177,-1926.21086043262
0.498038132990036,-1.80169229158782,1.83411438026458,-0.0324220886767176,-3976.69011851382,5802.03026775379,-1825.34014923997
0.498153573592425,-1.83965212553343,1.79603008715404,0.043622038379434,-4133.88340873581,5753.61074626933,-1619.72733753352
0.498269014194813,-1.87519638832274,1.75558560848525,0.119610779837531,-4285.64908953261,5697.62847920143,-1411.97938966883
0.498384454797201,-1.90828002839517,1.71283283605925,0.195447192335963,-4431.79430172531,5634.15607070035,-1202.36176897503
0.498529897928222,-1.94638664805127,1.65577754750407,0.290609100547245,-4607.60044058921,5543.6672975675,-936.066856978289
0.498749307209809,-1.99615505689716,1.56325105988412,0.432903997013086,-4854.44251057081,5385.42269528022,-530.980184709414
0.498825630960896,-2.01127498936537,1.52927557612813,0.481999413237289,-4935.04601494117,5324.29848677414,-389.252471832971
0.4989277684373,-2.029698589739,1.48244309507934,0.547255494659708,-5038.45816354324,5237.72967865321,-199.271515109969
0.499052073952803,-2.04930269869859,1.42339918369876,0.625903514999878,-5157.30661595376,5125.12122513902,32.1853908147423
0.499176379468306,-2.06578789274858,1.36218633493734,0.703601557811295,-5268.30683419105,5004.70303292235,263.603801268701
0.499370689373486,-2.08524318384363,1.26241424177729,0.822828942066381,-5425.64389583784,4801.34150014277,624.302395695075
0.499562562373785,-2.09685016009705,1.1592816485559,0.937568511541192,-5561.23173849373,4583.00023413684,978.231504356894
0.499664904091839,-2.09993809575118,1.10249785121298,0.997440244538246,-5625.37804641944,4459.62452330619,1165.75352311325
0.499748028012605,-2.10085152657057,1.05553383595205,1.04531769061858,-5673.2114331653,4356.01442931328,1317.19700385202
0.49983115193337,-2.1003346719061,1.00785166018962,1.09248301171653,-5717.1805949826,4249.43754053378,1467.74305444882
0.49994808593869,-2.09718782940887,0.939628488688929,1.15755934072,-5772.43159316186,4094.64471553286,1677.786877629
0.50006501994401,-2.09121654369403,0.870138939306833,1.22107760438725,-5819.90753760045,3934.33191281325,1885.5756247872
0.50021042785745,-2.07986521809867,0.78211345021897,1.29775176787975,-5867.99871529116,3727.63366258342,2140.36505270774
0.500355835770891,-2.06418354577724,0.692457678039871,1.37172586773742,-5903.87321927497,3513.16617290442,2390.70704637055
0.500553351467807,-2.0360139511032,0.56843480946603,1.46757914163722,-5932.89855455619,3210.29569588179,2722.60285867439
0.500815712059667,-1.98655335679878,0.400485391248123,1.5860679655507,-5936.23105270302,2789.34391709764,3146.88713560538
0.501078072651527,-1.92364669477815,0.22982626609202,1.69382042868618,-5899.40492692047,2349.51551026425,3549.88941665622
0.501233055860591,-1.88030238374384,0.128117844041361,1.75218453970252,-5858.83995240746,2081.7921178277,3777.04783457975
0.501353828013545,-1.84343195029977,0.048627626630648,1.79480432366917,-5817.60729387527,1869.68716690989,3947.92012696538
0.501474600166499,-1.80391521491444,-0.0309269656564511,1.83484218057094,-5768.01474386873,1654.90626097773,4113.108482891
0.501595372319453,-1.76180863926237,-0.110433450378141,1.87224208964055,-5710.13456577784,1437.7538446232,4272.38072115464
0.501716144472407,-1.7171723668074,-0.189778934646276,1.90695130145372,-5644.05041608121,1218.53880987949,4425.51160620172
0.501836916625361,-1.67007045542464,-0.268849783698129,1.93892023912281,-5569.85760108616,997.575383381377,4572.28221770478
0.502030590086418,-1.58959099096717,-0.394742741412778,1.98433373237999,-5434.27958267494,640.519595173554,4793.75998750138
0.502152709015971,-1.53578998674875,-0.473431374803662,2.00922136155246,-5338.40899451613,413.997662945272,4924.41133157086
0.502195844053212,-1.51623799964278,-0.501072840014206,2.01731083965703,-5302.65418942854,333.801096693404,4968.85309273514
0.502275383272726,-1.47946371901087,-0.551790713095166,2.03125443210607,-5234.18741986106,185.792087682534,5048.39533217853
0.502399306583167,-1.4203520049068,-0.630096405763513,2.05044841067035,-5121.05108406382,-44.9591522603289,5166.01023632415
0.502523229893607,-1.35909526268832,-0.707444209067765,2.06653947175612,-5000.17291344751,-275.631631337177,5275.80454478469
0.502703404382609,-1.26642180144049,-0.817923873345107,2.08434567478563,-4811.04632557205,-610.065485542852,5421.1118111149
0.502900941734467,-1.16019736075197,-0.93600919288179,2.0962065536338,-4586.08951502,-974.382864087348,5560.47237910735
0.502982530025217,-1.11497250488193,-0.983786934762973,2.09875943964493,-4487.92574536336,-1123.93563989967,5611.86138526303
0.503033525724032,-1.08633158703339,-1.01332412767509,2.09965571470852,-4425.06881471078,-1217.0446224653,5642.11343717608
0.503146395614719,-1.02197547808182,-1.07774962393237,2.09972510201422,-4281.96789983422,-1421.93431127417,5703.9022111084
0.503259265505406,-0.956342212217369,-1.14081622646737,2.09715843868477,-4133.50270442438,-1625.02249157146,5758.52519599584
0.503372135396093,-0.889511667240319,-1.20244753780206,2.0919592050424,-3979.85451004766,-1826.06276307776,5805.91727312541
0.503411575912881,-0.865886584244858,-1.22363580467807,2.08952238892295,-3924.96555512835,-1895.7996399425,5820.76519507085
0.503498680350689,-0.813253390398994,-1.26975347950072,2.08300686989973,-3801.64090550147,-2048.74545360358,5850.38635910505
0.503621869467776,-0.737802059744079,-1.33333408591619,2.07113614566029,-3622.42954487679,-2262.36820342981,5884.7977483066
0.503822422744781,-0.612720310380284,-1.43248539529655,2.04520570567686,-3319.35846275843,-2602.6017507431,5921.96021350153
0.504089655774038,-0.442481559653147,-1.55563170565481,1.99811326530798,-2895.59702329088,-3039.4220137868,5935.01903707768
0.504356888803294,-0.269161251197521,-1.66782328845222,1.93698453964975,-2451.56813204906,-3454.83146022255,5906.39959227161
0.504526191859575,-0.158219192612734,-1.73293041544675,1.8911496080595,-2160.93325718075,-3705.817298913,5866.75055609375
0.504652768662062,-0.0749554071712764,-1.77842269098755,1.85337809815883,-1939.58058462669,-3886.68442084511,5826.2650054718
0.504740695114761,-0.0170368390174495,-1.80837440294128,1.82541124195874,-1783.98638271357,-4008.72898520783,5792.71536792141
0.504828621567461,0.0408889727406878,-1.83694373295387,1.79605476021318,-1627.04580826731,-4127.70403107188,5754.74983933919
0.504874983110292,0.0714234322396238,-1.85144546009661,1.780022027857,-1543.78346375659,-4189.17747070334,5732.96093445992
0.504985609860259,0.14419400226325,-1.8844495328984,1.74025553063515,-1343.86035217768,-4332.21822747965,5676.07857965733
0.505120708949375,0.232798815878902,-1.92165698093918,1.68885816506028,-1097.58596480705,-4499.75704747841,5597.34301228546
0.505315367570473,0.359630764196807,-1.96914576429905,1.60951500010224,-739.539327809362,-4726.73992055244,5466.2792483618
0.505462477768939,0.454631899072351,-2.00016790677341,1.54553600770105,-466.999536186733,-4886.6384720836,5353.63800827033
0.5055574610852,0.51547837022282,-2.01793629394073,1.5024579237179,-290.432880267741,-4984.37627250271,5274.80915277045
0.505678073182689,0.592059034806116,-2.03790327753893,1.4458442427328,-65.9155362298479,-5102.05605977163,5167.97159600148
0.505798685280177,0.667781699386539,-2.05494246483097,1.38716076544443,158.673509031974,-5212.40032800083,5053.72681896885
0.505980501507265,0.780035337671643,-2.07503600088674,1.29500066321508,496.553438865549,-5364.48627946104,4867.93284059549
0.506192138971835,0.907425400220868,-2.089891645503,1.18246624528212,887.596619061408,-5519.40432371597,4631.80770465456
0.506291507715201,0.965923243654936,-2.09368724214301,1.12776399848806,1070.05963607693,-5583.81109457575,4513.75145849882
0.506331111642206,0.988980698586823,-2.09463119501666,1.10565049642982,1142.50723863244,-5607.96895514014,4465.4617165077
0.506394871990198,1.02577369811352,-2.0954687575367,1.06969505942317,1258.75220955013,-5645.029500342,4386.27729079186
0.506517917334795,1.09558122565865,-2.09470639032952,0.99912516467085,1481.55367706403,-5710.11198434703,4228.558307283
0.506600013186602,1.14125444483056,-2.09245558220407,0.951201137373495,1629.00264328183,-5748.7948838042,4119.79224052237
0.506682109038408,1.18616584441846,-2.08881206250802,0.90264621808954,1775.36022084608,-5783.6496838924,4008.28946304632
0.506773053855422,1.23499075722242,-2.0831529326003,0.848162175377866,1936.09539613799,-5817.76275809283,3881.66736195484
0.506863998672435,1.28280370307857,-2.07579234218771,0.792988639109122,2095.23867771449,-5847.12147142194,3751.88279370745
0.507003253822261,1.3539518850829,-2.06124115830518,0.707289273222254,2335.49412900138,-5882.8028220441,3547.30869304272
0.507220649418655,1.4597267345875,-2.03066219481316,0.570935460225636,2701.2377520467,-5915.95326387826,3214.71551183156
0.507310305772848,1.50142065424118,-2.01527380383774,0.513853149596529,2848.59546721988,-5921.60167635214,3073.00620913226
0.507399962127042,1.54191853323873,-1.99828579733142,0.456367264092663,2993.67809993185,-5922.5463177012,2928.86821776936
0.507489618481235,1.58118825005658,-1.97971178651049,0.398523536453878,3136.37033684551,-5918.78654417186,2782.41620732634
0.507646278434318,1.64674883377006,-1.94350400301355,0.296755169243459,3379.5668876661,-5900.94365503906,2521.37676737297
0.507887723124635,1.73985206027226,-1.87855093702885,0.138698876756557,3737.88470470484,-5845.50604393935,2107.62133923451
0.508012521111964,1.78411307737529,-1.8406901615334,0.0565770841580744,3914.90824879343,-5803.61978754848,1888.71153875505
0.508137319099294,1.82562472715523,-1.79999872496023,-0.02562600219503,4085.89254267752,-5752.80508177186,1666.91253909434
0.508262117086623,1.86432226262643,-1.75653998484466,-0.107782277781804,4250.57070512491,-5693.14047742577,1442.56977230086
0.508386915073953,1.90014687589084,-1.71038042501746,-0.189766450873413,4408.69204166032,-5624.71768728398,1216.02564562366
0.508511713061282,1.93304394454431,-1.66159075972592,-0.271453184818425,4560.01517733916,-5547.64192733948,987.626750000323
0.508708037525351,1.9787318025768,-1.57972781773956,-0.399003984837278,4783.66703802428,-5409.22451799086,625.557479966575
0.508838701723216,2.00498104997463,-1.521872306629,-0.483108743345672,4922.51523680084,-5305.62220789473,383.106971093894
0.508899564931273,2.016057979461,-1.49403364224937,-0.522024337211666,4984.38287128951,-5254.28462194137,269.901750651859
0.508998454298501,2.03247558584114,-1.44764729628598,-0.584828289555195,5080.98140769185,-5166.79105255469,85.8096448628448
0.509097343665728,2.04692652796946,-1.3998640503686,-0.647062477600909,5172.65865499439,-5074.30726771821,-98.3513872761837
0.509271378746724,2.06753515403373,-1.31254575420742,-0.754989399826347,5321.7414228665,-4899.75763904508,-421.983783821418
0.509525569838863,2.08648502985866,-1.1781134962237,-0.908371533635005,5510.62628196924,-4618.81682957113,-891.809452398106
0.509622709123782,2.09022021718814,-1.12465408240751,-0.965566134780668,5573.65076574159,-4503.4616877994,-1070.18907794219
0.509676721064228,2.09145314404106,-1.0944698069743,-0.996983337066805,5606.4482404305,-4437.4913306046,-1168.95690982589
0.509783510145302,2.09211351977039,-1.03388275248679,-1.05823076728364,5666.50704997819,-4303.33609283102,-1363.17095714718
0.509890299226377,2.09041391847421,-0.972133605513522,-1.11828031296073,5720.16821441007,-4164.33662722781,-1555.83158718226
0.510029694793861,2.0846491336634,-0.88990482756823,-1.19474430609522,5780.48617842623,-3975.88626455966,-1804.59991386658
0.510169090361345,2.07487902183213,-0.805968608084428,-1.26891041374775,5829.69451310188,-3779.80509653045,-2049.88941657143
0.51030848592883,2.06112228113705,-0.720484955875346,-1.34063732526175,5867.69977876221,-3576.46712732054,-2291.23265144166
0.510496900193716,2.03624623371183,-0.602806155796715,-1.43344007791516,5901.12971258694,-3290.86808964338,-2610.26162294356
0.510751773395307,1.99126709429978,-0.440417253969966,-1.55084984032986,5913.39001291813,-2886.58036440425,-3026.80964851388
0.511000241455866,1.93511501820661,-0.279376087679308,-1.65573893052734,5888.83543621987,-2474.61310997879,-3414.22232624108
0.511178596021784,1.88748405054688,-0.162601236124191,-1.72488281442273,5849.04054971246,-2169.27422514096,-3679.7663245715
0.511296857912394,1.85260673887949,-0.0848399946886764,-1.76776674419085,5812.48796152032,-1962.92342617427,-3849.56453534605
0.511360300906285,1.83283368588501,-0.0430626400460917,-1.78977104583896,5789.55549418076,-1851.07017279721,-3938.48532138354
0.511453894704497,1.80233684963488,0.0185877406213945,-1.82092459025632,5751.51962821896,-1684.74791433027,-4066.7717138887
0.511582305229536,1.75796585331205,0.103122202188723,-1.86108805550082,5691.23783420499,-1454.24400026172,-4236.99383394327
0.511710715754575,1.71072805643555,0.187488357766133,-1.89821641420172,5621.67280199182,-1221.37110653117,-4400.30169546065
0.511839126279614,1.66069952946609,0.271550691628436,-1.93225022109457,5542.9371941747,-986.503652389096,-4556.43354178561
0.512033674142513,1.57979921785067,0.397978130004426,-1.97777734785514,5406.51992042255,-627.855917389539,-4778.66400303301
0.512170059721549,1.51952107565576,0.485781083151923,-2.00530215880772,5298.75608185411,-374.861284794417,-4923.89479705969
0.512242736955405,1.48624153960513,0.532228812509721,-2.01847035211489,5237.31843403828,-239.694923789283,-4997.623510249
0.512340767184509,1.44012983434889,0.594428731553503,-2.03455856590243,5150.12581115899,-57.2094147600305,-5092.91639639895
0.512438797413612,1.39264927151732,0.656063630725058,-2.04871290224241,5058.03644608926,125.328915295126,-5183.36536138438
0.512574966561257,1.3245185783518,0.740619904221435,-2.06513848257327,4922.17829584199,378.614484894632,-5300.79278073662
0.512785096606451,1.21470548464544,0.868335009837659,-2.08304049448313,4695.00468474982,767.789326072273,-5462.79401082209
0.512939085940701,1.13080539117827,0.959591509812366,-2.09039690099067,4515.39207820949,1051.06693519455,-5566.45901340403
0.512987376995454,1.10392553882556,0.987770704000302,-2.09169624282589,4456.83603685811,1139.47065638204,-5596.30669324015
0.513031373468764,1.07921537572236,1.01324439378927,-2.09245976951166,4402.59388706514,1219.77989159326,-5622.3737786584
0.513147791973176,1.01285779427513,1.07968960134947,-2.09254739562463,4255.05130521741,1431.07868183951,-5686.12998705691
0.513217336808069,0.972558655409226,1.11870288807546,-2.09126154348471,4164.1664634102,1556.42194557948,-5720.58840898968
0.513335239829747,0.903192816435957,1.18360469932958,-2.08679751576556,4005.57482816993,1767.16475576928,-5772.73958393921
0.513383513213867,0.87442143059557,1.20971991667409,-2.08414134726968,3939.0244895413,1852.78609807278,-5791.81058761408
0.513478210687804,0.817407069988699,1.26012980757479,-2.07753687756351,3805.86266409179,2019.47301553458,-5825.33567962637
0.51357290816174,0.759666649483295,1.309423698423,-2.06909034790632,3669.3226188842,2184.37155746463,-5853.69417634883
0.513741541647362,0.655238152093614,1.39428014542498,-2.04951829751861,3418.2693014789,2473.04834166523,-5891.31764314413
0.513991044656131,0.497517825100214,1.51251810394007,-2.0100359290403,3029.61614687735,2886.97383187263,-5916.58997874998
0.514292831236706,0.30283003287425,1.6429982874879,-1.94582832036216,2535.09186052769,3363.51725633306,-5898.60911686075
0.514468217395348,0.188176807054004,1.71221216107899,-1.90038896813301,2236.57205933802,3627.19478771776,-5863.76684705578
0.514612013326683,0.0937079901425404,1.76510129603242,-1.85880928617497,1986.64478495587,3835.24235657334,-5821.8871415292
0.514696913162261,0.0378146575623672,1.79464943180538,-1.83246408936775,1837.10343281131,3954.45433200935,-5791.55776482066
0.514781812997839,-0.018105244588463,1.82291873480594,-1.80481349021748,1686.25326199518,4070.84571605885,-5757.09897805403
0.514894873556974,-0.0925413567392714,1.85854310162522,-1.76600174488595,1483.53400259883,4221.3138704166,-5704.84787301543
0.515043538706703,-0.190215587639657,1.90180291940486,-1.71158733176521,1214.19212451762,4411.00005894892,-5625.19218346654
0.515192203856433,-0.287481788665919,1.9409150416525,-1.65343325298658,942.179608477141,4591.06786895355,-5533.24747743069
0.515391332041803,-0.416717956733736,1.98664392642685,-1.56992596969311,574.792142285739,4816.44395572704,-5391.23609801278
0.515500217039597,-0.486770815311942,2.00838580373215,-1.5216149884202,372.734709689456,4931.83400300798,-5304.56871269744
0.515584173803547,-0.540407967329848,2.02354768719068,-1.48313971986083,216.604928351337,5016.8794456661,-5233.48437401744
0.515668130567498,-0.593669875566758,2.03730093992739,-1.44363106436062,60.3210408852688,5098.43112586171,-5158.75216674698
0.515781153108486,-0.664707481208571,2.05357321897656,-1.38886573776799,-150.102785196405,5202.591450998,-5052.48866580159
0.515972270486788,-0.782838199603389,2.07517970153689,-1.2923415019335,-505.240529592075,5363.67276791503,-4858.43223832295
0.516180569886098,-0.908356972854133,2.09020875288831,-1.18185178003416,-890.174672561248,5517.19456464751,-4627.01989208626
0.516285383621918,-0.970125559930569,2.09439541149192,-1.12426985156133,-1082.67348346196,5585.60449265476,-4502.9310091928
0.51633810804778,-1.00080912682792,2.09564312622225,-1.09483399939432,-1179.09326950948,5617.73567346767,-4438.64240395819
0.516445148825966,-1.06223990281601,2.0964062827706,-1.03416637995457,-1373.79242084359,5678.20391985325,-4304.41149900966
0.516552189604152,-1.12247044955615,2.09479828213051,-0.972327832574341,-1566.94155922523,5732.24745683615,-4165.30589761091
0.516697075745429,-1.20195422014517,2.08884973580418,-0.886895515658994,-1825.49315528685,5795.05284443063,-3969.55968914378
0.516841961886706,-1.27895446636868,2.07857427518571,-0.799619808817002,-2080.2833044792,5845.8558716213,-3765.5725671421
0.516986848027983,-1.35331283731143,2.06399310679336,-0.710680269481916,-2330.78794199109,5884.55239479082,-3553.76445279973
0.517180246632597,-1.44815754030605,2.03788031181487,-0.589722771508801,-2657.49833329593,5917.19585098392,-3259.69751768799
0.517241858369833,-1.4772890277778,2.02797103159991,-0.550682003822089,-2759.65409474299,5923.02039944677,-3163.36630470377
0.517319326162443,-1.51312854983755,2.01443435000912,-0.501305800171547,-2886.61995720875,5927.19171613805,-3040.57175892931
0.517438079454152,-1.56631522054031,1.9913729034023,-0.425057682861969,-3077.88351245814,5926.76746958428,-2848.88395712615
0.517592078164205,-1.63202422439491,1.95735011925222,-0.325325894857279,-3319.47008500249,5913.9365639219,-2594.4664789194
0.517811357080371,-1.71893640053757,1.90104468071312,-0.182108280175521,-3649.82987228525,5871.824226316,-2221.99435403075
0.517927229180481,-1.7616308441581,1.86761254515498,-0.105981700996846,-3817.63777246973,5838.2955644633,-2020.65779199358
0.517975447095814,-1.77871767989125,1.85296523529747,-0.0742475554061859,-3886.00873551409,5822.05717344955,-1936.04843793546
0.518059140746662,-1.80740185656211,1.82653662415217,-0.0191347675900215,-4002.54447194333,5790.70351171566,-1788.15903977234
0.518142834397509,-1.83483724066949,1.79884571476296,0.0359915259065712,-4116.31428932174,5755.34586136503,-1639.03157204329
0.518227448088423,-1.86128635107542,1.76958616676658,0.0917001843088767,-4228.44642619053,5715.55396514788,-1487.10753895735
0.518362429623807,-1.90074624680625,1.72033814136007,0.180408105446217,-4401.09019616955,5643.73930299606,-1242.64910682651
0.51849741115919,-1.93679340678194,1.66799731421569,0.268796092566286,-4565.83524827541,5561.77881950881,-995.943571233401
0.518688500660917,-1.98185045297465,1.58881847270306,0.393031980271628,-4784.91851751143,5428.73326273098,-643.814745219553
0.518802333809254,-2.00532392175355,1.53889093626978,0.46643298548381,-4907.35597027109,5340.11556784984,-432.759597578749
0.51885443742127,-2.01521763588282,1.51537266509198,0.499844970790876,-4961.32836985862,5297.25900794645,-335.930638087835
0.518923946824377,-2.02757511347381,1.4833689124318,0.544206201042047,-5031.2553512052,5237.88100618429,-206.625654979083
0.519029307303017,-2.04446079716902,1.43352056817598,0.610940228993072,-5132.65686027942,5143.13462305687,-10.4777627774515
0.519187532997049,-2.06560606602828,1.3557461820286,0.709859883999719,-5274.32257099239,4990.33515019597,283.987420796422
0.519416757746328,-2.08717898238959,1.23724045585971,0.849938526529917,-5456.31927932345,4747.33713026698,708.98214905647
0.519573746210775,-2.09573378111144,1.15230154676368,0.9434322343478,-5564.7931128612,4566.56362024619,998.22949261501
0.519653583115487,-2.09813439895271,1.10800047012844,0.990133928824305,-5614.81125875772,4470.30652050921,1144.50473824851
0.519770304464904,-2.09927010785421,1.04199664752709,1.05727346032716,-5681.56609328231,4324.55756785961,1357.0085254227
0.519887025814322,-2.09758643402705,0.974593670641626,1.12299276338546,-5740.68875551608,4172.99781220259,1567.69094331349
0.520031554945115,-2.09159940933993,0.889337460394864,1.20226194894511,-5803.19916176344,3977.60339915653,1825.59576260691
0.520176084075909,-2.08130677371473,0.802248130619523,1.27905864309524,-5853.76534262049,3774.01190864333,2079.75343397716
0.520320613206702,-2.06672966301024,0.713504285224284,1.353225377786,-5892.28380357197,3562.64101656426,2329.64278700772
0.520511555701173,-2.04096044724869,0.594068394984622,1.4468920522641,-5924.55966886717,3272.28579254659,2652.27387632058
0.520767519113186,-1.99495844601679,0.430769030755311,1.56418941526152,-5934.44668058399,2865.00497324153,3069.44170734246
0.521013983325592,-1.93849804391893,0.270877050819038,1.66762099309993,-5907.8212178467,2455.31039235854,3452.51082548816
0.521191125439647,-1.89071086897792,0.154831781602566,1.7358790873754,-5866.83814185168,2151.45347492235,3715.38466692934
0.521307365103351,-1.85615568919488,0.0783749186516266,1.77778077054329,-5830.06684634079,1948.31824440077,3881.74860194002
0.52137033214349,-1.83639883269098,0.0369024596066224,1.79949637308439,-5806.89667995485,1837.16192808439,3969.73475187046
0.52146334455665,-1.80590735378204,-0.0243727545912106,1.83028010837329,-5768.5226526238,1671.68418356194,4096.83846906186
0.521592730857772,-1.76094351267322,-0.109550567663246,1.8704940803365,-5706.97564997645,1439.18877792312,4267.78687205333
0.521722117158894,-1.7130752133667,-0.194546114520748,1.90762132788749,-5636.01234903722,1204.319627881,4431.69272115622
0.521851503460017,-1.66238064372784,-0.279220850541999,1.94160149426987,-5555.74925200562,967.459910482205,4588.28934152342
0.522049800118766,-1.57942562509044,-0.408000423858855,1.98742604894933,-5415.054544914,601.625480325894,4813.4290645881
0.522165993662015,-1.52793089828982,-0.482791308351819,2.01072220664167,-5322.79014941297,385.987552057132,4936.80259735584
0.522258730998357,-1.48536556576797,-0.54203268096781,2.0273982467358,-5244.05468720801,213.482293637297,5030.57239357071
0.522351468334699,-1.44154216732016,-0.600812550154128,2.04235471747432,-5160.87404108269,40.7999739074511,5120.07406717524
0.522444205671041,-1.3964976378651,-0.659081521194188,2.05557915905931,-5073.3185298668,-131.914134801111,5205.23266466791
0.522580072458966,-1.32838981871332,-0.743410897719519,2.07180071643286,-4937.32198959859,-384.664436415319,5321.98642601391
0.522793235816025,-1.2167664622239,-0.872869318952069,2.089635781176,-4706.06673990194,-779.435506372211,5485.50224627415
0.522936198879481,-1.13879028248503,-0.957574437579397,2.09636472006445,-4539.03895048597,-1042.46189444066,5581.50084492664
0.522978262843635,-1.1153942236733,-0.982147405477826,2.09754162915115,-4488.11796066712,-1119.50738160728,5607.6253422744
0.523049961752376,-1.07507406750073,-1.02362940216606,2.09870346966681,-4399.53245005613,-1250.35805397898,5649.89050403511
0.523166914249572,-1.00815804802402,-1.09015721627812,2.09831526430216,-4250.29719573382,-1462.36679344522,5712.66398917904
0.523250272549042,-0.959624596606289,-1.13668648586344,2.09631108246975,-4140.40961259788,-1612.30207508645,5752.71168768433
0.523358631037277,-0.895563847057209,-1.1959956234695,2.09155947052673,-3993.3498944448,-1805.52035742017,5798.87025186498
0.523422081014297,-0.857561880239491,-1.23009036180787,2.08765224204738,-3905.06961282756,-1917.71922482048,5822.78883764805
0.523527212225823,-0.793862997910437,-1.28549282273641,2.07935582064686,-3755.42214692757,-2101.89998063584,5857.32212756341
0.523663594766665,-0.709964411840505,-1.35525588361433,2.06522029545484,-3555.25000706373,-2337.34946160121,5892.59946866494
0.523869728688863,-0.580794054644367,-1.4558956180527,2.03668967269707,-3240.59390581215,-2684.79399477212,5925.38790058427
0.524140194125795,-0.407814094681424,-1.57855789717562,1.98637199185705,-2807.64751414776,-3123.14565096242,5930.79316511017
0.524410659562727,-0.231912622512654,-1.68984041305652,1.92175303556918,-2354.53696272691,-3538.98900105092,5893.52596377782
0.524557219032025,-0.135722517230511,-1.745162307042,1.88088482427251,-2101.46798975301,-3754.08459601063,5855.55258576364
0.524703778501323,-0.0392549629003835,-1.79678066051114,1.83603562341153,-1843.9720988465,-3961.20532993626,5805.17742878276
0.524850337970621,0.0572856481690338,-1.8445866570477,1.78730100887866,-1582.59523927841,-4159.91326971759,5742.50850899599
0.524907009547795,0.0946061453191035,-1.86203533231373,1.76742918699462,-1480.56480080187,-4234.43275687777,5714.99755767964
0.524988678556333,0.148325766818511,-1.88613780828746,1.73781204146894,-1332.73084135781,-4339.44179059991,5672.17263195772
0.525197170620751,0.284851486983739,-1.9419669103077,1.65711542332396,-951.827386004702,-4594.24694208179,5546.07432808649
0.525399033756224,0.415862256622533,-1.98808666421527,1.57222440759273,-579.179741279755,-4822.17887118954,5401.35861246929
0.525507436831604,0.485597886567866,-2.0095805520375,1.52398266546962,-377.900434914969,-4936.70758878411,5314.60802369908
0.525580528411637,0.532308083436526,-2.02275994100742,1.49045185757088,-241.914793189017,-5010.71132092621,5252.62611411523
0.525685670123543,0.598990377472273,-2.03984281706263,1.44085243959034,-46.1281656082087,-5112.50331105068,5158.63147665889
0.525815507214234,0.680411438658959,-2.05786210350134,1.37745066484236,195.649818327233,-5230.4760057367,5034.82618740947
0.526015574722121,0.803554249784482,-2.0789074756376,1.2753532258531,567.258165390835,-5395.09254625517,4827.83438086434
0.526207903991519,0.918944160849097,-2.09140231625715,1.17245815540803,922.383268576084,-5533.27336635639,4610.89009778031
0.526312719568531,0.980473917363224,-2.09500400791363,1.11453009055038,1114.67618273009,-5600.14593664496,4485.46975391487
0.526396129572234,1.02868200041288,-2.09624667476112,1.06756467434821,1266.84687770279,-5649.02557533061,4382.17869762782
0.526479539575937,1.07618037083142,-2.09604928565566,1.01986891482421,1418.13733940747,-5694.02134803433,4275.88400862685
0.526596363994091,1.14144578397199,-2.09335289773566,0.951907113763643,1628.33871321122,-5750.4512307182,4122.11251750698
0.526713188412246,1.20516980736602,-2.08783653573591,0.882666728369862,1836.33410081996,-5799.13158216869,3962.79748134873
0.526794469813823,1.24855790814231,-2.08233812841187,0.833780220269535,1979.61965627525,-5828.39925023357,3848.77959395832
0.526875751215401,1.29113013903447,-2.07548156575759,0.784351426723092,2121.6087804427,-5853.86397061761,3732.25519017491
0.52700123745119,1.35517869848479,-2.06224172994659,0.707063031461774,2338.02406015109,-5885.66762658045,3547.64356642936
0.527208692105418,1.45634408714562,-2.0333486327796,0.577004545633947,2687.49010932612,-5918.15063495245,3230.66052562633
0.527323493115524,1.50972131374058,-2.01363138539717,0.50391007165656,2876.15519428773,-5925.33928231352,3049.18408802579
0.52743829412563,1.56113212105581,-1.99129453354248,0.430162412486642,3061.07021432415,-5924.81800478283,2863.74779045868
0.527553095135737,1.610508574789,-1.96636748292197,0.355858908132942,3241.99077780502,-5916.58697757692,2674.5961997719
0.527735709140242,1.68467784198573,-1.92147457200677,0.236796730021005,3520.88155302745,-5887.6504192406,2366.76886621315
0.527914284839316,1.75184220095064,-1.87145993904343,0.119617738092756,3782.38891130838,-5840.6213322704,2058.23242096203
0.528001585326477,1.78269731096544,-1.84484358639712,0.0621462754316423,3906.00621010486,-5810.91830509072,1904.91209498586
0.528089707778468,1.81247980051168,-1.81656968671399,0.00408988620227041,4027.7961892659,-5776.50050310691,1748.70431384101
0.528177830230459,1.84087042315231,-1.78690375299397,-0.0539666701583833,4146.48920571089,-5737.65321788327,1591.16401217237
0.528268459300387,1.86859428028664,-1.75496585600903,-0.113628424277648,4265.2336402017,-5693.11233752031,1427.87869731861
0.528359088370315,1.89480139427287,-1.7216050698884,-0.173196324384508,4380.51338035606,-5643.95401816058,1263.44063780452
0.528488583212778,1.92956844927445,-1.67152967629987,-0.258038772974627,4539.01105113313,-5565.79389980947,1026.78284867634
0.528703121705343,1.9800820387927,-1.58256478039005,-0.39751725840269,4784.80357098589,-5416.17494453422,631.371373548331
0.528839178342046,2.00748193184134,-1.52236773561442,-0.485114196226962,4929.55011351933,-5308.45407673558,378.903963216241
0.528899422064645,2.01844817269609,-1.49480966205551,-0.523638510640627,4990.79648888363,-5257.63062913751,266.834140253888
0.529005230799257,2.03595057075964,-1.44512622504556,-0.590824345714124,5093.99860819037,-5163.83226819784,69.8336600074754
0.529111039533868,2.05120019756362,-1.39384737973468,-0.657352817828984,5191.55919716181,-5064.32848720306,-127.230709958741
0.529283426211033,2.07117278951945,-1.30705619701455,-0.764116592504941,5338.11281034818,-4890.33191353981,-447.78089680837
0.529531885678439,2.08924314098513,-1.17536342876775,-0.913879712217424,5521.57604832187,-4614.62759022234,-906.948458099533
0.529584960563825,2.09146008358074,-1.14624268663625,-0.945217396944534,5556.48652050901,-4551.96159552931,-1004.5249249797
0.529696671426217,2.09422165227725,-1.08393409218657,-1.01028756009072,5624.87680787673,-4415.9804781373,-1208.89632973943
0.529864805587833,2.09350951589228,-0.987693171612696,-1.10581634427963,5714.67573684128,-4201.18428872469,-1513.49144811659
0.529932513876486,2.09157086998536,-0.948126675903612,-1.1434441940818,5746.35717137663,-4111.30253813739,-1635.05463323924
0.530000222165139,2.08868478227573,-0.908131586766189,-1.18055319550958,5775.43374980418,-4019.56036997604,-1755.87337982814
0.530110203499714,2.08198177278777,-0.842307254416641,-1.23967451837117,5817.0738494253,-3866.70102168399,-1950.37282774131
0.53022018483429,2.07279106865268,-0.775478361252144,-1.29731270740058,5851.75956157318,-3709.22616026626,-2142.53340130692
0.53036783243568,2.05656325094043,-0.684335583884193,-1.37222766705629,5887.31470646902,-3490.92509049498,-2396.38961597404
0.530584945336003,2.02468312801945,-0.547753334851382,-1.47692979316812,5916.54579840531,-3156.56017842074,-2759.98561998458
0.530864242119537,1.96987294829114,-0.368495978014192,-1.601376970277,5913.67850118751,-2705.33307224365,-3208.34542894386
0.531086247763941,1.91544655198835,-0.22384654078178,-1.69160001120661,5878.93706181015,-2331.47422631865,-3547.46283549149
0.531247192178357,1.87012749195116,-0.11821123254491,-1.75191625940629,5835.84049107436,-2053.12104269914,-3782.71944837522
0.531337482500054,1.84259183344468,-0.0587811096659513,-1.78381072377877,5805.10518590778,-1894.56865449288,-3910.5365314149
0.531458063628497,1.80351393250827,0.0206378846476612,-1.82415181715598,5756.7735472354,-1680.50519120233,-4076.26835603307
0.531578644756941,1.76184685138661,0.10002382120121,-1.86187067258786,5700.17075487743,-1464.03725278573,-4236.1335020917
0.531699225885384,1.71764946612462,0.179265397854845,-1.8969148639795,5635.37801982581,-1245.46900718659,-4389.90901263923
0.531819807013828,1.6709850599211,0.258249384088638,-1.92923444400978,5562.48855684818,-1025.11303514827,-4537.3755216999
0.532008029517019,1.59339972450772,0.380713129305363,-1.97411285381312,5432.82783242943,-678.447608177731,-4754.3802242517
0.53214738796294,1.53233328474955,0.470574581950642,-2.00290786670022,5324.5271986036,-420.11448135108,-4904.41271725252
0.532208215271681,1.50474130777992,0.509537693406539,-2.01427900118649,5274.02395247675,-307.037566285156,-4966.98638619159
0.532291578110986,1.46603894286973,0.562625300914186,-2.02866424378395,5201.68663809778,-151.908956882937,-5049.77768121485
0.53233096211808,1.44740107466437,0.587575879610594,-2.03497695427499,5166.26258100159,-78.5713975789739,-5087.69118342262
0.532402123870751,1.41316656326757,0.632424313190223,-2.04559087645783,5100.25515652293,53.9536399461584,-5154.20879646909
0.532514979417896,1.35743848246834,0.702882337167156,-2.06032081963552,4990.36752728245,264.0145333527,-5254.38206063515
0.5327111381454,1.25659574158963,0.82314126940395,-2.07973701099361,4784.59779554952,628.027231045091,-5412.62502659461
0.532899528858869,1.15524538356677,0.935703230195112,-2.09094861376191,4569.85286590703,975.402470737835,-5545.25533664487
0.532997116018138,1.10110215307604,0.992778030575897,-2.09388018365197,4452.20671290288,1154.17393000316,-5606.38064290603
0.533080936029061,1.05376682125515,1.0410585591488,-2.09482538040397,4347.80464825004,1306.86780623229,-5654.67245448232
0.533164756039984,1.00570098359053,1.08861535351542,-2.09431633710596,4240.38525544516,1458.6503394507,-5699.03559489586
0.533285188387476,0.935435872513797,1.1556048668611,-2.09104073937492,4080.93131249873,1674.90199529187,-5755.8333077906
0.533405620734967,0.86383068994721,1.22093889901662,-2.08476958896385,3915.62950197412,1888.75255943131,-5804.38206140542
0.533526053082458,0.790986757657692,1.28452514760573,-2.07551190526344,3744.71404689375,2099.89973447986,-5844.61378137361
0.533646485429949,0.717008485867366,1.3462724581174,-2.06328094398478,3568.42999234469,2308.0408085482,-5876.47080089289
0.533837774039594,0.597479263769176,1.44031612263797,-2.03779538640716,3278.12822410637,2631.60919054584,-5909.73741465221
0.534105071038031,0.427036699562484,1.5628697840512,-1.98990648361369,2853.13861767229,3067.31903182077,-5920.45764949305
0.534372368036467,0.25358356518534,1.67441406971888,-1.92799763490422,2408.0549593728,3481.42894242271,-5889.48390179551
0.534523266918519,0.154695708264185,1.7322845552504,-1.88698026351459,2148.83539112233,3704.79014115101,-5853.62553227334
0.534647002205853,0.0733297287695484,1.77684173655885,-1.8501714653284,1932.61900043737,3881.76720860759,-5814.38620904496
0.534770737493187,-0.00814389009613896,1.81870994219967,-1.81056605210353,1713.4863845589,4052.86372712944,-5766.35011168834
0.53489447278052,-0.0896041992662722,1.85782764287355,-1.76822344360727,1491.76366860754,4217.8271609527,-5709.59082956023
0.535018208067854,-0.170929627348483,1.89413682809732,-1.72320720074883,1267.7823356013,4376.41226432603,-5644.19459992733
0.535141943355188,-0.251997823475737,1.92758301101352,-1.67558518753778,1041.87965501723,4528.38085127474,-5570.26050629198
0.5353265963704,-0.372195870947168,1.97204827396304,-1.59985240301586,702.035865894371,4742.30119362064,-5444.33705951501
0.53546511185334,-0.461585894211459,2.00106346381672,-1.53947756960525,445.419748730969,4892.37423433694,-5337.7939830679
0.535533724006632,-0.505565036199495,2.01403964477637,-1.50847460857686,317.92380791648,4963.31835710311,-5281.24216501959
0.535650517956037,-0.579863198897642,2.03396755124784,-1.45410435235019,100.624844001752,5078.73389526605,-5179.3587392678
0.535767311905442,-0.653379343077822,2.0511555733202,-1.39777623024236,-116.80774297635,5187.30470010028,-5070.49695712393
0.535943499041825,-0.762554223104541,2.07184479673922,-1.30929057363466,-444.331609729878,5337.77986177164,-4893.44825204176
0.536191622379578,-0.91219196994071,2.09019655539825,-1.17800458545751,-902.816008236783,5521.7777654004,-4618.96175716362
0.53628029166032,-0.964426499752152,2.09368654580299,-1.12926004605081,-1065.65043314789,5579.52049451981,-4513.87006137192
0.536361198246539,-1.01143452366962,2.09545224229533,-1.08401771862569,-1213.50732983008,5628.42554604974,-4414.91821621965
0.536477219686665,-1.07768628794646,2.09561978115887,-1.01793349321238,-1424.11286708819,5692.18602095369,-4268.0731538655
0.536593241126791,-1.14250518429704,2.0930021697205,-0.950496985423436,-1632.82429995823,5748.37807961675,-4115.55377965852
0.536709262566918,-1.20580697840227,2.08760310638655,-0.881796127984255,-1839.37007563672,5796.92956054683,-3957.55948491011
0.536825284007044,-1.26750766688878,2.07942978159837,-0.811922114709557,-2043.47603064158,5837.77618795044,-3794.30015730886
0.53694130544717,-1.32752513065243,2.06849303962309,-0.740967908970622,-2244.87050264353,5870.86358726881,-3625.99308462529
0.53712405430348,-1.41842344049424,2.04570521518596,-0.627281774691684,-2555.84308023285,5907.13090567576,-3351.28782544292
0.537215978909993,-1.46241897740179,2.03168294638014,-0.569263968978314,-2709.21925519154,5918.02625564471,-3208.80700045317
0.537282092114143,-1.49331138254352,2.02054838860934,-0.527237006065777,-2818.14798597726,5922.80941350585,-3104.6614275286
0.53740783629417,-1.55026627203574,1.99697310085954,-0.446706828823764,-3021.88923893809,5924.84816931775,-2902.95893037966
0.537533580474197,-1.60480092028368,1.97028123580006,-0.365480315516335,-3220.91199378611,5917.63715242652,-2696.72515864041
0.537719540509523,-1.68081364384812,1.92519703275502,-0.244383388906865,-3505.85748919109,5890.0578786295,-2384.20038943841
0.537875689493213,-1.74023403099438,1.88225235019334,-0.142018319198923,-3735.97216610059,5851.36644980348,-2115.39428370289
0.537964428145591,-1.77215719951707,1.85581290157679,-0.0836557020596703,-3862.82092333589,5823.08721604666,-1960.26629271077
0.53808610706256,-1.81367999259959,1.81722266087102,-0.00354266827138638,-4031.8316472649,5776.95898179194,-1745.12733452704
0.538207785979529,-1.85255193055544,1.77597686962905,0.0765750609264405,-4194.94889735295,5722.3859999347,-1527.43710258175
0.538354218692591,-1.89573321799369,1.72291007000492,0.172823147988819,-4383.08290641608,5645.63703634898,-1262.5541299329
0.538500651405653,-1.93490396686779,1.66619666083687,0.268707306030962,-4561.94656720732,5556.93891973881,-994.992352531492
0.53869264086884,-1.98003516203758,1.58653607045586,0.393499091581764,-4781.72517647748,5422.89555926058,-641.170382783105
0.538822011097667,-2.00640666508281,1.52956427309156,0.476842391991291,-4920.12003921625,5321.38126589308,-401.261226676835
0.538887532857994,-2.01850458312993,1.49973222226484,0.518772360865144,-4987.14403311209,5266.58820310563,-279.444169993537
0.538985076193853,-2.03492634092856,1.45415230744468,0.580774033483932,-5082.98675066021,5180.89670431169,-97.9099536514759
0.539107359027364,-2.05280953386718,1.39509414865702,0.65771538521021,-5196.37069988386,5066.61740637693,129.753293506928
0.53930279042618,-2.0750821539074,1.29650704817298,0.778575105734471,-5361.53297503917,4868.59996755298,492.933007486185
0.539501601679631,-2.08971819720799,1.19120838729358,0.898509809914463,-5508.82615841873,4648.35126121032,860.474897208413
0.539604320833308,-2.09409479443963,1.13492466018714,0.959170134252551,-5576.5922605409,4527.32828303507,1049.26397750583
0.53967646067465,-2.09586499094783,1.09468283103009,1.00118215991779,-5620.71962905388,4439.49833195386,1181.22129710002
0.53978187836831,-2.09651485269771,1.03487942465787,1.0616354280399,-5679.99450396122,4307.07822093355,1372.91628302768
0.539914326727071,-2.09407189965966,0.958149630377718,1.135922269282,-5745.62079725766,4134.04326219848,1611.57753505918
0.540046775085833,-2.08800381823285,0.879760539363583,1.20824327886932,-5801.30098752054,3953.84851830693,1847.4524692136
0.540179223444594,-2.07832112460697,0.799846781126969,1.27847434348005,-5846.93988746683,3766.80371808319,2080.13616938364
0.540311671803355,-2.06504051815824,0.718546938698923,1.34649357945937,-5882.45806421013,3573.23318036007,2309.22488385007
0.540503057406136,-2.03955014959076,0.598946934383925,1.44060321520688,-5915.77237646672,3282.77905323239,2632.99332323433
0.540765032046851,-1.99275812030905,0.431903250686222,1.56085486962288,-5926.72249401085,2866.4133537139,3060.30914029695
0.541027006687567,-1.93248861572577,0.261937728330809,1.67055088739501,-5897.61688414965,2430.66926323137,3466.94762091828
0.541185869586097,-1.88951101762231,0.157841070832184,1.73166994679017,-5860.50082526519,2157.99523811329,3702.50558715189
0.541306565019713,-1.85370068814969,0.0784627863957667,1.77523790175398,-5822.53138002541,1947.16209323045,3875.36928679496
0.541351300009807,-1.83974488370963,0.049000865489327,1.79074401822035,-5806.32384932617,1868.2735041736,3938.05034515257
0.541434527033416,-1.81281913139672,-0.00582544721963269,1.81864457861641,-5773.12300052175,1720.55377106165,4052.56922946009
0.541558856384444,-1.77029979296739,-0.087695389705688,1.85799518267313,-5716.1874947567,1497.75698759942,4218.43050715729
0.541721921544472,-1.7104618986349,-0.194828764734004,1.90529066336896,-5628.32648861336,1202.19308120215,4426.13340741121
0.5418849867045,-1.64613683604497,-0.301451490015445,1.94758832606046,-5525.70125244318,903.472268391829,4622.22898405136
0.542091541563358,-1.55850165267547,-0.435305530724201,1.99380718339971,-5374.97650517098,521.875983976503,4853.10052119448
0.54218032213092,-1.51877067937967,-0.492347704786516,2.01111838416623,-5303.1569258704,356.976231862485,4946.18069400792
0.54224067309342,-1.49108445978037,-0.530909389396953,2.02199384917736,-5251.97279567341,244.709057955101,5007.26373771831
0.542332206061778,-1.44807822916518,-0.589019421705306,2.03709765087053,-5170.7527086042,74.3001557582538,5096.45255284595
0.542455887289643,-1.3880796744542,-0.666745715428271,2.05482538988251,-5054.24072242015,-156.001423758905,5210.24214617906
0.542615295668267,-1.30768598531441,-0.765405803160562,2.07309178847502,-4892.87236378201,-452.381767073266,5345.25413085528
0.542838292807384,-1.1898157149476,-0.900092619664825,2.08990833461246,-4646.75192497699,-864.756355737378,5511.50828071437
0.542901036325313,-1.15554293152025,-0.937255989324184,2.09279892084447,-4573.27590541172,-980.214157845493,5553.49006325721
0.543023511467403,-1.08737791972914,-1.00871757146679,2.09609549119597,-4424.79198155326,-1204.39191970403,5629.18390125729
0.543145986609493,-1.01760636646599,-1.07868215037267,2.0962885168387,-4269.76350801261,-1426.77618918454,5696.53969719716
0.543268461751583,-0.946328277572423,-1.14704999429231,2.09337827186476,-4108.41343149035,-1647.04938185782,5755.46281334818
0.543390936893673,-0.873648707326185,-1.2137204301818,2.08736913750801,-3940.97979965173,-1864.88698687567,5805.8667865274
0.543513412035763,-0.799675329064576,-1.27859464945839,2.078269978523,-3767.71073887091,-2079.9661383453,5847.67687721621
0.543635887177854,-0.724517721639273,-1.3415765090553,2.0660942306946,-3588.86297851163,-2291.96808140934,5880.83105992097
0.543815516004088,-0.612411215044437,-1.43030528932441,2.04271650436887,-3317.10075372187,-2596.59076768118,5913.69152140305
0.544067604074357,-0.451962986834961,-1.54702308962798,1.99898607646296,-2918.33339655407,-3009.72521074907,5928.05860730314
0.544373314609108,-0.253787585576772,-1.67543278904904,1.92922037462583,-2410.7544177868,-3484.9775969012,5895.73201468801
0.544521388043261,-0.156710453439418,-1.73223814073493,1.88894859417436,-2156.28592726038,-3704.22267481045,5860.50860207083
0.544669461477414,-0.0592991817768365,-1.78529156198636,1.8445907437632,-1897.16370093481,-3915.43965728679,5812.6033582216
0.54471256754598,-0.0308978902346269,-1.8000201807117,1.83091807094634,-1820.90578235205,-3975.37627032212,5796.28205267417
0.544792216317919,0.0215838217797594,-1.82635991389662,1.80477609211687,-1679.1520977788,-4084.17965759818,5763.33175537698
0.544906964508178,0.0971492853812409,-1.86228619915105,1.76513691376982,-1473.13562327179,-4236.39147651403,5709.52709978583
0.545064678839288,0.200761255930056,-1.90769655378274,1.70693529785269,-1186.97063074447,-4436.53108585153,5623.50171659601
0.545222393170399,0.303879878287144,-1.94842486901584,1.6445449907287,-897.895007179823,-4625.78209430417,5523.67710148399
0.545429978837227,0.438388463045424,-1.99471425533208,1.55632579228666,-514.282205056213,-4857.43502143386,5371.71722649007
0.545484726840203,0.473605192816973,-2.00552677828897,1.531921585472,-412.595202163704,-4915.17849089456,5327.77369305826
0.545598073298568,0.546040729874281,-2.02601694382625,1.47997621395197,-201.766054860025,-5030.054616785,5231.82067164503
0.545711419756933,0.617779766019501,-2.04393656578069,1.42615679976118,9.30703475023893,-5138.54431257824,5129.237277828
0.545859396080486,0.710229304057032,-2.06342421725742,1.35319491320039,284.764747138837,-5270.33251120389,4985.56776406505
0.546075441272616,0.842339751742662,-2.08385100736952,1.24151125562685,685.494018724511,-5442.15238505971,4756.6583663352
0.546236283668566,0.93824501977981,-2.09283822197805,1.15459320219823,981.991317834995,-5553.89038401962,4571.89906618463
0.546339343314251,0.998472206677378,-2.09579129721258,1.09731909053519,1170.76178123342,-5618.07332637012,4447.3115451367
0.546465835446242,1.07094673687371,-2.09641175345231,1.02546501657859,1400.72517608181,-5688.78106078209,4288.05588470028
0.546592327578233,1.1417286015454,-2.09372165991959,0.951993058374178,1628.47084270343,-5750.50304875427,4122.03220605084
0.546718819710224,1.21070760141335,-2.08772548520148,0.87701788378811,1853.64387024796,-5803.14399824722,3949.50012799926
0.546763654461996,1.23471065021492,-2.08480751426932,0.850096864054377,1932.7940432018,-5819.61154855726,3886.81750535547
0.546852746427299,1.28166956848147,-2.07778260391891,0.796113035437425,2088.9002992408,-5848.89886423168,3759.99856499088
0.546972475165128,1.34318049949533,-2.06578063813347,0.722600138638121,2296.06044437958,-5881.03105100487,3584.97060662529
0.54716871033924,1.43980877205928,-2.03980835220646,0.599999580147157,2628.30139302032,-5915.67389968852,3287.3725066682
0.547237240756645,1.47230501965724,-2.02890074029745,0.556595720640181,2742.11341157415,-5922.48961593806,3180.37620436391
0.547313355386501,1.50759506519678,-2.01568414125525,0.508089076058447,2867.0216324628,-5926.83981042019,3059.81817795738
0.547436299134611,1.5627577134969,-1.99190879330991,0.429151079812984,3065.24896436046,-5926.70561712894,2861.45665276847
0.547559242882721,1.61558832107971,-1.96516253754655,0.349574216466815,3258.89913697853,-5917.73008711915,2658.83095014062
0.547752774918634,1.69381079203887,-1.91715485961889,0.223344067579987,3553.66595395896,-5885.74062920728,2332.07467524832
0.547921687746062,1.75698801252306,-1.86945294359483,0.112464931071741,3800.27929423544,-5840.04321103854,2039.7639168031
0.548018439996558,1.79097320405748,-1.83973901200869,0.0487658079511764,3936.8183914727,-5806.44260506303,1869.62421359033
0.54807698958541,1.81073942968984,-1.82092836441166,0.0101889347217918,4017.69319165575,-5783.49846148602,1765.80526983027
0.548167985666259,1.84023741229952,-1.79047595942077,-0.0497614528787841,4140.66257983225,-5743.96074540685,1603.2981655746
0.548230902007781,1.85975596325024,-1.7685620556998,-0.0911939075504728,4223.71705400931,-5713.87400216905,1490.15694815974
0.548344620220903,1.89318102290407,-1.72721254704479,-0.165968475859314,4369.60166442414,-5653.8457803189,1284.24411589476
0.548495207584006,1.93371109022505,-1.66908389357257,-0.264627196652513,4554.13860856101,-5563.28139779,1009.14278922899
0.548707452711475,1.98345172113985,-1.5808782512374,-0.402573469902489,4796.75059620247,-5414.61476463664,617.864168434166
0.548842007806323,2.01044948983775,-1.52126770240456,-0.489181787433228,4939.65987203458,-5307.81567688663,368.155804852057
0.548902888519429,2.02149106295699,-1.49338836803386,-0.528102694923165,5001.45452187301,-5256.35018715408,254.89566528107
0.549008418770252,2.0388727013784,-1.44378236420576,-0.595090337172676,5104.20069621338,-5162.60971224958,58.4090160361966
0.549113949021075,2.05401280622336,-1.39259102580723,-0.66142178041617,5201.33144755876,-5063.19695966241,-138.134487896355
0.549287002050608,2.07394086275795,-1.30538618251438,-0.768554680243617,5348.14282023467,-4888.23924837015,-459.90357186452
0.549536427859845,2.09186244730342,-1.17305319514735,-0.918809252156107,5531.75086511858,-4610.9710337919,-920.77983132668
0.549576849746378,2.09356412836794,-1.15088109512552,-0.942683033242453,5558.37588080367,-4563.27174863235,-995.104132171319
0.549672553714128,2.09624501042923,-1.09766454947334,-0.99858046095593,5617.81431533598,-4447.44246446261,-1170.37185087337
0.549834965224203,2.09645649142151,-1.00514223003271,-1.09131426138883,5706.99795318588,-4241.80460778142,-1465.19334540446
0.549936226767184,2.09382628787915,-0.946102267138294,-1.1477240207409,5755.10959031495,-4107.93788670396,-1647.17170361098
0.550037488310165,2.08907747208722,-0.88610415373658,-1.20297331835068,5797.39670154087,-3969.91197972426,-1827.48472181661
0.55011039529966,2.08434880350087,-0.842343608798445,-1.24200519470247,5824.21404175424,-3868.02986178994,-1956.1841799643
0.550204451968729,2.07663401604393,-0.785242967012197,-1.29139104903177,5854.29149819237,-3733.61137106952,-2120.68012712285
0.550340242757386,2.06230239518184,-0.701624042215211,-1.36067835296667,5888.68439694604,-3533.8643301898,-2354.82006675625
0.550551766616209,2.03252827757327,-0.568942776926174,-1.46358550064713,5920.88611849634,-3210.19357846858,-2710.69254002776
0.550827703133252,1.98026249256176,-0.392274578233514,-1.58798791432828,5923.63801968312,-2767.16090832644,-3156.47711135668
0.551103639650294,1.91314563464612,-0.212666675190433,-1.70047895945572,5881.98818999658,-2303.39901729275,-3578.58917270383
0.551231831474479,1.87700931907811,-0.128499276369831,-1.74851004270832,5847.57243411756,-2081.59327053429,-3765.97916358327
0.551354447247469,1.83959716030605,-0.0478013121514181,-1.79179584815466,5805.77484411785,-1866.28359165597,-3939.49125246187
0.551477063020459,1.79945789654042,0.0329617979875377,-1.83241969452799,5755.36062917521,-1648.21863244127,-4107.14199673394
0.551599678793449,1.75665031509091,0.11367329846241,-1.87032361355336,5696.40546211874,-1427.71462014122,-4268.69084197752
0.551722294566439,1.71123751589226,0.194214901398749,-1.90545241729104,5628.99726718113,-1205.09529192315,-4423.90197525798
0.551870245765958,1.65307588360878,0.29099106382444,-1.94406694743325,5536.56261065433,-934.163069163902,-4602.39954149043
0.552088522493468,1.56082968157572,0.432495570663464,-1.99332525223921,5378.49400372022,-531.119722762289,-4847.37428095793
0.552156084493526,1.53074611082267,0.475950022021767,-2.00669613284446,5324.36701125431,-405.669786148305,-4918.69722510601
0.552281642839506,1.47303155140107,0.556101044380171,-2.02913259578127,5217.44756442886,-172.149541406216,-5045.29802302264
0.552407201185486,1.41302897311116,0.635382110148707,-2.04841108325989,5102.41486268819,61.6247057590959,-5164.03956844729
0.552532759531466,1.35082938552315,0.713673598709914,-2.06450298423309,4979.44425034433,295.29966957531,-5274.74391991964
0.552711788724492,1.25855838567274,0.823324833712361,-2.08188321938512,4790.8105577449,627.507614938266,-5418.31817268317
0.552907311801521,1.1532666634873,0.940076111060372,-2.09334277454769,4567.54904019226,987.967721235003,-5555.51676142726
0.552987760170482,1.10863104338654,0.987139269161337,-2.0957703125479,4470.57761165127,1135.36840530339,-5605.94601695466
0.553034966980385,1.08210652619208,1.01446488738692,-2.09657141357902,4412.33856446625,1221.53357233171,-5633.87213679796
0.553146134070165,1.0187273218957,1.07790832830874,-2.09663565020446,4271.40768363741,1423.30597495858,-5694.71365859599
0.553257301159945,0.954109232667206,1.14003355174742,-2.09414278441464,4125.27294318004,1623.3308914629,-5748.60383464294
0.553368468249726,0.888328356641571,1.20076776918908,-2.08909612583067,3974.10706405845,1821.37356136864,-5795.48062542709
0.553479635339506,0.821464783491969,1.26003707395981,-2.08150185745179,3818.0942566667,2017.19290531185,-5835.28716197855
0.553590802429286,0.753600269564932,1.31776896649745,-2.07136923606239,3657.42534365635,2210.54938007229,-5867.97472372864
0.553760032156385,0.648584562702582,1.40252043470508,-2.05110499740767,3404.41517530369,2499.55626028039,-5903.97143558408
0.554004581999697,0.49375846425242,1.51786535585748,-2.01162382010991,3022.21727692924,2904.27935462845,-5926.49663155769
0.55430471347474,0.299974095858958,1.64705245474663,-1.94702655060559,2529.34634897083,3377.08434790169,-5906.43069687252
0.554477985568121,0.186650204674638,1.71512992651463,-1.90178013118926,2233.97683668422,3636.96321730734,-5870.94005399156
0.554620378030948,0.0930800900137626,1.76728780105529,-1.86036789106905,1986.21568169752,3842.52516978418,-5828.7408514817
0.554707994021023,0.0353909186380993,1.79763490153905,-1.83302582017715,1831.72975135944,3965.23342827445,-5796.96317963389
0.554795610011099,-0.0223213527305684,1.82661738691788,-1.80429603418731,1675.86387280812,4084.92689539082,-5760.79076819894
0.554915787958395,-0.101432982874792,1.86410890320856,-1.76267592033376,1460.06221185617,4244.0229822236,-5704.08519407976
0.555035965905691,-0.180396914177181,1.89894160617349,-1.7185446919963,1242.18578005414,4397.06152353748,-5639.24730359162
0.555156143852987,-0.259102089385754,1.9310666773777,-1.67196458799193,1022.54136016977,4543.82778587495,-5566.36914604472
0.555345514420333,-0.382280410142961,1.97606638359777,-1.5937859734548,673.735040808866,4761.78494001821,-5435.51998082708
0.555471272010346,-0.463386288777598,2.00210477494364,-1.53871848616603,440.629817442184,4897.30730168166,-5337.93711912384
0.555528167239341,-0.499859188863916,2.01286331171567,-1.51300412285174,334.89379291558,4956.13531951934,-5291.02911243492
0.55561641747173,-0.556104440406674,2.02827440045462,-1.47216996004793,170.708217657202,5044.22911652037,-5214.93733417757
0.55570466770412,-0.611919613447071,2.04212511616577,-1.43020550271868,6.39779440235861,5128.43911217912,-5134.83690658148
0.555847500939485,-0.701219627555488,2.06120609961976,-1.35998647206426,-259.432300696463,5256.31784179069,-4996.88554109423
0.556070051384198,-0.837405970303463,2.08264021626911,-1.24523424596562,-672.167887245749,5434.29145605899,-4762.12356881324
0.556242836240796,-0.940381489042429,2.09227292002296,-1.15189143098051,-990.542294828568,5554.24109308572,-4563.69879825716
0.556310792922196,-0.980160657843189,2.09437534262628,-1.11421468478306,-1115.07801006588,5596.97616470063,-4481.89815463475
0.556351109060928,-1.0035495374501,2.09517099408936,-1.09162145663924,-1188.72241599248,5621.12263543656,-4432.40021944408
0.556458277436455,-1.06491605631293,2.09565014240801,-1.03073408609506,-1383.48537257349,5680.89748939143,-4297.41211681794
0.556592999965024,-1.14032514788382,2.09288105486632,-0.952555906982478,-1626.02836443888,5746.87920670468,-4120.8508422658
0.556727722493593,-1.21368848437544,2.08636203841607,-0.8726735540406,-1865.6505732386,5802.56051224714,-3936.90993900853
0.556862445022162,-1.28487611915229,2.07610482344662,-0.791228704294297,-2101.92734283587,5847.84336888776,-3745.9160260519
0.556997167550731,-1.35376010987311,2.06212773509017,-0.708367625217034,-2334.43406681532,5882.64615807322,-3548.21209125791
0.557196025248564,-1.45092981741361,2.03476286675934,-0.583833049345696,-2669.73243112885,5914.72793879078,-3244.99550766194
0.557287361959306,-1.49370972093041,2.01951773634024,-0.525808015409801,-2820.40955738972,5921.73887626973,-3101.32931888001
0.557405506229881,-1.54720717221337,1.9973346798394,-0.450127507626,-3011.81831680371,5923.5672228623,-2911.74890605859
0.557523650500457,-1.59856959784767,1.97239942851297,-0.373829830665262,-3199.06730017981,5917.22909078306,-2718.16179060325
0.557699650225794,-1.67095398033382,1.93023580186902,-0.25928182153516,-3469.67316464189,5892.67436906471,-2423.00120442282
0.5578747434053,-1.73789342567099,1.88243447855894,-0.144541052887911,-3728.35141949064,5850.37071925651,-2122.01929976587
0.557943319269797,-1.76270137561365,1.86214189379113,-0.0994405181774445,-3826.68362443379,5828.95908165901,-2002.27545722523
0.557997195138173,-1.78161709212205,1.8455921284839,-0.0639750363618055,-3902.69043964169,5810.23657199914,-1907.54613235745
0.558109270122427,-1.81931592654327,1.8094815377584,0.00983438878491521,-4057.16189238283,5765.96491187038,-1708.80301948756
0.558253783940215,-1.86457957986454,1.75962150255715,0.104958077307425,-4248.85072154241,5698.34079373602,-1449.49007219361
0.558398297758003,-1.9059970558562,1.70613413282421,0.199862923032042,-4431.77357507663,5618.96742076879,-1187.19384569216
0.558542811575791,-1.94348392063629,1.64912877537029,0.294355145266043,-4605.55732272479,5528.00746598934,-922.450143264556
0.558748288713442,-1.98984838109156,1.56228226324865,0.427566117842949,-4836.13113077725,5379.15670129671,-543.025570519459
0.558806937479253,-2.00157821598901,1.53626404349153,0.465314172497524,-4898.3356811495,5332.49623321396,-434.160552064459
0.558922992069535,-2.02277504427653,1.48326128620084,0.539513758075734,-5016.46950113693,5234.85973980959,-218.390238672656
0.559039046659816,-2.04127929866693,1.42828827083876,0.612991027828218,-5127.92120377046,5130.26311083592,-2.3419070654536
0.55919322125609,-2.061653616126,1.35234673676877,0.709306879357268,-5265.37942283098,4980.80667039266,284.572752438321
0.559415422549475,-2.08248421790741,1.2374122566402,0.845071961267262,-5441.59447301493,4745.04594951155,696.54852350338
0.559571695966695,-2.09106603033373,1.15289806055049,0.938167969783286,-5549.7446678122,4565.24418064573,984.500487166469
0.559639270236803,-2.09321733117367,1.11546454772053,0.977752783453195,-5592.39828654411,4484.02676817454,1108.37151836957
0.559726031920202,-2.09459401664677,1.06667176527433,1.02792225137249,-5643.45302329431,4376.7972431141,1266.65578018022
0.5598127936036,-2.09441271197951,1.01708738140865,1.0773253305709,-5690.30742987092,4266.3152673053,1423.99216256562
0.559910296411014,-2.09235024352381,0.96046614042094,1.13188410310292,-5737.90745603052,4138.37814449964,1599.52931153087
0.560044956175558,-2.08627221439911,0.880807488119787,1.20546472627937,-5794.76849153866,3955.34809551274,1839.42039602593
0.560179615940102,-2.07645780591333,0.799571981460405,1.27688582445297,-5841.25073673768,3765.23529663256,2076.01544010511
0.560314275704647,-2.0629245003446,0.716903832436974,1.34602066790768,-5877.27199370976,3568.3774431662,2308.89455054357
0.560506884525922,-2.03716057708075,0.596504601272349,1.44065597580845,-5910.47806266969,3275.88141864496,2634.59664402474
0.560768855580363,-1.99018978845662,0.429417844070688,1.56077194438598,-5920.89732256457,2859.24569151539,3061.65163104918
0.561030826634803,-1.92974727114857,0.259425695726617,1.670321575422,-5891.26330782797,2423.27334031169,3467.98996751627
0.561187837939494,-1.88719633268429,0.15653455436246,1.73066177832187,-5854.34882748565,2153.68681801381,3700.66200947184
0.561308381456325,-1.85139819613393,0.0772559728835238,1.77414222325045,-5816.32100595595,1943.08528028357,3873.23572567237
0.56136619142149,-1.83328061087455,0.0391828073839328,1.79409780349066,-5795.11215125598,1841.05874658554,3954.05340467044
0.561448042498023,-1.80659701956805,-0.0147372519595435,1.82133427152763,-5761.81312419137,1695.58524401258,4066.22788017879
0.561576046146897,-1.7624847561655,-0.0990125736318879,1.86149732979743,-5702.10928499174,1465.91162598125,4236.1976590105
0.561704049795771,-1.71552046474339,-0.183126738562635,1.89864720330607,-5633.17600879576,1233.86734246584,4399.30866632991
0.561832053444645,-1.66577897354302,-0.266946113942575,1.93272508748563,-5555.12384101174,999.821443673332,4555.3023973384
0.56202445666011,-1.58599324677913,-0.392038694263196,1.97803194104237,-5420.97927973034,645.21940280984,4775.7598769205
0.562130765079897,-1.53938182731204,-0.460604066792602,1.99998589410467,-5338.29100817612,448.101106127986,4890.18990204814
0.562159311413294,-1.52656770270382,-0.478935338031547,2.0055030407354,-5315.06273092622,395.063487120979,4919.99924380524
0.56225516814907,-1.48265233910777,-0.540189811640506,2.02284215074831,-5233.95503136685,216.787493388864,5017.16753797798
0.5623400292119,-1.4426504259773,-0.594009506843107,2.03665993282044,-5158.18322684731,58.7942225631287,5099.38900428418
0.56245089933499,-1.38885029427555,-0.663676682202234,2.05252697647781,-5053.67419407636,-147.653020804935,5201.3272148813
0.562603125260094,-1.31226123887509,-0.757984896406013,2.07024613528113,-4900.23815498727,-430.717002464592,5330.95515745186
0.562823922706589,-1.19593070023855,-0.891581191758644,2.08751189199722,-4657.9614499902,-839.198683589367,5497.16013357957
0.562927089992941,-1.139526930762,-0.952618135743056,2.09214506650508,-4536.9159016647,-1028.9381248463,5565.854026511
0.562982300713427,-1.10884143233948,-0.984879977305453,2.09372140964496,-4470.15932417373,-1130.06196992635,5600.22129410008
0.56309523427053,-1.04505594747912,-1.04992488407849,2.09498083155763,-4329.46237692027,-1335.77878517895,5665.24116209922
0.563208167827632,-0.979955049622792,-1.11364588508716,2.09360093470997,-4183.31291261368,-1539.80860539052,5723.12151800419
0.563357997477048,-0.89170632623302,-1.19599493243982,2.08770125867286,-3981.34229474921,-1807.42168515933,5788.76397990854
0.56343279345188,-0.846884602988291,-1.23613736601851,2.08302196900682,-3877.1505357656,-1939.59917501803,5816.74971078364
0.563507589426711,-0.801594612865861,-1.27559683543971,2.07719144830559,-3770.81509599182,-2070.70506881514,5841.52016480696
0.563618145289247,-0.733854730652006,-1.33261841799167,2.06647314864369,-3609.85821731971,-2262.35484369533,5872.21306101504
0.56381177135258,-0.613178730311012,-1.42853097353563,2.04170970384666,-3317.69808996188,-2591.16054868623,5908.85863864812
0.564079736615397,-0.442619100411509,-1.55240586176989,1.99502496218141,-2893.60323535874,-3029.89751104645,5923.50074640518
0.564347701878215,-0.268918435043162,-1.66529553783799,1.93421397288116,-2449.02281270925,-3447.21313706615,5896.2359497754
0.564518940205132,-0.156741977205814,-1.7313724253971,1.88811440260291,-2155.383060915,-3701.53079545233,5856.91385636734
0.564646360651929,-0.072935341649787,-1.7773115860915,1.85024692774129,-1932.72674274709,-3883.90669192268,5816.63343466977
0.564732360912228,-0.0162891959708919,-1.80671497804163,1.82300417401252,-1780.65287205041,-4003.51091403657,5784.16378608698
0.564818361172527,0.0403676605785795,-1.83479780910847,1.79443014852989,-1627.28076319278,-4120.18653660634,5747.46729979912
0.564913838364272,0.10322979626925,-1.86440370857255,1.7611739123033,-1455.62457733492,-4246.18565221105,5701.81022954597
0.565039081282594,0.185532223119402,-1.90068745576365,1.71515523264425,-1228.51193636267,-4405.6367255457,5634.14866190837
0.565191627860206,0.285366348002576,-1.94089625065913,1.65552990265654,-949.380993741318,-4590.58999485698,5539.9709885983
0.565405711347982,0.42426945526522,-1.98977127597364,1.56550182070841,-554.253066278658,-4832.19979078055,5386.45285705921
0.565477749183092,0.470648351874408,-2.00421781778173,1.53356946590731,-420.530800514352,-4908.70609270763,5329.23689322198
0.565581457492313,0.536978784737996,-2.02320728953783,1.48622850479982,-227.683482986382,-5014.40404643415,5242.08752942053
0.565685165801533,0.602738405928335,-2.04004807805552,1.43730967212717,-34.5961599291545,-5114.77452403927,5149.37068396842
0.565813528823902,0.683231181931004,-2.05788954154841,1.37465835961739,204.404113132711,-5231.46353007667,5027.05941694396
0.566011874971332,0.805334962564895,-2.07886052616088,1.27352556359596,572.7861900507,-5394.92079939126,4822.13460934056
0.566203168897934,0.920151326198106,-2.09144598458315,1.17129465838502,926.007512898673,-5532.75504006036,4606.74752716169
0.566306839392839,0.981048725783017,-2.09511756439617,1.11406883861313,1116.22590544061,-5599.17860146999,4482.95269602938
0.56639108891068,1.029777591354,-2.09646426171973,1.0666866703657,1269.95700824843,-5648.78829754706,4378.83128929863
0.566475338428521,1.07778443639612,-2.09634181167214,1.018557375276,1422.79653014758,-5694.43770987065,4271.64117972308
0.566594466023657,1.14436152699265,-2.09366227620854,0.949300749215862,1637.15896292404,-5752.16068140828,4115.00171848423
0.566713593618793,1.20933726650721,-2.08805044114237,0.87871317463513,1849.23207574259,-5801.82704631016,3952.59497056757
0.56676353695111,1.23608626874464,-2.08482647661545,0.848740207870783,1937.41163417483,-5820.24025653419,3882.82862235936
0.566851476357777,1.28243744422232,-2.07790314588633,0.795465701663975,2091.48944262878,-5849.17211434765,3757.68267171886
0.566979143299753,1.34796822448061,-2.06503281967882,0.71706459519818,2312.2712188265,-5883.21744569063,3570.94622686413
0.567184460671856,1.44872620111531,-2.03739017271581,0.588663971600467,2659.25249517947,-5918.09594131264,3258.84344613317
0.567274965800061,1.49128158247578,-2.02249889951117,0.531217317035357,2808.87780555847,-5925.67160547454,3116.79379991607
0.567326346704107,1.51490930821198,-2.01331545718096,0.49840614896894,2892.8287961178,-5927.8406489455,3035.0118528277
0.567416519692826,1.55541328385902,-1.99593356500808,0.440520281149013,3038.30990842145,-5927.91129079971,2889.60138237825
0.567549089102488,1.6126768362954,-1.96747959121612,0.354802754920682,3247.69871312398,-5919.37826274037,2671.67954961639
0.567759033609902,1.69756924410749,-1.91548175316717,0.217912509059637,3567.50639533663,-5884.89628663637,2317.38989129974
0.567912575472324,1.75502799049631,-1.87215392928017,0.117125938783825,3791.7473185284,-5843.46432962944,2051.71701110104
0.568017984631961,1.79213128584581,-1.83987303961808,0.0477417537722227,3940.66371584337,-5807.13771261441,1866.47399677103
0.568123393791598,1.82726999937343,-1.80557486943485,-0.0216951299386265,4085.25924675062,-5764.44269752077,1679.18345077015
0.568228802951235,1.86040575218078,-1.76929708226112,-0.0911086699197065,4225.3757343309,-5715.42634180163,1490.05060747073
0.568362717071631,1.89955258206549,-1.72042202779961,-0.179130554265923,4396.66482766506,-5644.13227092464,1247.46744325958
0.568496631192028,1.93534041688832,-1.66850275014089,-0.26683766674748,4560.17966918793,-5562.85187571087,1002.67220652294
0.568686963623598,1.98028889673035,-1.58967624596769,-0.390612650762706,4778.57758886755,-5430.47250085248,651.894911984924
0.568816810583189,2.00691502501268,-1.53260336579168,-0.47431165922105,4917.87812176026,-5328.96546828114,411.087346520886
0.568880321266764,2.01872916628252,-1.5037456256231,-0.514983540659466,4983.06683783823,-5276.06289914635,292.996061308114
0.568995126359127,2.03803953696241,-1.4500794641123,-0.587960072850158,5095.83340371713,-5175.13553073489,79.3021270177514
0.56910993145149,2.05470004531057,-1.39452866859292,-0.660171376717696,5201.97189480395,-5067.47955736613,-134.492337437816
0.569285464919439,2.07499715045612,-1.30613741685826,-0.768859733597916,5351.0938979326,-4890.23833821659,-460.85555971601
0.569533403973878,2.09290666920545,-1.17465589445715,-0.918250774748355,5533.85136273188,-4614.85747043446,-918.993892297422
0.569600487376958,2.09558160664075,-1.13778299081412,-0.957798615826686,5577.63683825546,-4535.38481944001,-1042.25201881545
0.569722990663282,2.09806342632927,-1.06917341187149,-1.02889001445784,5651.16855096284,-4385.12147442112,-1266.04707654172
0.569845493949605,2.09743954656163,-0.9989843560404,-1.09845519052128,5716.32965411246,-4228.37220227674,-1487.95745183572
0.56989584154457,2.09628269799485,-0.969695386731735,-1.12658731126317,5740.66785217198,-4162.10473319264,-1578.56311897934
0.569988802531154,2.09276984981458,-0.914991252275848,-1.17777859753879,5781.82261633772,-4037.04022123268,-1744.78239510504
0.570056154864229,2.08910989466413,-0.874864394767896,-1.21424549989628,5808.56386257514,-3944.2654672642,-1864.29839531094
0.570187573333557,2.07928081559142,-0.795473887091616,-1.28380692849986,5853.2373299936,-3758.23561222195,-2095.00171777166
0.570318991802884,2.0659108447969,-0.714729335179467,-1.35118150961749,5887.94060578133,-3565.80566824112,-2322.13493754021
0.570511666847574,2.03996432699284,-0.594224968374841,-1.44573935861805,5920.66983295537,-3272.88978145706,-2647.78005149831
0.570772036656013,1.99308886445917,-0.428097641068399,-1.56499122339082,5930.47885214196,-2858.46429300897,-3072.01455913299
0.571032406464451,1.93290930757014,-0.259113387002515,-1.67379592056767,5900.72084792218,-2424.97015708406,-3475.75069083812
0.571203474637738,1.8862856465077,-0.146989165606955,-1.73929648090079,5859.6876562217,-2130.93878365545,-3728.74887256625
0.571326172924807,1.84947604931959,-0.0662678839367608,-1.78320816538288,5819.82501180807,-1916.1535288949,-3903.67148291317
0.571408841381249,1.82312061634345,-0.0118133095260859,-1.81130730681741,5788.08444270584,-1769.80092878589,-4018.28351391995
0.57149150983769,1.79553719048054,0.0426467629429337,-1.83818395342352,5752.44077403757,-1622.26063619311,-4130.18013784446
0.571579657378115,1.7647939200755,0.100681378999806,-1.86547529907535,5710.16312614159,-1463.74487039469,-4246.4182557469
0.571703873566578,1.71918733188286,0.182309863256175,-1.90149719513908,5643.17280708638,-1238.5219415184,-4404.65086556798
0.57185891546766,1.65861128780788,0.28377497348627,-1.94238626129419,5547.53741043731,-954.848793310807,-4592.6886171265
0.572075071776404,1.56766642477225,0.424004147813941,-1.99167057258623,5392.3809199542,-555.88819581864,-4836.49272413556
0.57215793618703,1.53083768335779,0.477319773000189,-2.00815745635802,5326.22814302628,-402.048353145752,-4924.17978988053
0.572245432949374,1.49082760815165,0.533260447177251,-2.02408805532894,5252.46489514913,-239.325079538313,-5013.13981561082
0.572297025882171,1.46670446233205,0.566061904157311,-2.0327663664894,5207.10373686089,-143.276245401171,-5063.82749145972
0.572348618814967,1.44219668428381,0.598713987556048,-2.0409106718399,5160.37545539708,-47.1916699384898,-5113.18378545859
0.572442940310653,1.39642298846851,0.657988433226563,-2.05441142169511,5071.46245431385,128.462321609234,-5199.92477592309
0.572598629579474,1.318228594842,0.754513431249647,-2.07274202609169,4915.04554909208,418.000973980011,-5333.04652307209
0.57282947628974,1.19660911271133,0.894173607370831,-2.09078272008219,4661.75339966887,845.043011637586,-5506.79641130646
0.572949715173218,1.1306879836891,0.96515240780632,-2.09584039149545,4519.9463880342,1066.00937583658,-5585.95576387078
0.573004430683044,1.10014393043673,0.997009273887912,-2.09715320432468,4453.25471937073,1166.09965209513,-5619.35437146586
0.573088141406754,1.05279419704866,1.04516816356475,-2.09796236061344,4348.69464506581,1318.53323603876,-5667.22788110457
0.573171852130464,1.00471882258958,1.09260224817738,-2.09732107076698,4241.13162052926,1470.04842242139,-5711.18004295065
0.573241683387488,0.9640808806163,1.13159595840451,-2.09567683902084,4149.15379953611,1595.67163167914,-5744.82543121525
0.57336322816773,0.892267215882208,1.19814476885244,-2.09041198473467,3984.35649015581,1812.41901617054,-5796.77550632636
0.573518583004151,0.798617291602943,1.2806340570531,-2.07925134865606,3765.34036279374,2085.51770908879,-5850.85807188253
0.573673937840572,0.703070011701195,1.36007276419293,-2.06314277589415,3537.36985903849,2353.64509042053,-5891.01494945901
0.573873575491944,0.577900413607582,1.45734728156096,-2.03524769516856,3232.22672010931,2689.79002900966,-5922.01674911897
0.57413363007357,0.411609148291909,1.57535353888225,-1.98696268717418,2816.10760203918,3111.40193221413,-5927.50953425331
0.574393684655196,0.242588333858335,1.68285649697208,-1.92544483083043,2381.26959780719,3512.26930214214,-5893.53889994933
0.574546904687214,0.142091899368485,1.74104040414774,-1.88313230351623,2117.23874165238,3737.86002445786,-5855.09876611024
0.574666103261479,0.063662582069742,1.78352683843537,-1.84718942050512,1908.3881033632,3907.41513401417,-5815.80323737737
0.574785301835744,-0.0148489029395565,1.82350840131837,-1.80865949837882,1696.87837101432,4071.47489405204,-5768.35326506636
0.574904500410009,-0.0933344700236396,1.86093062932171,-1.76759615929808,1483.00150170883,4229.81478881169,-5712.81629052052
0.575023698984274,-0.171685576991576,1.89574211548202,-1.72405653849045,1267.05383757624,4382.21672191366,-5649.2705594899
0.57514289755854,-0.249792918335628,1.92789442453328,-1.67810150619765,1049.33693218586,4528.46844631623,-5577.80537850208
0.575327754929581,-0.37014548458766,1.9723777197471,-1.60223223515944,709.025409098909,4742.56799179785,-5451.59340089676
0.575468236096018,-0.460811287344743,2.00175003274254,-1.54093874539779,448.697262818284,4894.64949777527,-5343.34676059355
0.575534143602275,-0.503061538745071,2.01419396446403,-1.51113242571896,326.194509258516,4962.75236694513,-5288.94687620365
0.575582380535654,-0.533847773674107,2.02275413596885,-1.48890636229473,236.445764191176,5011.24749519948,-5247.69325939065
0.575686057861735,-0.599581454452636,2.03957450551756,-1.43999305106492,43.4233291335281,5111.55020704406,-5154.97353617759
0.575833715911904,-0.692061516857927,2.05978517792084,-1.36772366106291,-231.442337625034,5244.98073310119,-5013.53839547615
0.576052049844361,-0.825952851215695,2.08152576028687,-1.25557290907116,-636.583316489125,5421.43464000335,-4784.85132351422
0.576221350371819,-0.927160907965677,2.09165510079403,-1.16449419282834,-948.859363368337,5540.7931653447,-4591.93380197636
0.576329763270952,-0.99063092207159,2.0950374524778,-1.1044065304062,-1147.53645812088,5609.0380197643,-4461.50156164342
0.57639159537146,-1.02632397670724,2.09587802948166,-1.0695540527744,-1260.28013691482,5645.05393651924,-4384.77379960442
0.576479245175443,-1.07624685538902,2.09571344999991,-1.01946659461087,-1419.25360631301,5692.44558048664,-4273.19197417364
0.57660947288936,-1.14888668467813,2.09253391854483,-0.943647233866672,-1653.37891033259,5754.86032283294,-4101.48141250035
0.576739700603277,-1.21959907210906,2.0858513585363,-0.866252286427212,-1884.72352384823,5807.63696485567,-3922.91344100744
0.576869928317195,-1.2882675029336,2.07567700579983,-0.787409502866207,-2112.90600404543,5850.68925565151,-3737.78325160608
0.577000156031112,-1.35477681834606,2.06202786232845,-0.707251043982373,-2337.54368426175,5883.94488959524,-3546.40120533349
0.577195163943258,-1.45005599394554,2.0351518452083,-0.585095851262735,-2666.35855481722,5915.29773256922,-3248.93917775201
0.577276222903502,-1.48810115826022,2.02171976897278,-0.53361861071253,-2800.23819931808,5921.80921425655,-3121.57101493846
0.577337055172003,-1.51602001447307,2.01077690157653,-0.494756887103435,-2899.52227365835,5924.1710041627,-3024.64873050436
0.577432088104549,-1.55851626049929,1.99221481546156,-0.433698554962242,-3052.46836284273,5923.52549222105,-2871.05712937832
0.577571321151777,-1.61824339256406,1.96182210304471,-0.343578710480625,-3271.54627306371,5913.04141818216,-2641.49514511845
0.577786002614033,-1.70418273483317,1.90765016962945,-0.203467434796242,-3596.76041510817,5874.73369430741,-2277.97327919924
0.5779307809284,-1.75780777928636,1.86618729918163,-0.108379519895239,-3807.01846018979,5833.7900010256,-2026.77154083581
0.577978251141764,-1.77461052177705,1.85174174427906,-0.0771312225019736,-3874.29065695896,5817.72659661876,-1943.4359396598
0.578008321496434,-1.78504949917586,1.84237795737582,-0.0573284581999242,-3916.45681059176,5806.88072668296,-1890.42391609121
0.5781161842638,-1.8211685992011,1.80744875234583,0.0137198468553034,-4064.77247003188,5763.72358846185,-1698.95111842997
0.578230856915721,-1.85726782859565,1.76804122876612,0.0892265998295643,-4217.30789246917,5710.58305711935,-1493.27516465018
0.578345529567642,-1.8909540505484,1.72633842154491,0.164615629003525,-4364.36185199113,5650.02687118299,-1285.66501919187
0.578460202219564,-1.92218382652654,1.68239421803873,0.239789608487855,-4505.74463087172,5582.13346525416,-1076.38883438244
0.578639441442642,-1.96596656871449,1.60937750437913,0.3565890643354,-4714.87096362361,5461.56916068094,-746.698197057324
0.578790466520226,-1.99802597434138,1.5438744898435,0.454151484497924,-4879.5161183742,5346.50792373915,-466.99180536495
0.578878077297162,-2.0145707343317,1.50426094599582,0.510309788335918,-4970.04062324663,5274.2031715634,-304.16254831677
0.578998422821318,-2.03480066369722,1.44800157123353,0.586799092463739,-5088.2099528472,5168.38947257036,-80.1795197231586
0.579118768345474,-2.05211860645804,1.38967287678941,0.662445729668681,-5199.09408221935,5055.1856412077,143.908441011652
0.579299098817161,-2.07255889936241,1.29860572465881,0.773953174703648,-5351.22705967992,4872.13379072312,479.093268956804
0.579551670124249,-2.08997719034728,1.16419132205971,0.925785868287617,-5535.22273367205,4589.76723351517,945.455500156877
0.579674806310524,-2.09370894608327,1.09588955189828,0.99781939418504,-5612.43560984142,4441.39007117405,1171.04553866737
0.5797979424968,-2.09430400124094,1.02594851182707,1.06835548941392,-5681.23679573067,4286.36457540655,1394.87222032411
0.579921078683075,-2.0917615754527,0.954473787580459,1.13728778787229,-5741.52235878638,4124.92451782217,1616.59784096421
0.58004421486935,-2.0860857887455,0.881571194393199,1.20451459435235,-5793.20424908892,3957.30935571597,1835.89489337296
0.580167351055625,-2.07728528481285,0.807349159559168,1.26993612525373,-5836.20637773036,3783.76874340306,2052.4376343273
0.580290487241901,-2.06537327968342,0.731918529199024,1.33345475048444,-5870.46485352102,3604.56205110504,2265.90280241598
0.580471864607798,-2.04220521934883,0.618881755373478,1.42332346397539,-5904.88835241567,3330.92569333138,2573.96265908429
0.580725687379237,-1.99868842295207,0.457493752746298,1.54119467020582,-5920.84328988305,2930.26589431575,2990.5773955673
0.581032551171515,-1.92917950503554,0.25870141459869,1.67047809043689,-5889.9358125889,2421.55420428314,3468.38160830576
0.581171435673804,-1.89173869013368,0.167694908197758,1.72404378193597,-5857.9149093083,2183.29534083641,3674.61956847188
0.581310320176092,-1.85069437269083,0.07637523809119,1.77431913459969,-5814.727095524,1940.89116065514,3873.83593486886
0.581377497707762,-1.82956583780829,0.0321315370410173,1.79743430076731,-5789.84726632753,1822.25833242722,3967.58893390031
0.58146105616551,-1.80214974725338,-0.022913583136396,1.82506333038982,-5755.29874094477,1673.5819126201,4081.71682832467
0.581585995905518,-1.75884968811287,-0.105164103180733,1.86401379129364,-5696.24759124258,1449.19010135114,4247.05748989144
0.581710935645526,-1.7128378034509,-0.187251189328508,1.90008899277945,-5628.41037265647,1222.56653659129,4405.84383606518
0.581835875385535,-1.66418405618509,-0.269050374814935,1.93323443100007,-5551.89092400312,994.055230412857,4557.83569359026
0.582029409165053,-1.58380866909676,-0.394848811516858,1.97865748061366,-5416.55279270568,637.318379116028,4779.23441358965
0.582139649061715,-1.535365317318,-0.46591570062133,2.00128101793937,-5330.43342299031,432.882278324173,4897.55114466613
0.58216366977325,-1.52456031761375,-0.481333542699406,2.00589386031319,-5310.81030607346,388.247650111486,4922.56265596197
0.582252724538769,-1.48375393419252,-0.538238883400531,2.02199281759309,-5235.43530280827,222.620225634395,5012.81507717387
0.582424275518281,-1.40192836654888,-0.646589668138565,2.04851803468748,-5078.78357549249,-96.6927382388068,5175.47631373129
0.582595826497793,-1.31603203231712,-0.753055973957111,2.06908800627426,-4907.37842405736,-415.708246510986,5323.08667056835
0.582806295970545,-1.20547528458591,-0.880626540609848,2.08610182519579,-4677.7155335483,-805.263681437159,5482.97921498546
0.582944789474356,-1.12978308215538,-0.96254604817714,2.09232913033255,-4515.29151948515,-1059.9115990525,5575.20311853765
0.583001059895612,-1.09839857058467,-0.995329354243004,2.09372792482771,-4446.81247272469,-1162.86487313349,5609.67734585818
0.583105222732087,-1.03941295768396,-1.05517465764564,2.09458761532963,-4316.4154621485,-1352.42439542641,5668.8398575749
0.583209385568561,-0.979314634522524,-1.11388719481298,2.09320182933553,-4181.3933707256,-1540.52832391111,5721.92169463671
0.58336302507786,-0.888790749447895,-1.1982737560129,2.08706450546083,-3974.13906570754,-1814.85281651142,5788.99188221896
0.583516664587159,-0.796193669800894,-1.2798682646102,2.07606193441111,-3757.61760981008,-2084.94951726441,5842.56712707449
0.583670304096458,-0.701736961885413,-1.35848272196794,2.06021968385337,-3532.32881134507,-2350.19589394526,5882.52470529033
0.583867058223583,-0.578442861385374,-1.45448802681207,2.03293088819746,-3231.93803364281,-2681.71800140876,5913.65603505157
0.584126050906115,-0.412928464675056,-1.57227929410596,1.98520775878103,-2818.08339056172,-3102.10188230141,5920.18527286313
0.584385043588648,-0.244675315043114,-1.67967405991661,1.92434937495974,-2385.58150383913,-3501.98778225334,5887.56928609247
0.584539085440872,-0.143671913980723,-1.73837893720452,1.88205085118525,-2120.43441900571,-3729.21894777022,5849.65336677593
0.58465748209924,-0.0657853617314294,-1.78074537546771,1.84653073719915,-1913.19397877913,-3897.9851753426,5811.17915412174
0.584775878757608,0.012190024191834,-1.82064465323067,1.80845462903884,-1703.30917563938,-4061.34642586911,5764.65560150849
0.584894275415976,0.0901483143315267,-1.85802313169623,1.76787481736471,-1491.06589859121,-4219.08207445537,5710.14797304658
0.585012672074344,0.167983157693375,-1.89283016040619,1.72484700271282,-1276.75424741869,-4370.97779890331,5647.73204632199
0.585131068732713,0.245587430640924,-1.92501796209697,1.67943053145605,-1060.66946984838,-4516.82489944958,5577.49436929796
0.58531183447838,0.363346824822158,-1.96899512388189,1.60564829905973,-728.11954047015,-4727.31403408057,5455.43357455072
0.585460182621547,0.459149858316056,-2.00035475391047,1.54120489559441,-453.346794352688,-4888.72864401876,5342.07543837145
0.585548042835491,0.515451159326385,-2.01688848273721,1.50143732341082,-290.055143152698,-4979.37053106951,5269.42567422221
0.585667614206738,0.591424977462445,-2.03691482955255,1.4454898520901,-67.5209859549736,-5096.60056614209,5164.12155209707
0.585787185577986,0.666564628954054,-2.05406593525106,1.387501306297,155.110517769336,-5206.63495078286,5051.52443301352
0.585967912567454,0.778284449577117,-2.07447339819288,1.29618894861575,490.998487512219,-5358.9071009042,4867.90861339199
0.586221365807734,0.930579941915394,-2.09180898276519,1.16122904084979,958.908385133704,-5543.17338752505,4584.26500239135
0.586345719495549,1.00327669975358,-2.09547986942525,1.09220316967166,1186.66543552563,-5620.8908131039,4434.22537757827
0.586470073183365,1.07444255149182,-2.09595161621469,1.02150906472286,1412.61276489757,-5690.02538950627,4277.41262460871
0.58659442687118,1.14396799141272,-2.09322359773037,0.94925560631763,1636.4025074816,-5750.47052772335,4114.06802024175
0.586718780558996,1.21174836116954,-2.08730028625885,0.8755519250893,1857.69736997502,-5802.13614067588,3944.43877070086
0.586843134246811,1.27768103259635,-2.07819086650995,0.800509833913588,2076.16202112029,-5844.94463745226,3768.78261633198
0.586967487934626,1.34166564581523,-2.06590928172446,0.724243635909206,2291.46379966361,-5878.83114768876,3587.36734802514
0.587151314437152,1.43244748728228,-2.0419912390612,0.609543751778893,2603.14753421795,-5912.46613859027,3309.31860437232
0.587261572863285,1.48464873010491,-2.02436672137622,0.539717991271291,2786.07476370542,-5923.19414126702,3137.1193775616
0.587311591946462,1.50775143023414,-2.01556718477197,0.507815754537808,2867.98880428227,-5925.71803347552,3057.72922919325
0.587406037647283,1.55034824808212,-1.99759835857552,0.447250110493372,3020.69029519725,-5926.49011015968,2905.79981496243
0.587528357374392,1.6034771165111,-1.97171735263053,0.368240236119397,3214.46562074093,-5919.73333923801,2705.26771849708
0.587724989836812,1.6838597389381,-1.92404589587965,0.240186156941518,3515.78911649042,-5890.57161076561,2374.78249427519
0.587889154555087,1.74607874022516,-1.87860830584038,0.132529565615185,3757.19318404439,-5849.00626825618,2091.81308421179
0.587988446404095,1.78148244578359,-1.84868323486499,0.0672007890813718,3898.44990126275,-5816.29925088604,1917.84934962329
0.588115441426099,1.82422851237288,-1.80779553911425,-0.0164329732586643,4073.55131635341,-5766.22613806416,1692.67482171076
0.588242436448102,1.86407189555963,-1.7640306185142,-0.100041277045464,4242.17023114487,-5706.97415777489,1464.80392663002
0.588369431470105,1.90095013886589,-1.71745748509709,-0.183492653768837,4404.04198878884,-5638.63727864695,1234.59528985811
0.588496426492109,1.93480470167684,-1.66815016831895,-0.266654533357927,4558.90955083983,-5561.32430227687,1002.41475143705
0.588687997729649,1.98001871002044,-1.58879933022239,-0.391219379798088,4778.65597643148,-5428.04024262682,649.384266195339
0.588806419914044,2.00440561687954,-1.53683084131342,-0.467574775566153,4905.95132692114,-5335.75209227852,429.800765357381
0.588858484078051,2.01425412580513,-1.51329978951589,-0.50095433628927,4959.7919736396,-5292.82218736976,333.030213730165
0.588941824492973,2.02889450524193,-1.47479671311603,-0.554097792125933,5043.19840180516,-5221.16618319712,177.967781391961
0.589025164907895,2.04214411977071,-1.43528314367533,-0.606860976095413,5123.14625094191,-5145.93080394146,22.7845529995575
0.589161801038972,2.06083128872372,-1.36839703265341,-0.692434256070347,5246.57546426968,-5014.9980268759,-231.57743739378
0.589379403049715,2.08273467730413,-1.25677631065521,-0.82595836664895,5423.03321515935,-4787.62227471803,-635.410940441319
0.589548158603316,2.09303743270519,-1.16611511521276,-0.926922317492464,5542.53922909313,-4595.78260939992,-946.756619693208
0.589658301220876,2.09659514461619,-1.10513828872962,-0.991456855886612,5612.18988645434,-4463.52985049827,-1148.66003595608
0.589731307685756,2.09757070943007,-1.06398197535905,-1.03358873407106,5654.6641571664,-4372.90130392827,-1281.76285323814
0.589804314150636,2.09744296652986,-1.02226685639635,-1.07517611013356,5694.16216984602,-4279.97341663715,-1414.18875320887
0.589920901429943,2.09495217421698,-0.954553919691817,-1.1403982545252,5751.01088745092,-4126.94558236432,-1624.06530508659
0.590063476559545,2.08808952420962,-0.870026582419135,-1.21806294179052,5810.03513652114,-3932.32726181692,-1877.70787470422
0.590206051689147,2.07704069731376,-0.783753429180793,-1.293287268133,5857.41178172424,-3729.82046837737,-2127.59131334688
0.590348626818749,2.06182777883559,-0.695906584592535,-1.36592119424309,5893.04653135587,-3519.82935852808,-2373.21717282778
0.590547080226753,2.03378792931903,-0.571384653174426,-1.46240327614464,5922.96122194629,-3215.97750786265,-2706.98371408364
0.590812916467032,1.98390389363348,-0.401282285131145,-1.58262160850237,5927.0063357408,-2789.83799483576,-3137.16834090504
0.591078752707311,1.92021225893563,-0.228385978286175,-1.69182628064949,5889.82501084434,-2344.28949979544,-3545.5355110489
0.591218288307428,1.88136392258676,-0.136825488675814,-1.74453843391098,5853.8529881989,-2103.4460016343,-3750.4069865646
0.591357823907546,1.83890390680931,-0.0450070575611977,-1.79389684924814,5806.63545850595,-1858.57247407011,-3948.06298443584
0.591497359507663,1.79291418280094,0.046893289805366,-1.83980747260633,5748.26437807893,-1610.13878529662,-4138.12559278231
0.591559961899326,1.77115045180055,0.0881173689941754,-1.85926782079476,5718.47193921786,-1497.61267109989,-4220.85926811797
0.591654529643507,1.73698195628669,0.150313690389679,-1.8872956466764,5669.28149377595,-1326.56474819872,-4342.71674557723
0.591802342819519,1.68053059776604,0.247219833345045,-1.92775043111112,5582.41120905775,-1056.98453486746,-4525.42667419029
0.59201939980309,1.59114706820843,0.388434835956666,-1.97958190416513,5433.17157954396,-657.331664017442,-4775.83991552652
0.592150615314543,1.5334722225856,0.473014545733131,-2.00648676831875,5330.6174792119,-414.002624577124,-4916.61485463478
0.592225189864499,1.49951854216586,0.520746956925986,-2.02026549909187,5268.27062160154,-275.336040328595,-4992.93458127294
0.592334060601984,1.4484851876927,0.589900233819992,-2.03838542151272,5172.08182497488,-72.6773599440036,-5099.40446503088
0.59244293133947,1.39575981540406,0.658361529246101,-2.05412134465018,5069.84643021518,130.060868701786,-5199.90729891697
0.59258146496562,1.32632710897564,0.744340672291327,-2.07066778126699,4931.21864341309,387.752421272083,-5318.97106468517
0.592789071640621,1.2176621502363,0.870448484801573,-2.08811063503789,4706.17631988573,772.245679469113,-5478.42199935485
0.59294192340903,1.13429697927499,0.960992263581248,-2.09528924285626,4527.59515239801,1053.42036386244,-5581.01551626044
0.592997754664739,1.10317147874494,0.993537681478979,-2.09670916022394,4459.71332039463,1155.59697080225,-5615.31029119688
0.593081290983078,1.0559760261719,1.04165267320281,-2.09762869937472,4355.60332409607,1307.78278633833,-5663.38611043441
0.593164827301418,1.00805544444183,1.08904837017033,-2.09710381461218,4248.49727072617,1459.06199357249,-5707.55926429866
0.593229936867509,0.970220955004718,1.12547239793221,-2.09569335293694,4162.9807408588,1576.28473329369,-5739.26547415249
0.593354807135797,0.896552940582119,1.19398434114614,-2.09053728172827,3994.16412358876,1799.169677591,-5793.33380117976
0.593434584432181,0.848751919459952,1.2368065879213,-2.08555850738127,3883.0607514173,1940.15986951991,-5823.22062093722
0.593514361728564,0.800418104958959,1.27885203449243,-2.0792701394514,3769.51857744976,2079.93143881888,-5849.45001626864
0.593630768732013,0.729008247550679,1.33874636271613,-2.06775461026682,3599.63862938818,2281.48438360446,-5881.12301299263
0.593827201290201,0.606400867299561,1.43567427653322,-2.04207514383279,3302.31286952314,2614.39960191789,-5916.71247144103
0.594095737648669,0.43525607824699,1.55919582650121,-1.99445190474821,2876.02863885938,3052.91498684333,-5928.94362570271
0.594364274007136,0.261029129941319,1.67163567675337,-1.93266480669469,2429.35370558789,3469.73838236155,-5899.09208794944
0.594530149772184,0.152309491335794,1.73526312272612,-1.88757261406191,2144.37338480807,3715.3027354737,-5859.67612028178
0.594656463623676,0.069212698865394,1.78057281592636,-1.84978551479175,1923.37745496414,3895.60138402565,-5818.97883898979
0.594720976973413,0.0267148544928513,1.8026403136701,-1.82935516816294,1809.29655585576,3985.35165184884,-5794.6482077046
0.594808105837561,-0.0306878931423425,1.83126274031112,-1.80057484716877,1654.07098522995,4103.94290885899,-5758.01389408894
0.594935188534302,-0.114344359584697,1.87053692992521,-1.7561925703405,1425.51715811865,4271.34582177695,-5696.8629798956
0.595062271231043,-0.197815213641213,1.90682886125961,-1.70901364761839,1194.69988592602,4431.93539538957,-5626.63528131558
0.595189353927785,-0.280969446028484,1.94008177098994,-1.65911232496144,961.981829475196,4585.4601609033,-5547.4419903785
0.595388915165373,-0.410538809142236,1.98602121727194,-1.57548240812969,593.744959671716,4811.61212532428,-5405.357084996
0.595507841795591,-0.487052948726425,2.00971055773332,-1.52265760900688,373.000980812835,4937.50962815284,-5310.51060896568
0.595600551038568,-0.54623864824437,2.02623498236302,-1.47999633411863,200.527521084288,5030.88949057765,-5231.41701166194
0.595693260281545,-0.604958558875491,2.04103967911044,-1.43608112023494,27.89037676306,5119.99679591958,-5147.88717268264
0.595819766736229,-0.684234175104463,2.05844268017185,-1.37420850506737,-207.653281540197,5234.54688901348,-5026.89360747329
0.596022933218258,-0.809176985573766,2.07956798511792,-1.27039099954413,-584.913035098401,5401.06507391777,-4816.15203881936
0.596208170641541,-0.920241925774767,2.09145336116075,-1.17121143538596,-926.863975039989,5533.75463558755,-4606.89066054756
0.596314966278632,-0.982911025136886,2.09509281626542,-1.11218179112851,-1122.74596100392,5601.8023687667,-4479.05640776278
0.596408100242738,-1.03666273622611,2.09634115854451,-1.05967842231837,-1292.54719749977,5655.99879622477,-4363.45159872499
0.596501234206844,-1.08952425535,2.09579422546891,-1.00626997011888,-1461.23382784329,5705.34842063724,-4244.11459279395
0.596536399183404,-1.10924562978042,2.09512084010883,-0.985875210328378,-1524.6157241422,5722.71506065919,-4198.09933651699
0.59663451724683,-1.16353995344456,2.09189008028211,-0.928350126837512,-1700.42751537318,5767.46254342806,-4067.03502805489
0.596732635310255,-1.21672586071402,2.0866713782141,-0.869945517500048,-1874.61467768506,5806.72593751515,-3932.11125983008
0.59687455026292,-1.29157848597181,2.07561844421851,-0.784039958246667,-2123.30889035832,5853.73370934272,-3730.4248189844
0.597016465215585,-1.36386151016799,2.06044035586745,-0.696578845699421,-2367.77473569623,5889.10578428381,-3521.33104858758
0.597217567501236,-1.46157860235202,2.03193672033775,-0.570358117985697,-2705.89990065785,5919.16383703547,-3213.26393637762
0.597315563029223,-1.5071317675145,2.01509290051278,-0.507961132998247,-2866.92690727768,5925.2647773862,-3058.33787010852
0.59741355855721,-1.55125418182203,1.99633894449964,-0.445084762677573,-3025.22916508832,5925.74650873663,-2900.51734364831
0.597511554085197,-1.59390390551326,1.97569279865047,-0.381788893137174,-3180.65598820013,5920.6086876785,-2739.95269947837
0.597679973786177,-1.66362668550626,1.93585813589338,-0.272231450387081,-3440.56292543218,5898.67690431681,-2458.11397888463
0.5978830275201,-1.74145609270822,1.88065251658654,-0.139196423878274,-3740.9644908034,5850.30725044237,-2109.34275963897
0.597950457536126,-1.76576803082651,1.86060233138263,-0.0948343005560743,-3837.48598481227,5828.95690751344,-1991.47092270117
0.598049390857537,-1.79999451173204,1.82967970460455,-0.0296851928724664,-3975.94761376701,5792.90108077328,-1816.95346700626
0.598170522025902,-1.83952257796859,1.78941922598254,0.0501033519860952,-4140.20623231215,5741.14079924536,-1600.93456693321
0.59827270030434,-1.87079759202074,1.75343836060645,0.117359231414335,-4274.11567707403,5691.006202813,-1416.89052573897
0.598374878582778,-1.90014373266291,1.71565030488562,0.184493427777337,-4403.61688535566,5635.00493879157,-1231.38805343591
0.598516940892629,-1.93767638018871,1.66019205930301,0.27748432088574,-4576.06253558787,5547.52082295372,-971.458287365849
0.598739664071664,-1.98869498358452,1.56667990995497,0.422015073629593,-4827.81428809903,5388.28048225695,-560.466194157923
0.598807283189856,-2.00228138613127,1.53672567267897,0.465555713452352,-4899.68914950266,5334.63616951083,-434.947020008171
0.598934081302692,-2.0253094270988,1.47871094742024,0.546598479678614,-5028.44097686932,5227.59492898285,-199.153952113532
0.599060879415528,-2.04512073219832,1.41835223236831,0.626768499830065,-5149.20079433911,5112.26087716502,36.9399171740856
0.599213678278403,-2.06467558619912,1.3426448899716,0.722030696227564,-5283.82601536346,4962.53404700018,321.291968363279
0.599430002183404,-2.0842050250439,1.23026027076559,0.853944754278367,-5453.45875421497,4731.18972564895,722.269028566024
0.599596656299724,-2.09269527959225,1.13975090237529,0.952944377217014,-5567.0501212881,4537.95481752058,1029.09530376752
0.599650903953639,-2.09422328729384,1.10958705545322,0.984636231840673,-5600.76578457709,4472.3107299647,1128.45505461239
0.59973060347403,-2.09536324087978,1.06469449089004,1.03066874998979,-5647.33539448664,4373.52745906012,1273.80793542652
0.599847279508608,-2.09466086164689,0.997788338855028,1.09687252279191,-5709.10030037793,4224.00643275618,1485.09386762175
0.599887096288491,-2.09377642188776,0.974639615014724,1.11913680687308,-5728.4292187561,4171.6600095914,1556.76920916469
0.599974508935679,-2.09068525081661,0.923295366989631,1.16738988382703,-5767.70713238046,4054.47373998933,1713.23339239113
0.600066527306324,-2.08572680774228,0.868495818162794,1.21723098957954,-5804.34877146202,3927.81322847802,1876.535542984
0.600203939383799,-2.07507873398013,0.785340303553975,1.28973843042621,-5850.01193705597,3732.62364776104,2117.38828929493
0.600341351461274,-2.06056234908859,0.700722038433335,1.35984031065531,-5884.76764219768,3530.47917194549,2354.28847025219
0.600541840556808,-2.03250971787037,0.575006717601527,1.45750300026889,-5915.77383352843,3223.95652450086,2691.81730902757
0.600809823727124,-1.98247331589712,0.403592402619821,1.57888091327734,-5920.57754622257,2794.74822666985,3125.82931955272
0.60107780689744,-1.9184012416078,0.229324323686536,1.68907691792132,-5883.48756991328,2345.7801919718,3537.70737794148
0.601217257798874,-1.87961697515087,0.137823107658509,1.74179386749241,-5847.65707445095,2105.12778487158,3742.52928957936
0.601356708700309,-1.83722489957072,0.0460631294519269,1.79116177011883,-5800.59409024068,1860.44714168043,3940.14694856025
0.601496159601743,-1.7913067739363,-0.0457799834974734,1.83708675743382,-5742.39027047458,1612.20703958502,4130.18323088956
0.601554419062139,-1.77109330662972,-0.0841454288899207,1.85523873551969,-5714.79205033333,1507.52226773077,4207.26978260256
0.601648023038943,-1.7373804661406,-0.145713720919517,1.88309418706016,-5666.44642433559,1338.30580889358,4328.14061544201
0.601800698660113,-1.67919492786726,-0.245815290480299,1.9250102183476,-5577.1103332747,1059.95555527032,4517.15477800438
0.602021559923437,-1.58826248490217,-0.389495854366546,1.97775833926876,-5425.29368898877,653.332402783299,4771.96128620547
0.602154605892543,-1.52973480457425,-0.475235915132088,2.00497071970637,-5321.13167478805,406.60395454845,4914.5277202396
0.602233998297968,-1.49352072103653,-0.526025408343621,2.01954612938019,-5254.51574700411,258.97284448357,4995.54290252054
0.602344528077462,-1.4415672891489,-0.596172125134744,2.03773941428369,-5156.346093223,53.2220236276526,5103.12406959534
0.602455057856956,-1.38787585943326,-0.665597765227109,2.05347362466041,-5051.95565536857,-152.587650595162,5204.54330596373
0.602600720619724,-1.31458282769596,-0.755836977817024,2.07041980551302,-4905.11710175991,-423.45178894032,5328.56889070023
0.602816162088078,-1.20122499244543,-0.886291277200109,2.08751626964557,-4669.29628151846,-822.107786669653,5491.40406818812
0.602955097395836,-1.12513434294309,-0.968344249309928,2.09347859225305,-4505.72881656501,-1077.43739869234,5583.16621525735
0.603017340476647,-1.09032997608536,-1.00452677340048,2.09485674948588,-4429.62077273611,-1191.22570798521,5620.84648072132
0.603124288733676,-1.02957150636567,-1.06578041101606,2.09535191738177,-4294.92861908424,-1385.61684614572,5680.54546522996
0.603231236990705,-0.967651964439755,-1.12582813242306,2.09348009686284,-4155.387657822,-1578.43585753071,5733.82351535271
0.603370764446722,-0.885248952117484,-1.20223563291141,2.08748458502892,-3966.33177263319,-1827.24463417422,5793.57640680741
0.603510291902738,-0.801144238201618,-1.27633264711315,2.07747688531479,-3769.65105791334,-2072.54126077649,5842.19231868983
0.603649819358754,-0.715498397512773,-1.34797778819082,2.06347618570362,-3565.72127282821,-2313.85756630115,5879.57883912937
0.603840460758083,-0.596320112117425,-1.44162807326192,2.03794818537936,-3276.16572243201,-2636.20655173452,5912.37227416653
0.604098032572872,-0.43206755452158,-1.55982415543519,1.99189170995679,-2866.70550842597,-3056.28764192549,5922.99315035146
0.604343495778561,-0.27287323405879,-1.66299096777822,1.93586420183703,-2458.96914007625,-3438.10304168223,5897.07218175848
0.604520185514012,-0.157154404675931,-1.73121277552724,1.88836718020318,-2156.10949334487,-3700.58624716799,5856.69574051286
0.604635701797031,-0.0811893603342681,-1.77295829868617,1.85414765902044,-1954.38486125499,-3866.13400832057,5820.51886957555
0.604698186966416,-0.0400415877557802,-1.79457180300068,1.83461339075647,-1844.16118649369,-3953.58341358802,5797.7446000817
0.604791031620554,0.0211146764664761,-1.82540190417972,1.80428722771325,-1679.10226369435,-4080.67807002444,5759.78033371879
0.604920514157526,0.106349246450735,-1.86579125389137,1.75944200744063,-1446.58835694247,-4252.07329002404,5698.66164696651
0.605049996694499,0.191407336540001,-1.90309209942033,1.71168476288033,-1211.68033416065,-4416.42769878239,5628.10803294304
0.605179479231472,0.276150087390798,-1.93724373776482,1.66109365037402,-974.762057708984,-4573.4735424107,5548.23560011969
0.605376178682574,0.40391796051061,-1.98295477758408,1.57903681707346,-612.027519537151,-4797.39715522129,5409.42467475844
0.605505778373301,0.48732154120567,-2.0089565935567,1.52163505235103,-371.572537712992,-4935.03217216887,5306.60470988186
0.605562043503627,0.523298055069901,-2.01921371934469,1.49591566427478,-266.933702680238,-4992.26802156195,5259.20172424219
0.60566062399643,0.5859207725277,-2.03565827494846,1.44973750242075,-83.4447853045885,-5088.75905462993,5172.20383993452
0.605759204489233,0.647979725617209,-2.05014896972926,1.40216924411204,100.12009037425,-5180.36290356947,5080.24281319522
0.605931938631986,0.755150561054834,-2.0707819865294,1.31563142547455,421.32309608468,-5328.78651962809,4907.46342354341
0.606184342918259,0.907579539120007,-2.08994187390174,1.18236233478172,887.915365078421,-5517.24015835872,4629.3247932803
0.606259195183402,0.951781479557316,-2.09310892676486,1.14132744720753,1025.5051369433,-5566.57521606324,4541.07007911994
0.606385396335624,1.02508256904467,-2.0958240345746,1.07074146552991,1256.10031686756,-5642.74362938575,4386.64331251819
0.606511597487847,1.09676857736332,-2.0952434290545,0.998474851691151,1484.71024766189,-5710.03351253405,4225.32326487216
0.606531791162321,1.10808582505567,-2.09484462551787,0.98675880046218,1521.09527824103,-5719.97326055455,4198.87798231352
0.606593337719688,1.14229851043193,-2.09310891336852,0.950810402936564,1631.59634799141,-5748.841839149,4117.24549115759
0.606689615610856,1.19494978985942,-2.0888241074625,0.893874317603066,1803.19440156915,-5789.67781652282,3986.48341495367
0.606873387695092,1.29233422871933,-2.07534808732797,0.783013858608621,2125.89477813595,-5852.86061050623,3726.96583237028
0.607057159779328,1.3854095288137,-2.05495701968554,0.669547490871807,2441.5026900898,-5896.53971116259,3455.03702107279
0.607213959864332,1.46120255055791,-2.03213820857841,0.570935658020466,2704.45337673296,-5918.28545308085,3213.83207634789
0.607248228107537,1.47730975053176,-2.02648985106598,0.549180100534186,2761.09883242039,-5921.12911289588,3160.03028047548
0.607340948940554,1.52001931871406,-2.01003328591246,0.490013967198372,2912.71385683087,-5925.37681719716,3012.66296036629
0.607476340170683,1.58004374915603,-1.98294810820275,0.402904359046687,3129.57993078409,-5922.5421492827,2792.96221849861
0.607659605607169,1.65669843743525,-1.94059168851625,0.283893251080974,3413.96153639463,-5901.6440638157,2487.68252742107
0.607859373356628,1.73398606040129,-1.88710706445696,0.153121004055629,3711.00489186726,-5856.59941907661,2145.59452720934
0.607937310864093,1.76232509193621,-1.86419838317087,0.101873291234618,3823.07633137248,-5832.74727979921,2009.67094842673
0.608009081397126,1.78748639509157,-1.84211355231397,0.0546271572223632,3924.24972585968,-5807.68690170777,1883.43717584809
0.60812809577501,1.82719353730954,-1.8034383257003,-0.0237552116092768,4087.56832291592,-5759.63251818095,1672.06419526503
0.608247110152893,1.86434527485632,-1.76224220179922,-0.102103073057135,4245.16814830155,-5703.52392667129,1458.35577836974
0.608366124530777,1.89889107122272,-1.71858173825938,-0.18030933296338,4396.83442204771,-5639.43885657475,1242.60443452703
0.608485138908661,1.93078264357556,-1.67251795444469,-0.258264689130913,4542.35517968113,-5567.4669638243,1025.11178414317
0.608673092700578,1.97561765241458,-1.59506193047413,-0.380555721940491,4759.08404036871,-5438.03953257947,678.955492210756
0.608797626316879,2.00155083527955,-1.54064332393692,-0.460907511342674,4893.64275574078,-5341.78197629705,448.139220556276
0.608856273137647,2.01270783609467,-1.51418705682407,-0.498520779270643,4954.44451382766,-5293.59692732541,339.152413497757
0.608916596030614,2.02347004903086,-1.4864392193429,-0.537030829688007,5015.22534418094,-5242.16022672483,226.934882543889
0.60902360685631,2.0407683310526,-1.43591496293797,-0.604853368114673,5118.58601239706,-5146.30327269815,27.7172603010931
0.609178910592931,2.06176044600158,-1.35973474902621,-0.702025696975422,5258.23941233583,-4996.90136171935,-261.338050616479
0.609403986696457,2.08345352243337,-1.24368661154902,-0.839766910884392,5438.26645241506,-4759.48097734658,-678.785475068477
0.609570335598981,2.09280766610713,-1.15385515177008,-0.938952514337092,5553.96332567047,-4568.5846594591,-985.378666211368
0.609643731874822,2.09512103923838,-1.11318384857359,-0.981937190664843,5600.23137518443,-4480.31758496644,-1119.91379021798
0.609723861944714,2.09637382104572,-1.0681088838152,-1.02826493723056,5647.33712713461,-4381.23834200903,-1266.09878512558
0.609803992014607,2.09629759570254,-1.02235800092688,-1.07393959477571,5690.86046926402,-4279.38315362149,-1411.47731564252
0.60993140855284,2.09344077635746,-0.948298218552063,-1.14514255780544,5752.61744410169,-4111.8881577948,-1640.72928630689
0.610058825091073,2.08722983122343,-0.872719424926418,-1.21451040629706,5805.15608509335,-3937.80449805554,-1867.35158703781
0.610186241629306,2.07767473081011,-0.795741048442268,-1.28193368236789,5848.39405016864,-3757.40760171753,-2090.9864484511
0.610313658167539,2.06479074231995,-0.717486611817036,-1.34730413050296,5882.26176961735,-3570.98693083173,-2311.27483878562
0.610502513353062,2.03962366391538,-0.599459232783772,-1.44016443113165,5915.10126384668,-3284.33352697862,-2630.76773686806
0.610763575652129,1.99306580437811,-0.433012441522319,-1.56005336285583,5926.22643473616,-2869.5094865522,-3056.71694818395
0.611024637951195,1.93312194793826,-0.263658009209097,-1.6694639387292,5897.5730264675,-2435.4258150209,-3462.1472114466
0.611190521032446,1.88822428918595,-0.154966038494148,-1.73325825069184,5858.74678508922,-2150.686264607,-3708.06052048222
0.611311944294201,1.85209466091266,-0.0751037695850633,-1.77699089132764,5820.22553553698,-1938.46630576532,-3881.75922977166
0.611377839085185,1.83135240668334,-0.031703717943146,-1.79964868874023,5795.76502866823,-1822.07757439069,-3973.68745427755
0.611463452277713,1.80323442990371,0.0246954398787073,-1.82792986978246,5760.27650149076,-1669.71498965065,-4090.56151184011
0.611591550445947,1.75874058876571,0.109021755866023,-1.86776234463178,5699.41019491416,-1439.55985348647,-4259.8503414277
0.61171964861418,1.71139932023384,0.193170377713394,-1.90456969794727,5629.31332391268,-1207.07529582141,-4422.23802809127
0.611847746782413,1.6612862902888,0.277007154391478,-1.93829344468032,5550.09858803627,-972.632314540264,-4577.466273496
0.612044927172151,1.5789502124237,0.405084358654267,-1.984034571078,5410.70077137583,-608.946672500421,-4801.75409887541
0.612166478196649,1.52513410914095,0.483328317340361,-2.00846242648135,5314.35499856051,-383.40288413784,-4930.95211442267
0.612262422826205,1.48107574418253,0.544603996349157,-2.02567974053172,5232.81595821673,-204.94104118556,-5027.87491703117
0.612340055214737,1.44443798280652,0.59382686886993,-2.03826485167649,5163.35173713796,-60.3905224353602,-5102.9612147026
0.612436376240371,1.39779146285489,0.654400614607725,-2.05219207746265,5072.90471700858,118.986139054889,-5191.89085606347
0.61257350809276,1.32919465146286,0.739577433792823,-2.06877208525572,4936.16319738127,374.09361929716,-5310.25681667843
0.612785642331195,1.21831638222845,0.868523419778601,-2.08683980200708,4706.78781487367,767.01855050122,-5473.80636537489
0.612933770391189,1.13762509892647,0.956347128199002,-2.0939722271255,4534.10596728235,1039.58445685374,-5573.69042413608
0.612958833324582,1.12371704698263,0.971014410351419,-2.09473145733407,4503.89248402191,1085.51841140731,-5589.41089542923
0.613039141154399,1.07869401758825,1.01759439967784,-2.09628841726612,4405.22305222281,1232.21137567194,-5637.43442789475
0.613235766710893,0.965680927769578,1.12878528850097,-2.09446621627058,4152.06991472562,1587.68039547394,-5739.75031019956
0.613348588052809,0.899121063520404,1.19068983486997,-2.0898108983904,3999.54604009202,1789.06745544513,-5788.61349553715
0.613398482749054,0.869313004550388,1.21760091799464,-2.08691392254506,3930.46269381079,1877.44947800859,-5807.91217181938
0.613497228318692,0.809706556796296,1.26996372436241,-2.07967028115873,3790.92981809551,2050.95746537253,-5841.88728346804
0.613595973888329,0.749322277752031,1.32110295310731,-2.07042523085936,3647.75094057062,2222.48718389908,-5870.2381244697
0.613769418143098,0.641584674122967,1.40779114972361,-2.0493758238466,3387.9346258021,2518.39875972996,-5906.33338553206
0.614022290581872,0.48127988263483,1.52655318051987,-2.00783306315472,2991.57853645151,2935.95414872066,-5927.53268517218
0.614326063171701,0.284888208700295,1.65636840357207,-1.94125661227238,2491.01848176149,3412.63853640214,-5903.65701816364
0.61449511395535,0.174223063445394,1.72224775976473,-1.89647082321014,2202.00658286634,3665.07630414935,-5867.08288701569
0.614664164738998,0.0630696075477958,1.78326850409864,-1.84633811164644,1906.79229489427,3907.17209931224,-5813.96439420651
0.614733720519468,0.0172465607026768,1.80693478242224,-1.82418134312492,1783.66434601347,4003.66171001078,-5787.32605602425
0.614803276299938,-0.0285814869106555,1.82973594243187,-1.80115445552122,1659.6921728191,4098.23068148752,-5757.92285430662
0.614914818608585,-0.102023513025011,1.86446594543436,-1.76244243240936,1459.28708053197,4245.75451995403,-5705.041600486
0.615055918600098,-0.194721869872987,1.90510734796535,-1.71038547809237,1203.27881662067,4424.8501720736,-5628.12898869427
0.615197018591611,-0.287036894171938,1.94200555657663,-1.6549686624047,944.908085881223,4595.25058723593,-5540.15867311715
0.615397491426927,-0.417138751031554,1.98783633791249,-1.57069758688094,574.876222277486,4821.67378315151,-5396.550005429
0.61550461532016,-0.486051176573326,2.00911877070943,-1.5230675941361,376.013606847204,4934.94632896289,-5310.9599358101
0.61558676120045,-0.538530552545283,2.0238993851947,-1.48536883264942,223.207080435191,5018.03257158773,-5241.23965202292
0.615688554116307,-0.603053916129273,2.04034179698308,-1.4372878808538,33.6758248295405,5116.33631454136,-5150.0121393709
0.615820651433413,-0.685845298276631,2.05856286481842,-1.37271756654179,-212.268284640244,5236.07130245505,-5023.80301781481
0.616024961201545,-0.811465985925795,2.07974374566793,-1.26827775974212,-591.629578090475,5403.36433845427,-4811.73476036379
0.616208222868216,-0.921330682602148,2.09146147733475,-1.17013079473259,-929.921367265923,5534.53487906237,-4604.61351179645
0.616314819601006,-0.983882843533242,2.0950940936218,-1.11121125008854,-1125.43725154698,5602.4566049442,-4477.01935339723
0.616392087871831,-1.02854224615441,2.0962582523875,-1.06771600623307,-1266.3940737068,5647.76871827411,-4381.37464456731
0.616469356142655,-1.07259380850789,2.09618658893585,-1.02359278042794,-1406.59938765937,5689.74895163251,-4283.14956397313
0.616582514859101,-1.13595031563508,2.09385226661682,-0.95790195098172,-1610.38196913464,5745.16115518664,-4134.779186052
0.616725793309066,-1.21408913073474,2.08710128118739,-0.873012150452624,-1865.41503185525,5804.88694293484,-3939.47191107959
0.616869071759032,-1.28976805436189,2.07612221855644,-0.786354164194529,-2116.667364853,5852.85277121146,-3736.18540635846
0.617012350208998,-1.36283482775867,2.06093725211874,-0.698102424360049,-2363.63335076407,5888.96246838042,-3525.32911761635
0.617206938774746,-1.45759086513833,2.03364328604007,-0.576052420901715,-2691.18189816702,5918.88262844973,-3227.70073028271
0.617308314294696,-1.50484608780614,2.01639887677572,-0.51155278896955,-2858.00685913666,5925.72183810276,-3067.7149789661
0.617409689814647,-1.55057370037776,1.99710896556351,-0.446535265185718,-3021.92845803368,5926.54789873484,-2904.61944070116
0.617511065334597,-1.59472715689895,1.97579330116296,-0.381066144263985,-3182.77963462541,5921.36009900151,-2738.5804643761
0.617679905132618,-1.66462945469576,1.93586682751753,-0.271237372821739,-3443.34597015643,5899.3976400555,-2456.05166989907
0.617884489989827,-1.74301870368248,1.88021670735419,-0.137198003671677,-3745.95454633128,5850.57680813884,-2104.62226180757
0.617953865088178,-1.76800181631979,1.85955639244393,-0.0915545761241024,-3845.1951601938,5828.51181376494,-1983.31665357114
0.618051130515675,-1.80160641643626,1.82910831009651,-0.027501893660226,-3981.22497908484,5792.91779020001,-1811.69281111518
0.6181725940227,-1.84120000234696,1.78869484802137,0.0525051543256183,-4145.83898056968,5740.88089085392,-1595.04191028423
0.618256741305723,-1.86706419625735,1.75916254165157,0.107901654605814,-4256.36758126357,5699.91801583389,-1443.55043457032
0.618340888588745,-1.89162332144807,1.72840052816629,0.163222793281812,-4363.92012599507,5654.97001258808,-1291.04988659301
0.618462441654569,-1.92475615329792,1.68184286887133,0.242913284426621,-4513.85578000867,5583.07978689265,-1069.22400688398
0.618667582926932,-1.97426077675351,1.59778139624672,0.376479380506827,-4751.7497066741,5443.41443778701,-691.66473111291
0.618799181729425,-2.00172768722875,1.54031717557357,0.461410511655214,-4894.09588365479,5341.8431223281,-447.747238673311
0.618856134182174,-2.01256004918284,1.51461834103286,0.497941708150016,-4953.13813111309,5295.03042466544,-341.892293552346
0.618903812412806,-2.02113257451049,1.4927314630467,0.528401111463826,-5001.34464961706,5254.53643032376,-253.1917807067
0.61902351334342,-2.04064738419665,1.43632864805257,0.604318736144109,-5117.37566502193,5147.71717925002,-30.3415142280896
0.619175248700496,-2.06122968135728,1.36193566516755,0.699294016189761,-5254.01015552767,5001.89395535408,252.116200173597
0.619390631080372,-2.08238577149584,1.25111000808443,0.831275763411446,-5427.32386492363,4775.5694789465,651.754385977135
0.619562760438205,-2.09245179112761,1.15837358498217,0.934078206145476,-5548.05721155547,4578.88448274165,969.172728813821
0.619669429065951,-2.09562332471817,1.09916560700485,0.996457717713356,-5614.78416091751,4450.19613111777,1164.58802979974
0.619710841038529,-2.09622050931281,1.07583881245879,1.02038169685406,-5638.99761561014,4398.8710496021,1240.12656600804
0.61979928172888,-2.09630707537535,1.02542367613756,1.07088339923783,-5687.4975172154,4286.79185785895,1400.70565935646
0.61991954559752,-2.09382795228901,0.955615084721732,1.13821286756732,-5746.38481598324,4129.11144180115,1617.27337418209
0.62003980946616,-2.08835992040721,0.884443128519053,1.2039167918882,-5797.06668335696,3965.53795371815,1831.52872963881
0.620098766587264,-2.08458908499432,0.849076940626394,1.23551214436797,-5818.89842687837,3883.24799362694,1935.65043325143
0.620184489994343,-2.07783094072119,0.79714225627119,1.28068868445004,-5847.07371722294,3761.23820986672,2085.83550735622
0.62031316502321,-2.064861156624,0.718125234620091,1.34673592200395,-5881.39118043646,3573.03281264294,2308.35836779352
0.620521051685925,-2.03680135100233,0.58810144825385,1.44869990274852,-5916.49497133515,3256.91522485539,2659.57974647977
0.620794973698934,-1.9866232199189,0.413137670327645,1.57348554959129,-5924.24513553254,2819.67313518098,3104.57200035156
0.621068895711942,-1.92175820523089,0.235120952448194,1.68663725278273,-5888.22417817162,2361.60755117885,3526.61662699276
0.621212854244819,-1.8818988371258,0.140680550378631,1.74121828674721,-5851.78911664753,2113.38879252798,3738.40032411956
0.621356812777696,-1.83819202715824,0.0459582693910045,1.79223375776727,-5803.38134054049,1860.86111905418,3942.52022148631
0.621500771310573,-1.79072764797502,-0.0488524901487169,1.83958013812377,-5743.10123296761,1604.54056203524,4138.56067093237
0.621581004044334,-1.76267134806994,-0.101675906901517,1.86434725497149,-5704.38726373072,1460.19005677952,4244.1972069512
0.621661236778095,-1.73349551290459,-0.154433347697044,1.88792886060167,-5662.04705313922,1314.91475844908,4347.13229469014
0.621779167350807,-1.68862352817129,-0.231780170909474,1.9204036990808,-5593.29708021794,1099.92147919892,4493.37560101902
0.621978418066792,-1.60761219271629,-0.361626368619326,1.96923856133564,-5459.80647287112,733.564854509813,4726.2416183613
0.622124557971679,-1.54415602661479,-0.456017768291048,2.00017379490587,-5348.24210116973,462.875180664831,4885.3669205049
0.622175849512617,-1.52109669112477,-0.488942763002063,2.01003945412686,-5306.3838113612,367.569964962144,4938.81384639905
0.622270303370906,-1.47761024975598,-0.549226063594338,2.02683631335034,-5225.71396002084,191.861135375244,5033.85282464559
0.622343217966636,-1.44314749441584,-0.595435371322699,2.03858286573857,-5160.28526185056,56.0939092154844,5104.19135263507
0.622443174918277,-1.39468022465009,-0.658264545433217,2.05294477008333,-5066.20258833352,-130.043931262852,5196.24651959638
0.622588529683022,-1.32177350304759,-0.748436226913456,2.07020972996108,-4920.52695328959,-400.3889438311,5320.91589712069
0.622807010053195,-1.2071062699982,-0.880916571491157,2.08802284148938,-4682.47747234299,-804.805676493906,5487.2831488369
0.622951932529759,-1.12783997520785,-0.966584394473827,2.0944243696817,-4512.26528213143,-1071.21553276113,5583.48081489255
0.623014276223084,-1.09299928669274,-1.00284497390416,2.09584426059692,-4436.11631852414,-1185.21246568915,5621.32878421328
0.623122419961478,-1.03158775491577,-1.06481120182581,2.0963989567416,-4300.02827703665,-1381.81399387993,5681.84227091659
0.623230563699872,-0.968987891273034,-1.12554552305653,2.09453341432958,-4158.97991092194,-1576.81163561271,5735.79154653465
0.623371151922403,-0.885958056454867,-1.20253679641506,2.08849485286994,-3968.48860065391,-1827.51920042414,5796.00780107805
0.623511740144934,-0.801200976343277,-1.27718192779152,2.07838290413481,-3770.2572364302,-2074.65970852022,5844.91694495042
0.623652328367465,-0.714880947832955,-1.34933630242947,2.06421725026244,-3564.67032284187,-2317.75424944287,5882.42457228474
0.623843062860431,-0.595609216395782,-1.44296650707081,2.0385757234666,-3274.79919160698,-2640.1484934834,5914.94768509038
0.624100296767704,-0.431534576096347,-1.56091713374143,1.99245170983778,-2865.67161325562,-3059.51394223373,5925.18555548935
0.624346026291469,-0.272142428451251,-1.66410364496008,1.93624607341134,-2457.32639989745,-3441.56295756893,5898.88935746638
0.624522897265241,-0.156291568027489,-1.73231887614134,1.88861044416883,-2154.04178278076,-3704.15819831305,5858.19998109382
0.624638699874346,-0.0801320349013059,-1.77411140637601,1.85424344127732,-1951.74435248532,-3869.99681628667,5821.741168772
0.624701275862087,-0.0389220052584871,-1.79572320347567,1.83464520873416,-1841.32151966985,-3957.50209077828,5798.82361044813
0.624794200060186,0.0222888690663798,-1.82652838091821,1.80423951185183,-1676.0658355039,-4084.59369101433,5760.65952651822
0.624923563550966,0.107445341409216,-1.8668082084229,1.75936286701369,-1443.69677535647,-4255.67072826026,5699.36750361673
0.625052927041746,0.192422372544413,-1.90400369274233,1.71158132019792,-1208.94705278928,-4419.71335664904,5628.66040943831
0.625182290532526,0.277081488438095,-1.93805441226483,1.66097292382673,-972.199570412236,-4576.45481721576,5548.65438762799
0.625379819193846,0.405370031443286,-1.98383584488557,1.57846581344227,-607.878026691841,-4801.03337539626,5408.9114020881
0.62550718472906,0.48732565887049,-2.00932730804585,1.52200164917535,-371.542520324158,-4936.14792713996,5307.69044746412
0.625553821904854,0.517155771449261,-2.01786143344453,1.50070566199526,-284.809313105852,-4983.67074876558,5268.48006187143
0.625649919871369,0.578254092987947,-2.03407477963219,1.45582068664423,-105.949846164668,-5078.18928941504,5184.1391355797
0.625746017837883,0.638822372077181,-2.04843277805078,1.40961040597358,72.9985925472479,-5168.07206951287,5095.07347696562
0.625914335839915,0.743438412761821,-2.06906692801573,1.32562851525389,386.070974154427,-5314.05424322308,4927.98326906865
0.626161840679997,0.893326181330043,-2.08887635722806,1.19555017589799,843.954402347595,-5501.52054809124,4657.56614574364
0.626250632231346,0.945883298762435,-2.09291807527756,1.1470347765151,1007.28657766865,-5560.79442515654,4553.50784748789
0.626389074674523,1.02632423861858,-2.09596694094209,1.06964270232348,1260.27468048938,-5644.53535429632,4384.26067380694
0.6265275171177,1.10481907861322,-2.09505021933989,0.99023114072664,1510.86533550298,-5717.59107021344,4206.72573471046
0.626591432301615,1.14037196669797,-2.09328902978311,0.952917063085118,1625.65359651645,-5747.68526123035,4122.0316647139
0.626675257745963,1.18629664747757,-2.08969957604111,0.903402928563513,1775.18617464756,-5783.63345362818,4008.44727898063
0.626834422692911,1.27117834965807,-2.07890002807787,0.807721678419769,2055.54893231984,-5840.80885566487,3785.25992334503
0.626993587639859,1.35287797847124,-2.0629034726228,0.710025494151532,2330.76042302265,-5883.37844800176,3552.61802497911
0.627196264998773,1.45196363019247,-2.03508242319154,0.583118792999039,2672.59477214712,-5916.27854693539,3243.68377478827
0.627293961894306,1.49767675098217,-2.01870914386401,0.521032392881814,2833.68456513262,-5923.58607877256,3089.90151363994
0.62739165878984,1.54197677800948,-2.00043374586128,0.45845696785177,2992.09806189092,-5925.30890236946,2933.21084047854
0.627489355685373,1.58482206994335,-1.98027358795322,0.395451518009842,3147.68609238166,-5921.44566899942,2773.75957661776
0.627649017134969,1.65159001098678,-1.94332928116687,0.291739270180055,3395.43439762303,-5903.12736858813,2507.6929709651
0.627889686703524,1.74427622651166,-1.87846962037192,0.134193393860228,3752.34567995788,-5847.51055411445,2095.16487415657
0.627997025942013,1.78246554541705,-1.8460319052675,0.0635663598504052,3904.86988485629,-5811.88534246869,1907.0154576124
0.628104365180503,1.81862581171591,-1.81149486294794,-0.00713094876801062,4052.94662398925,-5769.64745598598,1716.70083199673
0.628211704418992,1.85271568977453,-1.77489814352816,-0.0778175462464092,4196.40624126063,-5720.84522834802,1524.43898708739
0.628355722889185,1.89512903251024,-1.72264076636633,-0.172488266143945,4381.32598516762,-5645.16502307513,1263.83903790752
0.628499741359377,1.93366156332307,-1.66685750869071,-0.266804054632405,4557.27214537886,-5557.92746934655,1000.65532396769
0.628691207425401,1.97873338622312,-1.5874537616866,-0.391279624536568,4776.61915255332,-5424.40006592803,647.780913374705
0.628831992780707,2.00732593381424,-1.52536986729308,-0.481956066521201,4926.97218956823,-5313.6385505128,386.666360944566
0.628911899718743,2.02181477375217,-1.48878689587079,-0.533027877881429,5008.06140980512,-5246.11440072836,238.052990923235
0.629008058968886,2.03755788146583,-1.44352456818028,-0.594033313285602,5101.44262057994,-5160.48025083368,59.0376302537384
0.629130967263555,2.05496744510781,-1.38376550737456,-0.671201937733285,5213.99175990956,-5044.18832117953,-169.803438730029
0.629328099769007,2.07647171444992,-1.28368754720016,-0.792784167249804,5378.13800657447,-4842.11820029973,-536.019806274741
0.629523609624386,2.08993484345288,-1.17957304682218,-0.910361796630754,5520.56855650846,-4623.37972228572,-897.18883422274
0.629627451671974,2.09388604649952,-1.12240860555796,-0.971477440941606,5587.82448948527,-4499.98909650287,-1087.8353929824
0.629706096144453,2.09539486128992,-1.07831387765022,-1.01708098363974,5634.80644800402,-4403.33657632858,-1231.46987167544
0.629807512024571,2.09545075262399,-1.02048912233811,-1.07496163028592,5690.29936542098,-4274.74831244116,-1415.55105297983
0.629940747958165,2.09229013209696,-0.942966985199751,-1.14932314689726,5754.40093448645,-4099.26161271812,-1655.13932176833
0.630073983891758,2.08546275800061,-0.86379307546246,-1.22166968253819,5808.41667677687,-3916.591810134,-1891.82486664286
0.630207219825351,2.07498061663367,-0.783104851646898,-1.29187576498682,5852.25339794935,-3727.05636048482,-2125.19703746453
0.630340455758944,2.06086203396744,-0.701043890705104,-1.35981814326238,5885.83398451083,-3530.98781545905,-2354.84616905178
0.630537902243397,2.03331525437523,-0.577263256410647,-1.45605199796462,5916.60607522859,-3229.26134854158,-2687.34472668701
0.63080697120698,1.98323648076857,-0.405201240780964,-1.57803523998765,5921.90397894615,-2798.58192270704,-3123.32205623911
0.631076040170563,1.91900421850916,-0.230250195295023,-1.68875402321418,5884.96722166584,-2347.95130701365,-3537.01591465219
0.631209558385472,1.88197660392838,-0.142650011419913,-1.73932659250851,5850.99694705836,-2117.66224341541,-3733.33470364295
0.631343076600381,1.84163781499629,-0.0548045930841566,-1.78683322191218,5806.72479025722,-1883.65867894026,-3923.06611131696
0.63147659481529,1.79805906643063,0.0331323976539682,-1.83119146408464,5752.22990869499,-1646.35046436559,-4105.8794443294
0.631565110419632,1.76741398011221,0.0914172346274079,-1.85883121473966,5710.5063064524,-1487.3765299599,-4223.12977649251
0.631676008437911,1.72709637814883,0.164328272397551,-1.89142465054642,5652.00393011203,-1286.61190959403,-4365.392020518
0.631811004594582,1.67519804777263,0.252794774174545,-1.92799282194721,5571.54081776944,-1040.16375388342,-4531.37706388602
0.632010103293935,1.59321296131399,0.38234619731216,-1.97555915862618,5434.67228259102,-673.536955340536,-4761.13532725048
0.632131500654222,1.54012084899173,0.46067200636727,-2.00079285535903,5340.7091638553,-448.505086810417,-4892.20407704489
0.632155229885669,1.52947538676904,0.475912320509865,-2.00538770727894,5321.42384076816,-404.417897643138,-4917.00594312503
0.632241822745261,1.4899166555826,0.531287976851324,-2.02120463243395,5248.55492218606,-243.386570354132,-5005.16835183193
0.632432667085405,1.3989240789605,0.65182485666101,-2.05074893562154,5074.40089673763,111.805461584502,-5186.20635832213
0.632623511425549,1.30291126102123,0.770008112969593,-2.07291937399086,4882.02595698767,466.564499359191,-5348.59045634686
0.632814355765693,1.20221306088783,0.885427876718478,-2.08764093760633,4672.10417466178,819.658394218256,-5491.76256888004
0.632954858445179,1.12526939838409,0.968419817929336,-2.09368921631345,4506.72684595151,1077.88920327936,-5584.61604923087
0.633027865703399,1.08440115339261,1.01082096495822,-2.09522211835085,4417.2796484578,1211.31074834403,-5628.59039680182
0.63312705108323,1.02797494283593,1.06756211414432,-2.09553705698027,4292.05622131827,1391.51624401839,-5683.57246533665
0.633247823061796,0.957932390601884,1.13523970089432,-2.09317209149623,4133.97672316952,1609.07663335217,-5743.05335652169
0.633368595040362,0.886510384226925,1.20128233029315,-2.0877927145201,3969.94331211363,1824.31935369119,-5794.26266580482
0.633422532598717,0.854186462941679,1.23023128629912,-2.08441774924082,3894.80545200087,1919.64105405146,-5814.44650605232
0.633509763682584,0.801399884930026,1.27629314362938,-2.07769302855942,3770.94012805304,2072.60697071422,-5843.54709876725
0.633637816328834,0.7228433750066,1.34215341317191,-2.06499678817853,3584.03183827242,2294.26819279428,-5878.3000310667
0.63384410720171,0.59393957672579,1.44359501047267,-2.03753458719848,3270.99382816751,2643.24807985304,-5914.24190802055
0.634116370242473,0.420178593442933,1.56806392269764,-1.98824251614058,2837.29412201881,3086.37499565501,-5923.66911767382
0.634388633283237,0.243345356177575,1.68107721201146,-1.92442256818905,2382.87749038699,3506.96975300675,-5889.84724339374
0.634538335070314,0.145170218355674,1.73809684122906,-1.88326705958474,2125.11888192121,3727.74685504085,-5852.86573696205
0.634688036857392,0.0466778136096661,1.79126812625589,-1.83794593986556,1862.66781411528,3940.26522677038,-5802.93304088566
0.634837738644469,-0.0519138477455778,1.84047389885887,-1.78856005111329,1596.1055564272,4144.05530503708,-5740.16086146428
0.634932474840836,-0.114275540573358,1.86952308205916,-1.7552475414858,1425.51239910679,4268.34098933659,-5693.85338844339
0.635027211037204,-0.176535224943579,1.89691502260853,-1.72037979766495,1253.65747982954,4388.84113499884,-5642.49861482837
0.635168429634257,-0.269017654488876,1.93461175782496,-1.66559410333608,995.515537772471,4561.17809586095,-5556.69363363342
0.635391015395333,-0.413568964539961,1.98624356405369,-1.57267459951372,585.063399360622,4814.33192066173,-5399.39532002235
0.635476789422245,-0.468815720896761,2.0035766073649,-1.53476088646814,425.894108896234,4905.74599326315,-5331.64010215938
0.635566158789526,-0.52601316279061,2.02008681074215,-1.49407364795154,259.731741437833,4997.19471573106,-5256.92645716889
0.63568990818824,-0.604508370826645,2.04031238586119,-1.43580401503454,29.3705578807958,5117.2823928245,-5146.65295070529
0.635813657586954,-0.682089130917767,2.05745331583163,-1.37536418491385,-201.033000483741,5229.63156939635,-5028.59856891261
0.636004828072052,-0.799828770258193,2.07780397572712,-1.27797520546892,-556.120743394549,5387.53984808869,-4831.41910469414
0.636201191006218,-0.917755701704673,2.09090670535652,-1.17315100365183,-918.738758129686,5529.506306231,-4610.76754810131
0.636301146464746,-0.976506820962405,2.09452711500567,-1.11802029404325,-1102.17633151181,5593.76581540822,-4491.58948389641
0.636374752220668,-1.01916051026399,2.09587228444619,-1.07671177418218,-1236.58082486279,5637.56281617871,-4400.98199131592
0.636479416999132,-1.07886089680176,2.09585402669868,-1.01699312989689,-1426.51910801198,5694.63284276962,-4268.11373475763
0.636583062434071,-1.13682981265283,2.09360224035451,-0.956772427701657,-1613.08578517948,5745.07617303249,-4131.99038785301
0.636686707869009,-1.19359377903629,2.08913021140327,-0.895536432366954,-1797.94308765733,5789.42619263267,-3991.48310497535
0.636756570208648,-1.23114976278015,2.08486507369437,-0.853715310914193,-1921.49734300275,5815.86173939927,-3894.36439639651
0.636859457154043,-1.28536826458687,2.07675585684419,-0.791387592257286,-2101.73601109337,5849.68275592045,-3747.94674482708
0.636996948385314,-1.35570589945729,2.06253507669222,-0.706829177234906,-2339.0996113038,5885.32475944338,-3546.22514813958
0.637205648973487,-1.45755603327677,2.03361702748431,-0.576060994207516,-2690.77307064322,5918.41627810191,-3227.64320745869
0.637322832926267,-1.51205760838762,2.01353038619429,-0.501472777806636,-2883.37134679239,5925.86388846148,-3042.49254166909
0.637440016879048,-1.56451045807907,1.99071418454869,-0.426203726469581,-3072.06294836829,5925.27826453005,-2853.21531616176
0.637557200831829,-1.61484249102542,1.96519968709966,-0.350357196074204,-3256.58847583409,5916.6597333746,-2660.07125754052
0.637742999570115,-1.69010664110326,1.91931619494039,-0.229209553837095,-3539.91504052906,5886.57557186653,-2346.66053133747
0.637906913133665,-1.75174316910239,1.8733994410542,-0.121656271951772,-3779.92141456545,5843.3832229002,-2063.46180833475
0.637998233065067,-1.78409146586419,1.84564541505903,-0.0615539491948026,-3909.37936073562,5812.58114592085,-1903.20178518524
0.638122884484152,-1.82586498439195,1.80531886119932,0.0205461231926618,-4080.84764262721,5762.82315588834,-1681.97551326113
0.638247535903236,-1.86483811737875,1.7622241626579,0.102613954720886,-4246.05451947999,5704.22688343902,-1458.17236395903
0.638372187322321,-1.90095217509985,1.71642666458134,0.184525510518545,-4404.75082964798,5636.88174486717,-1232.13091521919
0.638496838741405,-1.93415193251107,1.66799650170525,0.266155430805863,-4556.69380606176,5560.89104042545,-1004.19723436369
0.638688467579414,-1.97937386351434,1.58860942582113,0.39076443769325,-4776.49648058165,5427.52974210325,-651.033261521597
0.638811054114614,-2.00456295810174,1.53476731811498,0.469795639986802,-4908.13392664478,5331.83812128606,-423.704194641281
0.638864687662543,-2.01465366006007,1.51048362736461,0.504170032695511,-4963.46408110219,5287.4643909778,-324.000309875617
0.638947030997578,-2.02902979826652,1.47237232845535,0.556657469811215,-5045.65366713283,5216.42562053802,-170.771953405191
0.639029374332613,-2.04204766704689,1.43327618920025,0.60877147784668,-5124.46353639731,5141.89567224588,-17.4321358485727
0.639163687884646,-2.06034205430519,1.36747035450095,0.692871699804276,-5245.60749584582,5012.98798871772,232.6195071281
0.639379195924338,-2.08201016695871,1.25689946777286,0.825110699185889,-5420.30848327084,4787.71848690307,632.589996367775
0.639552319083375,-2.09251823924836,1.16385521208993,0.928663027158468,-5542.74440105741,4590.77040213963,951.973998917785
0.639663406052163,-2.09600625637964,1.10229886694604,0.993707389433644,-5612.7259286373,4457.15980265392,1155.56612598338
0.639729329169736,-2.09686956440888,1.0651240505008,1.03174551390813,-5651.03329519058,4375.28054854486,1275.75274664573
0.639817851417643,-2.09661372537857,1.014493937922,1.08211978745661,-5698.65047179322,4262.39507836047,1436.25539343275
0.639947353215783,-2.09331893334837,0.939035189046816,1.1542837443016,-5760.34911194519,4091.36365890414,1668.98545304105
0.640076855013923,-2.08656030301167,0.86202279774788,1.22453750526383,-5812.51369790629,3913.561795801,1898.95190210529
0.640206356812063,-2.07634906357005,0.783582553586167,1.29276650998392,-5855.05980598791,3729.28026695914,2125.77953902877
0.640335858610203,-2.06270208879114,0.703844472057153,1.35885761673403,-5887.91675815867,3538.82450365448,2349.09225450418
0.640528909533706,-2.03603867683674,0.582896158517132,1.45314251831966,-5918.78670125963,3244.23524408526,2674.55145717437
0.64079420696724,-1.98724005900971,0.413376771380347,1.57386328762941,-5925.71988569082,2820.42483720941,3105.2950484814
0.641059504400774,-1.92466229385245,0.240991699044318,1.68367059480817,-5891.58595155205,2377.07339510704,3514.51255644501
0.641212291986589,-1.8824990152059,0.140782474386784,1.74171654081915,-5853.34078588091,2113.81626918067,3739.52451670024
0.641334822367497,-1.84554305247877,0.0601628350356649,1.78538021744314,-5812.91458047079,1899.11810098427,3913.79647948652
0.641457352748405,-1.80585441286933,-0.0205416605569929,1.82639607342636,-5763.87332329068,1681.61577257239,4082.25755071828
0.641579883129313,-1.76349146965312,-0.101213541596322,1.86470501124948,-5706.29059075044,1461.62665448667,4244.66393626377
0.641702413510221,-1.71851654017935,-0.181734821692051,1.90025136187144,-5640.25208536865,1239.47305037776,4400.77903499089
0.641824943891129,-1.67099608061142,-0.261986758384037,1.9329828389955,-5565.85585771431,1015.48284322393,4550.37301449037
0.642014910852382,-1.5924827794067,-0.385552036612525,1.97803481601926,-5434.30254456856,665.487842447075,4768.81470212148
0.642142372135143,-1.53658962696017,-0.467746211625222,2.00433583858542,-5335.12810841617,429.166999907814,4905.96110850836
0.642200531849399,-1.51025512367135,-0.505019799399763,2.01527492307115,-5287.0105867198,321.054459477845,4965.95612724196
0.642291082813951,-1.46825869655543,-0.562704992639456,2.03096368919491,-5208.59476888734,152.550632219188,5056.04413666815
0.642360123888279,-1.43543702689982,-0.606385413206501,2.04182244010635,-5145.9672353393,23.9790654408898,5121.98816989841
0.642429164962607,-1.40194021958728,-0.649780413408545,2.05172063299586,-5080.91798561628,-104.603511421233,5185.52149703752
0.642553511431064,-1.33996928089354,-0.727138174701745,2.06710745559531,-4957.7735270901,-335.980566480203,5293.75409357031
0.642765728248915,-1.22959281145423,-0.856470361871932,2.08606317332618,-4730.36111738213,-729.288768334008,5459.64988571614
0.642912088065151,-1.15022781978973,-0.943519236314578,2.09374705610434,-4561.1552989785,-998.865015314737,5560.02031429324
0.642984678619726,-1.10993881578967,-0.985979757851446,2.09591857364114,-4473.60460945085,-1131.86646927528,5605.47107872612
0.643063701893539,-1.06542660118792,-1.03161639212575,2.0970429933137,-4375.65622540019,-1275.9736192127,5651.62984461289
0.643168214691764,-1.005559140044,-1.09098588034036,2.09654502038438,-4241.99462041301,-1465.32066278255,5707.31528319556
0.643247422794421,-0.959458171884908,-1.13520393217958,2.09466210406451,-4137.6331416836,-1607.79153876217,5745.42468044577
0.643359667528896,-0.893126056545299,-1.19664758134533,2.08977363789065,-3985.38761470127,-1807.93668409042,5793.32429879169
0.643504524845325,-0.805905721094242,-1.27372197677832,2.07962769787258,-3781.6421465229,-2062.83669249764,5844.47883902054
0.643649382161754,-0.717018082095713,-1.34815898298237,2.0651770650781,-3570.06932380396,-2313.46432903626,5883.53365284021
0.643841444140894,-0.596940168619032,-1.44249840820404,2.03943857682308,-3278.31119261413,-2638.20594777158,5916.51714038571
0.644096878624942,-0.434034622666157,-1.55971968279048,1.99375430545664,-2872.20486156374,-3054.82796970127,5927.03283126501
0.644344692125666,-0.273306465662021,-1.66387102923035,1.93717749489238,-2460.53334807041,-3440.29921238058,5900.83256045098
0.644522957670179,-0.15654001212363,-1.73264116828626,1.88918118040989,-2154.86807607488,-3705.00322003544,5859.87129611032
0.644640832057125,-0.079013388092192,-1.77515777430762,1.85417116239981,-1948.91533127452,-3873.75946765422,5822.67479892875
0.644703955238703,-0.0374400462382343,-1.7969313621454,1.83437140838363,-1837.49208358502,-3961.97163726922,5799.46372085424
0.644797544884839,0.0242123059868554,-1.82790600924256,1.8036937032557,-1670.99500803983,-4089.86166865078,5760.85667669061
0.644926141363781,0.108865926352712,-1.86787682556889,1.75901089921618,-1439.93141524112,-4259.76884606284,5699.70026130396
0.645054737842724,0.193339492828034,-1.90479850043331,1.71145900760527,-1206.52292820441,-4422.71929902297,5629.24222722738
0.645183334321667,0.277496940091765,-1.93861174291126,1.66111480281949,-971.145857485288,-4578.45108654176,5549.59694402704
0.645381153903703,0.40597265348724,-1.98441352885265,1.57844087536541,-606.251141419327,-4803.25172494512,5409.50286636445
0.64550711235977,0.487024132193207,-2.00960699897704,1.52258286678382,-372.508807647589,-4936.83687895169,5309.34568659928
0.645546396663902,0.512160261370164,-2.01682476266556,1.50466450129539,-299.449716649417,-4976.94025002584,5276.38996667526
0.64563881640742,0.570970292438924,-2.03258841726462,1.46161812482569,-127.441231216013,-5068.26827718852,5195.70950840453
0.645731236150937,0.629295529075602,-2.04663733457862,1.41734180550301,44.6655994924981,-5155.31666431346,5110.65106482096
0.645894506100883,0.730974257549447,-2.06722615275147,1.33625189520201,348.434085958416,-5298.38598988065,4949.95190392224
0.646137174698228,0.878381371262477,-2.08775512972886,1.20937375846636,797.732919953406,-5485.07555839459,4687.34263844118
0.64625941199407,0.950812511862214,-2.09351710634262,1.14270459448039,1022.64174847227,-5567.1880436933,4544.54629522103
0.646340092128825,0.997864442431722,-2.09562945383068,1.09776501139894,1170.30447502553,-5616.900517249,4446.59604222347
0.646461202332968,1.06726778249713,-2.09627136506295,1.0290035825658,1390.4789039383,-5684.72312541028,4294.24422147199
0.646582312537111,1.13512270857235,-2.09387827589046,0.958755567318086,1608.63062880316,-5744.31101794287,4135.68038913971
0.646703422741254,1.20133319995056,-2.08845391410054,0.887120714149958,1824.4505744412,-5795.58084831022,3971.13027386902
0.646824532945396,1.26580362392046,-2.08000616588955,0.814202541969058,2037.62691633539,-5838.45877126047,3800.83185492508
0.646945643149539,1.32844054442715,-2.06854725116697,0.740106706739793,2247.8506742832,-5872.88264553152,3625.03197124833
0.647121781383927,1.41605423735128,-2.04654830106751,0.630494063716208,2547.61406714059,-5907.75078655052,3360.13671940993
0.647225819655921,1.46580244396338,-2.03060126717918,0.564798823215766,2721.12922504039,-5919.86078192539,3198.73155688499
0.647284767072471,1.49330142313366,-2.02060030394805,0.527298880814361,2818.17633293529,-5923.91553160658,3105.73919867129
0.647402433395544,1.54663998003231,-1.99857197426595,0.45193199423361,3008.92958404052,-5925.92837170717,2916.99878766665
0.647520099718617,1.59786218955293,-1.97381304268318,0.37595085313022,3195.56178946742,-5919.84076371664,2724.27897424922
0.64770005640973,1.6719287368369,-1.93075559974203,0.258826862905091,3472.37107216112,-5894.89590904633,2422.52483688521
0.647884338258977,1.74223239577807,-1.88027410448567,0.138041708707554,3744.31300403715,-5849.83830183799,2105.52529780084
0.647959681085502,1.76932336219926,-1.85779816144516,0.0884747992458627,3851.99566108009,-5825.74967985836,1973.75401877827
0.648006050429323,1.78550445419331,-1.84344653534462,0.0579420811512752,3917.19965108386,-5809.29900238314,1892.09935129928
0.648115455083551,1.82216639058286,-1.80804618557237,-0.0141202050105286,4067.69163868438,-5765.6101429905,1697.91850430612
0.648224859737779,1.85667306101379,-1.77051093646128,-0.0861621245525434,4213.36858837784,-5715.10882276272,1501.74023438488
0.648360607646602,1.89642915865404,-1.72104024337889,-0.175388915275193,4387.16126867645,-5643.07426121745,1255.912992541
0.648496355555425,1.93273524838213,-1.66843968659302,-0.264295561789146,4552.97218092933,-5560.77600857532,1007.80382764599
0.648686746659764,1.97770404539892,-1.58959929102291,-0.388104754376047,4771.44201050882,-5428.38837194653,656.946361437706
0.648809660586879,2.00299717548103,-1.53564306008636,-0.467354115394714,4903.51656710196,-5332.54221537013,429.025648268166
0.648872178663749,2.01472079312865,-1.50730898485261,-0.50741180827608,4967.91432381964,-5280.71911411556,312.804790295914
0.648986615280218,2.03415845979292,-1.45395580983403,-0.580202649958929,5080.78270579215,-5180.61170191285,99.8289961206983
0.649101051896688,2.05096505222868,-1.39872483099544,-0.652240221233281,5187.0762513609,-5073.80888263533,-113.267368725566
0.649277631060656,2.07168154190117,-1.31000722952922,-0.76167431237199,5337.83886807784,-4896.24576920672,-441.593098871124
0.649526835173921,2.09004859753657,-1.1780802323003,-0.911968365236311,5522.47023443881,-4620.31617702729,-902.154057411521
0.649616829132343,2.09354494540518,-1.12857100298991,-0.964973942415314,5580.9549223378,-4513.51879249384,-1067.43612984396
0.649694808685203,2.09522002270124,-1.08494081638112,-1.01027920632016,5628.02071830412,-4418.0574221795,-1209.96329612462
0.649810074638101,2.09539081494388,-1.01927405180818,-1.07611676313574,5691.37980680264,-4272.13122908855,-1419.24857771409
0.649925340591,2.09281257613538,-0.952272312870358,-1.14054026326507,5747.26904709027,-4120.60427669686,-1626.6647703934
0.650040606543899,2.08748891876085,-0.88402169729335,-1.20346722146755,5795.61775096902,-3963.67176711157,-1831.94598385744
0.650155872496798,2.07942684574724,-0.814611592356007,-1.26481525339128,5836.36276327433,-3801.53936358444,-2034.82339968989
0.650271138449697,2.06863691721234,-0.744133131991666,-1.32450378522072,5869.45054418233,-3634.41998655198,-2235.03055763035
0.650443979766236,2.04738280138357,-0.636681339627857,-1.41070146175576,5904.61510090146,-3375.0344744226,-2529.58062647886
0.650691038007755,2.00656072867405,-0.479996397075198,-1.5265643315989,5924.63456500954,-2987.40750739352,-2937.22705761601
0.650993002445969,1.94032732582821,-0.284769110849293,-1.65555821497896,5900.72336228748,-2489.75019705759,-3410.97316522988
0.651158281235419,1.89659977982618,-0.17658411060787,-1.72001566921835,5865.13524861108,-2207.25938085259,-3657.87586775849
0.651323560024869,1.84775853431066,-0.06792643953377,-1.77983209477693,5813.72977222997,-1918.82440202044,-3894.90537020954
0.65138377168126,1.82871168278409,-0.0282640586746799,-1.80044762410945,5791.08724628595,-1812.37297365434,-3978.71427263161
0.651457034927565,1.8046557969433,0.0200027293652356,-1.82465852630857,5760.74114524401,-1681.98822479099,-4078.75292045303
0.651573113498127,1.764594598294,0.0964317695970697,-1.8610263678911,5706.42131382655,-1473.64281911854,-4232.77849470801
0.65172441714496,1.70887033724969,0.195827290005716,-1.90469762725544,5624.24442399988,-1199.22213112918,-4425.0222928707
0.651875720791794,1.64928465671598,0.294779283899603,-1.94406394061562,5529.35707174915,-922.093371232399,-4607.26370051675
0.652079644221624,1.56313189147516,0.427007985190858,-1.99013987666605,5381.79135233566,-545.52281455515,-4836.26853778051
0.652157370334409,1.52856281486576,0.477010565053514,-2.00557337991931,5319.65704906472,-401.217688456756,-4918.43936060796
0.652234353535845,1.49342632034922,0.526252506560176,-2.01967882690943,5254.98866826795,-258.061581134466,-4996.92708713348
0.652330580743439,1.44828356075963,0.587361730528624,-2.03564529128828,5169.83955540485,-78.9329157567847,-5090.90663964806
0.652426807951033,1.40181700785263,0.647932929128949,-2.04974993698161,5079.96272488462,100.265543228274,-5180.2282681129
0.652553284747933,1.33880789883662,0.726625956581168,-2.06543385541782,4954.79420043128,335.603376351468,-5290.39757678274
0.652752281835074,1.23546935109395,0.8480212608858,-2.08349061197978,4742.17863159314,704.517966220407,-5446.69659781355
0.652907314672546,1.1515727503498,0.940348588435361,-2.09192133878518,4563.6055163028,990.169074784571,-5553.77459108737
0.653006566347339,1.09639869968155,0.998316231090192,-2.09471493077177,4443.53554100309,1171.90618723255,-5615.44172823564
0.65313088222256,1.02580138177893,1.0695372819946,-2.09533866377356,4287.07705398622,1397.8814286938,-5684.95848268001
0.653255198097782,0.953639740010074,1.13912507511035,-2.09276481512045,4124.07813577285,1621.71970222392,-5745.79783799677
0.653379513973003,0.8800226524448,1.20697482790561,-2.08699748035044,3954.78512577187,1843.08369681265,-5797.86882258453
0.653503829848224,0.80506220891688,1.2729832854501,-2.078045494367,3779.45597911746,2061.636426151,-5841.09240526846
0.653628145723445,0.728872759319839,1.33704975535678,-2.06592251467664,3598.35826056585,2277.04444547057,-5875.40270603642
0.653809048701628,0.616080038695756,1.42658210603438,-2.04266214473016,3325.17466727397,2584.120359226,-5909.29502649997
0.654061827490539,0.45530667991616,1.54384530787065,-1.99915198778683,2925.88518436912,2998.7921859496,-5924.67737031872
0.654368035914454,0.256907155248991,1.67273160424305,-1.92963875949205,2418.03798399676,3475.33531389043,-5893.37329788719
0.65451040241117,0.163608616027997,1.72754466014824,-1.89115327617625,2173.67845867066,3686.54075452026,-5860.21921319092
0.654652768907886,0.0699877301912071,1.77889669207281,-1.84888442226402,1924.9809942499,3890.35392384673,-5815.33491809663
0.65473327594334,0.016960706787279,1.80637193529351,-1.82333264208079,1782.57645969663,4002.20990933699,-5784.78636903362
0.654813782978794,-0.0360752638510479,1.83268966880901,-1.79661440495797,1639.03526505438,4111.49839876666,-5750.53366382104
0.654940716880673,-0.119621131229408,1.87178800124237,-1.75216687001296,1410.66136442544,4278.40739985612,-5689.06876428156
0.655067650782552,-0.20297570852139,1.90790830332747,-1.70493259480608,1180.04592012172,4438.50693403111,-5618.55285415284
0.65522125996538,-0.303391587297313,1.94755107425802,-1.6441594869607,898.523395874603,4622.76419218564,-5521.28758806024
0.655445133090118,-0.448347521902545,1.99715919363675,-1.5488116717342,484.841876816982,4871.80576664132,-5356.64764345831
0.65555812827175,-0.520765545185829,2.01847877094076,-1.49771322575493,274.858006223602,4988.51759691595,-5263.37560313955
0.655671123453383,-0.592526568335279,2.03725342288941,-1.44472685455412,64.52908770658,5098.93801758275,-5163.46710528933
0.655784118635015,-0.663539389595424,2.05345934658291,-1.38991995698748,-145.877485037633,5202.92660829235,-5057.04912325472
0.655958920214025,-0.771682579052508,2.0734170318285,-1.30173445277598,-470.816761054441,5350.78289516353,-4879.96613410909
0.656210656718811,-0.923166507573661,2.09115026096396,-1.16798375339028,-935.763631822011,5535.16452733286,-4599.40089551085
0.656321051479184,-0.987897136115644,2.0948151812528,-1.10691804513714,-1138.183618894,5605.24979107532,-4467.06617218132
0.656371762297883,-1.01724310920585,2.09565403981338,-1.07841093060751,-1230.7388011025,5635.19269840479,-4404.45389730229
0.656461117828863,-1.06831162982928,2.09583651210663,-1.02752488227734,-1393.02731568915,5684.45710553969,-4291.42978985053
0.656582988480791,-1.13658781813879,2.09342196218469,-0.956834144045872,-1612.54258242122,5744.40524446028,-4131.86266203907
0.656704859132719,-1.20319726824754,2.08793798050288,-0.884740712255311,-1829.69181817694,5795.92874521218,-3966.23692703524
0.656826729784646,-1.26804392615025,2.07939269887842,-0.81134877272814,-2044.16162733177,5838.95401884027,-3794.7923915085
0.656948600436574,-1.33103255192149,2.0677986242765,-0.736766072354977,-2255.63700613608,5873.41784810517,-3617.7808419691
0.657124074521429,-1.41825235912378,2.04579052601471,-0.627538166890905,-2554.16140460225,5907.89447482876,-3353.73307022651
0.657224787994816,-1.46640169909843,2.03034098618792,-0.563939287089461,-2722.11748965592,5919.58480452996,-3197.46731487404
0.65727908364212,-1.49175710919764,2.02116607393522,-0.529408964737548,-2811.55700809203,5923.42841454346,-3111.87140645143
0.657395922750638,-1.54482686068071,1.99943490274569,-0.454608042064944,-3001.17478189392,5925.84845227105,-2924.67367037713
0.657512761859156,-1.59581359216207,1.9750096985562,-0.379196106394097,-3186.74267901939,5920.28107943309,-2733.5384004137
0.657691183070684,-1.66948057880752,1.93259964729548,-0.263119068487921,-3461.66793081333,5896.39847405338,-2434.73054324005
0.657882930479775,-1.74279199183015,1.88026333330414,-0.137471341473954,-3744.95994529988,5850.09620000273,-2105.13625470285
0.657957273043459,-1.76954744881512,1.85811248430644,-0.0885650354912798,-3851.26732288104,5826.41173073869,-1975.14440785765
0.658016874621503,-1.79030074223929,1.83962075770472,-0.0493200154653983,-3934.97922426905,5805.12530632337,-1870.14608205433
0.6581339517434,-1.82922465532833,1.80143152704788,0.0277931282804915,-4095.33959784396,5757.39811368636,-1662.0585158424
0.658251028865296,-1.86567279110801,1.76080567817481,0.104867112933237,-4250.154034327,5701.88053670164,-1451.72650237464
0.658368105987192,-1.89959750359267,1.71779691453366,0.181800589059054,-4399.21968217002,5638.64672473292,-1239.4270425629
0.658485183109089,-1.93095293653467,1.67246338643465,0.258489550100067,-4542.33503386135,5567.78226226006,-1025.44722839871
0.658673061006489,-1.97577782169981,1.59503950693798,0.380738314761871,-4758.99923227839,5438.41002462755,-679.410792349163
0.658802784732436,-2.00273119191669,1.53830405209152,0.464427139825215,-4899.01889561472,5337.96981857804,-438.950922963328
0.658862410988096,-2.01401034722556,1.51135556368495,0.502654783540657,-4960.67977836217,5288.80468802805,-328.124909665873
0.658953351280697,-2.02984842092554,1.46924068434873,0.560607736576844,-5051.35115938271,5210.25772501693,-158.906565634221
0.659044291573298,-2.04402909019696,1.42592693761859,0.618102152578415,-5137.8958799639,5127.45720008261,10.4386798812884
0.659190461005786,-2.06331685248245,1.35389943543679,0.7094174170457,-5268.15382593924,4985.65885281203,282.494973127211
0.659415716563737,-2.08450057170135,1.23742330646273,0.847077265238664,-5446.96827699095,4746.79160072918,700.176676261779
0.659582294005069,-2.09346773974979,1.1472370246509,0.946230715098936,-5561.77253567615,4554.73042977608,1007.04210590006
0.65965360178042,-2.09555736304119,1.10763627929814,0.987921083743092,-5606.30428518538,4468.62876991059,1137.67551527479
0.659729215833502,-2.09662362230944,1.06503960420797,1.03158401810151,-5650.4455541938,4374.88227669676,1275.56327749703
0.659827840443325,-2.09623589408018,1.00858554871123,1.087650345369,-5703.21645265614,4248.91489693287,1454.30155572328
0.659877301624182,-2.09528352766541,0.979901534986301,1.11538199267915,-5727.62548947714,4184.18850592176,1543.43698355538
0.659986815562093,-2.09137539160971,0.915569168659378,1.17580622295037,-5776.73130204302,4037.32459930499,1739.40670273803
0.660096329500004,-2.08499191491136,0.850153731343495,1.23483818356791,-5818.99738223194,3885.68251924754,1933.3148629844
0.660205843437915,-2.07614061676407,0.783731021873513,1.2924095948906,-5854.37527409512,3729.43823329392,2124.9370408012
0.660346989602746,-2.06111184798095,0.696776288257465,1.36433555972353,-5889.74038317937,3521.60492586973,2368.13545730964
0.660557470823965,-2.03119723924456,0.564667889996361,1.46652934924824,-5920.94665474619,3199.07826102292,2721.86839372326
0.660833185580326,-1.97863902420275,0.388070236040466,1.59056878816232,-5922.70105255785,2755.92886504988,3166.77218750796
0.661061581663057,-1.92383738120404,0.23945635966203,1.68438102154205,-5890.56254748419,2372.89822612999,3517.6643213542
0.661226330393184,-1.87812558547812,0.131391460988341,1.74673412448982,-5848.54495564197,2088.77002635152,3759.77492929045
0.661324186378886,-1.84857557219568,0.066997983126045,1.78157758906967,-5816.15286570697,1917.25249969005,3898.90036601692
0.661448315208596,-1.80858748292521,-0.014754366554734,1.82334184947998,-5767.16147130284,1697.13207250585,4070.02939879699
0.661572444038305,-1.76585061448687,-0.0964816534047914,1.8623322678917,-5709.39902441114,1474.43686872885,4234.96215568228
0.661696572868015,-1.72042907658941,-0.178062109711968,1.89849118630142,-5642.95336779403,1249.49934074185,4393.45402705217
0.661820701697724,-1.67239176937287,-0.25937218574772,1.93176395512062,-5567.92571163787,1022.66039536364,4545.26531627423
0.662009307393596,-1.59458677284982,-0.382080279233652,1.97666705208351,-5437.80645947001,675.249477078821,4762.55698239119
0.662137759003678,-1.5383589298072,-0.464938457607148,2.00329738741438,-5338.20327806515,437.131082004122,4901.07219606102
0.662199900405792,-1.51024539724276,-0.504770310820389,2.01501570806318,-5286.87405066226,321.625369819245,4965.24868084302
0.662315652915282,-1.4563614227102,-0.578427098498506,2.03478852120874,-5185.92124428196,106.218377907437,5079.70286637452
0.662431405424772,-1.40055354872688,-0.651316742044509,2.05187029077142,-5078.11249999278,-109.322690508556,5187.43519050133
0.662547157934262,-1.34289385054628,-0.723345461473515,2.06623931201982,-4963.58764687168,-324.720164269566,5288.30781114124
0.662731760668328,-1.2473289897753,-0.836160725507099,2.08348971528243,-4767.49556149051,-667.114590769655,5434.61015226017
0.662900867651911,-1.15609187585839,-0.937056870018267,2.09314874587668,-4573.76977314845,-978.853214193269,5552.62298734172
0.662990983185425,-1.10610315670285,-0.989784324632313,2.09588748133518,-4465.1843515959,-1143.97393674388,5609.15828833978
0.663027495849941,-1.08559186555107,-1.01092719271117,2.09651905826226,-4420.15859381709,-1210.6310535108,5630.78964732789
0.663117733347351,-1.03430047647311,-1.06259560609063,2.09689608256376,-4306.4142782045,-1374.64174839286,5681.05602659736
0.663239655626912,-0.96369715269781,-1.13103195667073,2.09472910936856,-4147.27301625146,-1594.42929566425,5741.70231191571
0.663389173755727,-0.875207032040568,-1.21267172928739,2.08787876132798,-3943.85902504631,-1860.70061805194,5804.55964309825
0.663538691884543,-0.784786696582328,-1.29163714289637,2.07642383947871,-3731.74605479927,-2122.86886468814,5854.6149194874
0.663688210013358,-0.692634690908112,-1.36775483107366,2.06038952198178,-3511.39998201727,-2380.35841868065,5891.75840069792
0.663888488735933,-0.566878778276952,-1.46492857485776,2.03180735313473,-3204.29550154071,-2716.8376655239,5921.13316706461
0.664153647201483,-0.397109042896205,-1.58454134621241,1.98165038910862,-2778.64909709435,-3145.34855008329,5923.99764717763
0.664418805667033,-0.224592330048548,-1.69317465211573,1.91776698216428,-2333.77462502713,-3552.07329986947,5885.8479248966
0.664554173141313,-0.135752025095619,-1.74421167377597,1.87996369887159,-2099.98826171954,-3750.6113943691,5850.59965608864
0.664689540615594,-0.0466725879582885,-1.79209012643491,1.8387627143932,-1862.41818950285,-3942.35022462023,5804.76841412308
0.664824908089874,0.0424856164030771,-1.83672444225408,1.794238825851,-1621.4926152038,-4126.94575275084,5748.43836795464
0.664872199477176,0.0736329596898907,-1.85154328576591,1.77791032607602,-1536.58451476175,-4189.71138154616,5726.29589630791
0.664933584238648,0.114034430364865,-1.87016670767463,1.75613227730976,-1425.87690402505,-4269.79379523144,5695.6706992565
0.665101476772963,0.224230168770209,-1.91751102041647,1.69328085164625,-1120.61755057352,-4480.5411573436,5601.15870791712
0.665337499794102,0.377935693179739,-1.97499025833722,1.59705456515747,-686.643065699445,-4755.46584475589,5442.10891045533
0.66546729487138,0.461689487699694,-2.00201544770533,1.54032596000562,-446.062426186417,-4895.71716743268,5341.77959361909
0.665527296312306,0.500166543426665,-2.01338946797131,1.51322292454464,-334.541512174541,-4957.83196520791,5292.37347738245
0.665610367953936,0.553135057597153,-2.02795260121082,1.47481754361365,-179.971472199058,-5040.9045352666,5220.87600746566
0.665693439595565,0.605724719660846,-2.04113360439521,1.43540888473435,-25.2841594059787,-5120.53873080272,5145.82289020869
0.665829245510056,0.690775881493214,-2.05967967076111,1.36890378926788,227.536658197821,-5243.16197309703,5015.62531489921
0.666046481738843,0.824078864343664,-2.08152816228294,1.25744929793926,630.696072740161,-5419.29608160563,4788.60000886547
0.666215750283981,0.925349281552825,-2.0918453149955,1.16649603344265,942.985786049343,-5539.13374399115,4596.1479579418
0.666326097173092,0.989999128946132,-2.09539041864245,1.10539128969629,1145.25727669757,-5608.87027678188,4463.61300008432
0.666398486419737,1.03177321941526,-2.09634823162315,1.06457501220786,1277.23187579326,-5650.96492765973,4373.73305186646
0.666470875666383,1.07301181003869,-2.09622131361997,1.02320950358125,1408.54053871585,-5690.13308939,4281.59255067414
0.666585954381122,1.13740808211322,-2.09378764767074,0.956379565557486,1615.72440184111,-5746.32163097625,4130.59722913514
0.666729892910132,1.21583897956612,-2.08689269847088,0.871053718904728,1871.82247890496,-5806.00984586266,3934.1873669577
0.666873831439142,1.29178287598338,-2.07573117193607,0.783948295952666,2124.0903522865,-5853.82642212198,3729.73606983548
0.667017769968152,1.3650855315169,-2.06032581648918,0.695240284972246,2372.01555627136,-5889.67457700894,3517.65902073758
0.667216907832673,1.46183358613252,-2.03208392177072,0.570250335638168,2706.80522846902,-5919.39598865893,3212.59076018991
0.667333175020019,1.51572560659515,-2.01190264970423,0.496177043109039,2897.55113445166,-5926.05294665487,3028.50181220322
0.667449442207365,1.56759405738438,-1.98903694286334,0.421442885478922,3084.42710145307,-5924.8008270707,2840.37372561764
0.667565709394711,1.61736914015538,-1.9635175932092,0.34614845305378,3267.1815068433,-5915.64119672001,2648.45968987671
0.667754063681919,1.69336674208328,-1.9166492839416,0.223282541858273,3553.77697129107,-5884.0715110325,2330.29453974143
0.667908050963176,1.75111580900797,-1.87333328278507,0.122217473777052,3778.9227607396,-5842.94894268193,2064.02618194234
0.668001818679713,1.78429230824216,-1.84479439231502,0.0605020840728175,3911.76267574259,-5811.19423989794,1899.43156415535
0.668124546906174,1.82536472304356,-1.80503076994916,-0.0203339530944394,4080.4573381515,-5762.0195002861,1681.5621621346
0.668247275132634,1.86372182914292,-1.76258446083874,-0.101137368304228,4243.07943198016,-5704.27785385949,1461.19842187934
0.668370003359095,1.89930751745456,-1.71751793490677,-0.181789582547838,4399.39075254978,-5638.05478438163,1238.66403183185
0.668492731585555,1.9320690248861,-1.66989810127314,-0.262170923613002,4549.159452453,-5563.44877531966,1014.28932286666
0.668683079315126,1.97716455375871,-1.59118483601873,-0.385979717740027,4767.90757524613,-5431.46701736083,663.559442114701
0.668807502268385,2.00284063877939,-1.53662165779374,-0.466218980985701,4901.77882978367,-5334.63780780498,432.858978021306
0.668863653751038,2.01343083750164,-1.51121704798876,-0.502213789512932,4959.76789097373,-5288.24840095649,328.480509982754
0.668951892288838,2.02880268049887,-1.47035257423865,-0.558450106260262,5047.75490328479,-5212.03728811577,164.282384830982
0.669040130826639,2.04261427824443,-1.4283589240002,-0.614255354244286,5131.85765995346,-5131.82059098427,-0.0370689691826556
0.669183361985667,2.06168175326983,-1.35788596727366,-0.703795785996228,5259.91937003234,-4993.26978771013,-266.649582322214
0.669406338799462,2.08303328933703,-1.24281646241122,-0.840216826925862,5437.90843188707,-4757.69147418708,-680.216957699995
0.669578993662975,2.09255706750672,-1.14946991473525,-0.943087152771518,5557.49623782711,-4559.13141486895,-998.36482295816
0.669647891046661,2.09464209219928,-1.11124048656532,-0.983401605634006,5600.69736811302,-4476.0759644254,-1124.62140368762
0.669696256930781,2.0955189483739,-1.08409158770009,-1.01142736067387,5629.45549403731,-4416.51548455928,-1212.94000947803
0.669806096524871,2.0957117821685,-1.02152765010864,-1.07418413205991,5689.91186599809,-4277.51045366023,-1412.40141233786
0.669907821278498,2.09366366944347,-0.96249961684779,-1.13116405259574,5739.85589332938,-4144.22731018569,-1595.62858314369
0.670034856069626,2.08810336489692,-0.887418658594442,-1.20068470630253,5793.98028542217,-3971.86969910045,-1822.11058632172
0.670161890860753,2.07921665996769,-0.810924242873339,-1.2682924170944,5838.8737602204,-3793.1849916289,-2045.6887685915
0.67028892565188,2.06701765944396,-0.733137712120773,-1.33387994732324,5874.46519135576,-3608.45672927305,-2266.00846208271
0.670467699998817,2.04428356320168,-0.621750465567779,-1.42253309763395,5908.68115351116,-3338.89743899376,-2569.7837145174
0.670716327619102,2.0019879498034,-0.463739756466073,-1.53824819333738,5925.2757013991,-2946.90842112256,-2978.36728027653
0.671019441794478,1.93398213585391,-0.267479736413936,-1.66650239944002,5896.70870849393,-2445.25489878782,-3451.45380970611
0.671172914861743,1.89277960249385,-0.166940960186753,-1.72583864230714,5861.83392157225,-2182.1870101067,-3679.64691146555
0.671326387929008,1.84717739294758,-0.0660188760810364,-1.78115851686659,5813.32725829723,-1914.05658316074,-3899.27067513649
0.671479860996272,1.79728245327553,0.0350507518384644,-1.83233320511404,5751.30240913424,-1641.48993558616,-4109.81247354808
0.671529137317577,1.78036362856377,0.0675088263590124,-1.84787245492283,5728.53428617924,-1553.0994572919,-4175.43482888734
0.671618924642481,1.74844522723591,0.126595260485305,-1.87504048772126,5683.52429911638,-1391.12252981266,-4292.40176930372
0.671740179229428,1.70314288414056,0.206208834631475,-1.90935171877208,5615.57336737083,-1170.67686150846,-4444.89650586237
0.671928508127712,1.62793086425822,0.329181966204509,-1.95711283046277,5493.95431602706,-825.160760310179,-4668.79355571688
0.672106141201112,1.55176134372078,0.444127669287028,-1.99588901300785,5361.60945620862,-496.586226548039,-4865.02322966059
0.672190239678767,1.51398081245036,0.498114494664871,-2.01209530711527,5293.06879732402,-340.344740560189,-4952.72405676383
0.67227509417475,1.47479035097845,0.552231794681665,-2.02702214566015,5220.16616666529,-182.463907351982,-5037.70225931331
0.672359948670732,1.43455227249157,0.605954940022876,-2.04050721251448,5143.55224184453,-24.4574524007564,-5119.09478944377
0.672444803166715,1.39329462629199,0.659246676449109,-2.05254130274114,5063.2807192703,133.56486043426,-5196.84557970456
0.672581863787041,1.32458767695871,0.744302569479737,-2.06889024643849,4926.07036601784,388.50955220656,-5314.5799182244
0.672800243323109,1.21015118532197,0.87684177205384,-2.08699295737585,4688.80843837731,792.833617870289,-5481.6420562476
0.672945782027355,1.1306540066458,0.962959412997918,-2.09361341964375,4518.2899847499,1060.4631925248,-5578.7531772747
0.673004548817732,1.0978619306816,0.997185572260099,-2.09504750294174,4446.71113977697,1167.97375056258,-5614.68489033955
0.673063309356268,1.06470068889662,1.03106599722416,-2.09576668612081,4373.62645180259,1275.06828716943,-5648.69473897202
0.673164148189817,1.00696079874092,1.08837443965004,-2.095335238391,4244.76055985077,1457.79412711907,-5702.55468696985
0.673256053779838,0.953453361518818,1.13965607282113,-2.09310943433998,4123.59284284459,1623.06351379375,-5746.65635663834
0.673371240690981,0.885279385130333,1.20257614326912,-2.08785552839948,3966.89848650719,1828.25437853192,-5795.15286503911
0.6735163311047,0.797779280360746,1.27956881082052,-2.07734809118129,3762.18242578468,2083.2393786262,-5845.42180441088
0.673661421518419,0.708621267448769,1.35390298459564,-2.06252425204443,3549.64837076525,2333.89620151246,-5883.54457227771
0.673856977519572,0.586191435191847,1.44958615734674,-2.03577759253861,3251.68952955827,2663.8764643596,-5915.56599391787
0.674116765989588,0.420289564378707,1.56811950761495,-1.98840907199368,2837.30082887468,3086.28388677662,-5923.5847156513
0.674376554459604,0.251592099671293,1.67621946113002,-1.92781156080133,2404.05009575353,3488.16566412922,-5892.21575988275
0.67453648883891,0.146743930806254,1.73732051163911,-1.88406444244537,2128.95897497569,3724.40723758983,-5853.36621256552
0.674655993075884,0.0681290851457559,1.78012860895154,-1.84825769409731,1919.82032741711,3894.85382204542,-5814.67414946253
0.674681483590694,0.0513401533955195,1.78893886126313,-1.84027901465866,1874.83917393221,3930.51588884094,-5805.35506277315
0.674753960562265,0.00359605953155992,1.8133565205755,-1.81695258010707,1746.31282200237,4030.51385859045,-5776.82668059281
0.674826437533837,-0.0441472191123228,1.8368320002565,-1.79268478114418,1616.88711208886,4128.41423283149,-5745.30134492035
0.674923684922114,-0.108162510945266,1.86682946682615,-1.75866695588089,1441.93453407033,4256.39007747369,-5698.32461154403
0.675048033864521,-0.189854400144892,1.90264005601455,-1.71278565586966,1216.30830165077,4414.20774258176,-5630.51604423253
0.675204705765039,-0.292337425594337,1.94361176037822,-1.65127433478388,929.4764300709,4603.39655789038,-5532.87298796128
0.675425429553352,-0.435401527248362,1.99330282153994,-1.55790129429158,521.886653190154,4850.80941197181,-5372.69606516196
0.675505670196311,-0.486970672682478,2.00901881635623,-1.52204814367375,372.865435117454,4935.10771915219,-5307.97315426964
0.675557328047985,-0.5200093506893,2.01846139420518,-1.49845204351588,276.793222280463,4987.72146900837,-5264.51469128884
0.675667723104223,-0.590130649789981,2.03685082419659,-1.4467201744066,71.3092831338017,5095.7136944833,-5167.02297761711
0.67577811816046,-0.659539399802764,2.05278878015293,-1.39324938035016,-134.253401773667,5197.56919036146,-5063.31578858779
0.675960364500917,-0.772308756503131,2.07368044111091,-1.30137168460777,-473.020388677645,5351.92595495057,-4878.90556627292
0.676216847737653,-0.926555602602676,2.09154685041669,-1.164991247814,-946.634744480156,5539.24506369208,-4592.61031921193
0.676335820561871,-0.996193789739876,2.09523933174298,-1.09904554200308,-1164.64293574279,5614.08659693107,-4449.44366118828
0.676368255076823,-1.01494620617567,2.09573833842723,-1.08079213225154,-1223.82280048122,5633.13807888504,-4409.31527840382
0.676442189679787,-1.05728888573077,2.09606151778281,-1.03877263205203,-1358.21873519221,5674.36744108881,-4316.1487058966
0.676548097424442,-1.11693410326241,2.09455331430684,-0.977619211044414,-1549.41125325772,5728.07481579804,-4178.66356254032
0.676713941965518,-1.20779918390053,2.08753488286295,-0.879735698962393,-1845.19524980979,5799.39114627939,-3954.1958964696
0.676879786506595,-1.2953847784711,2.07485076232835,-0.77946598385723,-2135.96666164192,5854.96591327471,-3718.99925163279
0.677045631047671,-1.37945687438822,2.05653532810547,-0.677078453717219,-2420.94820235093,5894.6520970623,-3473.70389471138
0.677216402156561,-1.4621107541072,2.03184422627358,-0.569733472166347,-2707.51782301385,5918.79853337256,-3211.28071035871
0.677296061258868,-1.49925859358362,2.0183162650405,-0.519057671456849,-2838.63857161105,5924.24243361044,-3085.60386199939
0.677406040758274,-1.54899029325899,1.99756534408483,-0.44857505082581,-3016.70197948319,5925.6550355886,-2908.95305610541
0.67751602025768,-1.59687110406534,1.97442956090176,-0.377558456836395,-3191.15805542198,5919.98983508854,-2728.83177966656
0.67769115155777,-1.66913552709045,1.93274682607369,-0.263611298983208,-3460.92900338448,5896.39008900929,-2435.46108562481
0.677881811031342,-1.74204900640873,1.88072871153118,-0.138679705122417,-3742.65388177355,5850.42116929253,-2107.76728751898
0.67795220722635,-1.76742181585043,1.85979401784033,-0.0923722019898645,-3843.40031630929,5828.12172374558,-1984.72140743629
0.678022080281688,-1.79174954268908,1.83811570412873,-0.0463661614396176,-3941.53292157437,5803.16730620789,-1861.63438463352
0.678141643063962,-1.83136056880851,1.79897850038767,0.0323820684208712,-4104.98770967875,5753.99165697186,-1649.00394729311
0.67821116222612,-1.85321087410599,1.77504792416731,0.0781629499387162,-4197.39247341388,5721.65488068614,-1524.26240727226
0.678325286167777,-1.88715399141474,1.73393756510227,0.153216426312511,-4344.70191394447,5662.66479400338,-1317.96288005891
0.678439410109434,-1.91867073376649,1.69059827546844,0.228072458298097,-4486.42386318751,5596.39372703048,-1109.96986384297
0.678612015059069,-1.96162682417999,1.62095864132909,0.340668182850944,-4689.69721535406,5482.55430153499,-792.857086180926
0.678779081506445,-1.99771523578814,1.54901161348715,0.448703622301028,-4873.33099805957,5357.01345179289,-483.68245373332
0.678861053358781,-2.01342339907998,1.51212192311686,0.501301475963166,-4958.59242767527,5289.96981290851,-331.377385233237
0.678906916910951,-2.02163055295263,1.49104127185551,0.530589281097165,-5004.86746578548,5250.92133631122,-246.053870525747
0.679003803784402,-2.03758330364563,1.44550213529611,0.592081168349561,-5099.17965704776,5164.86711028619,-65.6874532384313
0.67913893771371,-2.05667371994496,1.37976939807249,0.67690432187251,-5222.78981840586,5036.88732935564,185.902489050212
0.67934778139977,-2.07886577678539,1.27337942286614,0.805486353919297,-5395.1632597451,4821.4255762913,573.737683453797
0.679533914120369,-2.09111212753833,1.17391380701366,0.917198320524718,-5529.27680266801,4611.85912279477,917.417679873243
0.679642489995581,-2.09496011044661,1.1139896788022,0.980970431644452,-5598.84516708497,4482.22699242914,1116.61817465583
0.679734684785464,-2.09631357581295,1.06208361326954,1.03422996254345,-5652.80612218819,4368.04543938839,1284.7606827998
0.679826879575346,-2.09590778714426,1.00928749488971,1.08662029225459,-5702.02064569828,4250.19987132722,1451.82077437106
0.679908688882948,-2.09407491119074,0.961727011311474,1.13234789987931,-5741.6857118781,4142.63624830007,1599.04946357802
0.680032909809222,-2.08864773748312,0.888316624173651,1.20033111330951,-5794.64310116555,3974.1239700706,1820.51913109494
0.680183944982173,-2.07776645098066,0.797260380255612,1.28050607072509,-5847.12883534794,3761.13642360107,2085.99241174687
0.680334980155123,-2.06220819594283,0.704408843904159,1.35779935203871,-5886.45343419516,3539.68117139889,2346.77226279627
0.680532903260823,-2.03480640195331,0.580397704765638,1.45440869718771,-5917.91106942957,3237.57677965159,2680.33428977798
0.680793055086693,-1.98687293330377,0.414142989418413,1.5727299438854,-5924.48123996189,2821.86296275356,3102.61827720834
0.681053206912564,-1.92568687256414,0.245126024330465,1.68056084823371,-5891.55753395303,2387.34003366771,3504.21750028532
0.681208002581461,-1.88312098536977,0.143619937774971,1.73950104759484,-5853.27515392507,2120.81499003986,3732.46016388521
0.681327271291305,-1.84727568466661,0.0651541262092447,1.7821215584574,-5814.32337274202,1911.97228789436,3902.35108484766
0.68144654000115,-1.80883793640284,-0.0133989858840509,1.82223692228692,-5767.20501915936,1700.45410745518,4066.75091170418
0.681565808710994,-1.7678613081317,-0.0919310906718409,1.85979239880358,-5711.98713416469,1486.55283357692,4225.43430058777
0.681685077420839,-1.72440287539514,-0.170333460949567,1.89473633634474,-5648.74758890108,1270.56515225781,4378.18243664328
0.681804346130684,-1.67852346012953,-0.248496595781216,1.92702005591078,-5577.5753423794,1052.7929955655,4524.7823468139
0.681987426273977,-1.60355978346345,-0.367722891933431,1.97128267539691,-5453.16531748682,715.848215218025,4737.31710226879
0.682128732246616,-1.54204821470375,-0.458954700067558,2.00100291477134,-5344.76552536838,454.048677971653,4890.71684739673
0.682197371530551,-1.51105510488686,-0.502969467048369,2.01402457193526,-5288.27791069269,326.483592718303,4961.79431797438
0.682314864601659,-1.4563896670832,-0.577743129476547,2.03413279655978,-5185.90832693443,107.845672283113,5078.06265465132
0.682432357672767,-1.39974137753116,-0.651727358273215,2.0514687358044,-5076.47386102377,-110.933199542868,5187.40706056664
0.682549850743876,-1.34118585190755,-0.724823728337466,2.06600958024505,-4960.12115436629,-329.56162869155,5289.68278305784
0.682735153296922,-1.24518682523549,-0.838022061224204,2.08320888645972,-4763.01524731545,-673.221864095256,5436.23711141071
0.682900237572711,-1.15609000682041,-0.936500699704361,2.0925907065248,-4573.78604104288,-977.533487128953,5551.31952817184
0.682991069526933,-1.10570671546669,-0.989649133840663,2.09535584930738,-4464.34826147117,-1143.96745449497,5608.31571596613
0.68311580884256,-1.0350669954188,-1.06130429106945,2.09637128648827,-4308.17276465402,-1370.9499044151,5679.12266906911
0.683240548158186,-0.962839261986243,-1.1313278809063,2.09416714289257,-4145.38336000152,-1595.8217037281,5741.20506372962
0.683365287473813,-0.889132924098525,-1.19961407666071,2.08874700075926,-3976.22707024823,-1818.24271845284,5794.46978870107
0.683418639845068,-0.857176194234476,-1.22827183299175,2.08544802722625,-3901.97800127114,-1912.56617919007,5814.54418046121
0.683505996809708,-0.804341123838804,-1.27444090576569,2.07878202960451,-3778.05983445825,-2065.81830970868,5843.87814416693
0.683632270268051,-0.72692027209295,-1.33946158386515,2.06638185595812,-3593.95985659227,-2284.52718885411,5878.48704544638
0.683836705903173,-0.599260884795749,-1.44017253887996,2.03943342367572,-3284.18003413255,-2630.69388328761,5914.87391742015
0.684107743988707,-0.426389578404352,-1.56440329860574,1.9907928770101,-2853.08149578368,-3072.4427850992,5925.52428088288
0.68437878207424,-0.250433352195419,-1.67730826353721,1.92774161573263,-2401.35092732408,-3491.9597585566,5893.31068588068
0.684533637550243,-0.148905253571413,-1.73647677036745,1.88538202393887,-2134.98232526033,-3720.7264604672,5855.70878572753
0.684659938985579,-0.0658171842473831,-1.78170285824899,1.84752004249638,-1913.93426558219,-3900.83244761884,5814.76671320103
0.684728636891161,-0.0205647573215514,-1.80513208100401,1.82569683832556,-1792.39337850231,-3996.24825489055,5788.64163339287
0.684797334796742,0.0246951325644567,-1.82771886302317,1.80302373045872,-1670.02222962393,-4089.79629027814,5759.81851990207
0.684910731800871,0.0993568885217067,-1.8631283108199,1.76377142229819,-1466.38507415189,-4239.99794985359,5706.38302400548
0.685056857338553,0.195352084027102,-1.90525722156413,1.70990513753703,-1201.30991106596,-4425.5562850265,5626.86619609246
0.685202982876235,0.290934921322472,-1.94337120314586,1.65243628182338,-933.704939375402,-4601.78736471329,5535.49230408869
0.685405159571205,0.422085284840485,-1.98932149472961,1.56723620988912,-560.449804858799,-4829.47965506438,5389.92945992318
0.685497860184637,0.481719049990803,-2.00773084908286,1.52601179909205,-388.35488597696,-4927.48413690843,5315.83902288539
0.685552322514482,0.516569980910515,-2.01775388874265,1.50118390783213,-287.075897569532,-4983.12233333669,5270.19823090622
0.685662156407923,0.586369830881673,-2.03616311485806,1.44979328397638,-82.6400064154495,-5090.84981497864,5173.48982139409
0.685771990301363,0.655468838719759,-2.05214685630306,1.39667801758329,121.88700784778,-5192.5095814108,5070.62257356302
0.685952116498045,0.767024759377905,-2.07305474376658,1.30602998438866,456.767527168764,-5345.73937157123,4888.97184440247
0.686206898767162,0.920452983062083,-2.0912727383292,1.1708197552671,927.426147696852,-5533.05375707772,4605.62760938087
0.686320279179454,0.986959970104365,-2.09508748983933,1.10812751973495,1135.34931695866,-5605.16971013935,4469.82039318069
0.686387711629649,1.02593130175913,-2.09609561848312,1.07016431672397,1258.36073397547,-5644.69687779595,4386.33614382048
0.686473167339817,1.07464956623636,-2.0960207475691,1.02137118133272,1413.41506180603,-5691.13846554637,4277.72340374034
0.686599320238914,1.14513068842346,-2.09314856950387,0.948017881080387,1640.3772761741,-5752.17555950816,4111.79828333405
0.686725473138011,1.21381158383276,-2.08698843375783,0.873176849925051,1864.75775169,-5804.17426670739,3939.4165150174
0.686851626037108,1.28058621781916,-2.07755009749413,0.796963879674948,2086.20979746861,-5847.05509286696,3760.84529539835
0.686977778936205,1.34534955919547,-2.06484836244958,0.719498803254087,2304.38507202823,-5880.75055998404,3576.36548795582
0.687163156295844,1.436625340477,-2.04031264215887,0.603687301681845,2618.2225786868,-5913.48220230651,3295.25962361971
0.687260956142662,1.48285780139326,-2.02456826183223,0.541710460438931,2780.35829266259,-5922.68207377731,3142.32378111472
0.687339603744281,1.51902472504998,-2.01051871264937,0.491493987599364,2908.85189536909,-5926.02266940391,3017.17077403483
0.687434234853079,1.56130712464422,-1.99198837037631,0.43068124573206,3061.08579292455,-5925.24352049853,2864.15772757397
0.687567690965911,1.61857309425511,-1.96287103482659,0.344297940571443,3271.11202892627,-5915.24275593073,2644.13072700447
0.687776966976079,1.70256939330551,-1.91030745519874,0.207738061893201,3588.60259891311,-5878.65357531918,2290.05097640608
0.687914345403851,1.75375415172699,-1.87128418166062,0.117530029933602,3788.76112187399,-5840.80160137984,2052.04047950585
0.687972825316285,1.77456402601932,-1.8536047545295,0.07904072851014,3871.8733155522,-5821.37636704218,1949.50305148997
0.688016855269707,1.78983639381399,-1.83988055384789,0.0500441600338611,3933.58582033933,-5805.45281270614,1871.8669923668
0.688134036168238,1.82879689009087,-1.80165414049547,-0.0271427495954372,4094.09221076274,-5757.67667424474,1663.58446348199
0.688222709184462,1.85663576098464,-1.77109944003053,-0.0855363209541514,4211.87943856594,-5716.32849613363,1504.44905756769
0.68834675688132,1.89315306735425,-1.72605941362437,-0.167093653729919,4371.12944229279,-5651.05410896662,1279.92466667384
0.688470804578178,1.92679493680331,-1.6783979093644,-0.248397027438943,4523.73905347977,-5577.1962009008,1053.45714742104
0.688653137460801,1.97090472492156,-1.60375812166795,-0.36714660325365,4735.45537654999,-5453.33178044918,717.876403899185
0.688799852812099,2.00171726930502,-1.53985478733283,-0.461862481972225,4894.60149454838,-5340.63508601316,446.033591464778
0.688886950202467,2.01800660588537,-1.50035115125991,-0.517655454625497,4984.20693414705,-5268.32949149828,284.122557351229
0.689005649750052,2.03776764217038,-1.44471815472736,-0.593049487443061,5100.28359899851,-5163.45937026756,63.1757712690473
0.689124349297638,2.05469415497819,-1.38707684569656,-0.66761730928167,5209.26316023166,-5051.40890969196,-157.854250539697
0.689304971918983,2.07495481632767,-1.29571983334744,-0.779234982980276,5361.09921781994,-4867.53807106603,-493.561146753913
0.689558680319076,2.09211241190301,-1.16049607872663,-0.93161633317642,5545.03637037702,-4583.11857764588,-961.917792731144
0.689682230262484,2.09567089878541,-1.0918619857231,-1.00380891306236,5622.01441537961,-4433.83495844188,-1188.17945693773
0.689805780205892,2.09607134745854,-1.02158386190498,-1.0744874855536,5690.51749031482,-4277.8720116724,-1412.64547864243
0.6899293301493,2.09331326071491,-0.949768528757031,-1.14354473195793,5750.44136929727,-4115.46652046197,-1634.9748488353
0.690052880092708,2.08740110522542,-0.876523021892789,-1.21087808333267,5801.69793578454,-3946.86098862879,-1854.83694715574
0.690176430036117,2.07834393505402,-0.801957007559301,-1.27638692749476,5844.21122146961,-3772.30822124057,-2071.90300022904
0.690299979979525,2.06615543906871,-0.726182589707929,-1.33997284936083,5877.91763632508,-3592.07084087357,-2285.84679545151
0.690482058658528,2.0425317226542,-0.612585055212224,-1.42994666744202,5911.42613418981,-3316.74909070276,-2594.67704348706
0.690736573344008,1.99835765367396,-0.450609317091767,-1.54774833658223,5925.85007845986,-2914.15033952764,-3011.69973893223
0.690992582778206,1.94105399783081,-0.284786619475909,-1.65626737835494,5902.20664406403,-2490.44573689714,-3411.76090716689
0.691176474714014,1.89210177656236,-0.164402116309728,-1.72769966025268,5861.66337366667,-2175.81478372984,-3685.84858993683
0.691302212798449,1.85497329593515,-0.0817191692313277,-1.77325412670387,5822.65934383223,-1956.36320065686,-3866.29614317537
0.691364065350382,1.8356392556629,-0.0409835591530617,-1.79465569650987,5800.12734872848,-1847.24814775699,-3952.8792009715
0.69146078595421,1.80402329176243,0.022731564910064,-1.82675485667253,5760.50749089454,-1675.26327468785,-4085.24421620668
0.691584445139825,1.76118452294842,0.104143173574012,-1.86532769652247,5702.11344757925,-1453.17388615294,-4248.93956142631
0.69170810432544,1.71568806226531,0.185396741553963,-1.90108480381931,5635.11120615191,-1228.89280071261,-4406.2184054393
0.691831763511055,1.66760193903135,0.266371053540113,-1.9339729925715,5559.60149701367,-1002.75491863546,-4556.84657837821
0.692023943464775,1.58793194045669,0.391325992257005,-1.97925793271373,5425.69042134092,-648.562590019253,-4777.12783132167
0.692144678822611,1.5348813371116,0.469158320328851,-2.00403965744049,5331.38113130774,-424.664874379966,-4906.71625692777
0.692194317891325,1.51241938565745,0.500977020962176,-2.01339640661966,5290.36265443639,-332.392207989998,-4957.97044644639
0.692258647148579,1.48276549362572,0.542026605427177,-2.02479209905293,5235.29449498727,-212.704040686919,-5022.59045430035
0.692319628416928,1.45409577942391,0.580734952299812,-2.03483073172375,5181.1167895163,-99.1656258049014,-5081.9511637114
0.692407829798275,1.41169021471964,0.636336449966843,-2.04802666468652,5099.40049774301,65.0942565015721,-5164.49475424458
0.692526067307822,1.3531553689239,0.710090155469398,-2.06324552439332,4983.73523025026,285.166270875933,-5268.90150112619
0.692718701893659,1.25386560907469,0.828061420401894,-2.08192702947661,4780.71570692162,642.594250836949,-5423.30995775857
0.692897327864558,1.15768057845752,0.934761828454953,-2.0924424069125,4576.79353167532,971.978750147988,-5548.77228182331
0.69299050092989,1.10601933050236,0.989297806584772,-2.09531713708715,4464.61323813354,1142.72291197558,-5607.33615010913
0.693083130728048,1.05372084441972,1.04267396006649,-2.09639480448623,4349.29512811236,1311.4963903552,-5660.79151846755
0.693175760526206,1.00053101421637,1.09516558716832,-2.09569660138471,4230.29413797479,1479.15466480694,-5709.44880278174
0.693258496886916,0.952303186506493,1.14126883154278,-2.0935720180493,4120.96690426323,1627.85409587063,-5748.82100013386
0.693371135268978,0.885623976414517,1.20278235904536,-2.08840633545989,3967.67993395651,1828.48683348069,-5796.1667674372
0.693520455409626,0.795549739532029,1.28198031306891,-2.07753005260096,3756.88144911422,2090.84131758673,-5847.72276670095
0.693669775550274,0.703725436161486,1.35835753862731,-2.06208297478881,3537.81710533569,2348.59484011098,-5886.41194544667
0.693868770363225,0.579018007275748,1.45544184759988,-2.03445985487564,3233.95061644216,2683.87233158606,-5917.82294802822
0.694130520984023,0.411700859061366,1.57436809757472,-1.98606895663609,2815.43374104629,3108.50970994711,-5923.9434509934
0.694392271604822,0.241605405750572,1.68266278129565,-1.92426818704623,2377.92149586999,3512.16428641711,-5890.08578228711
0.694543741496138,0.142264921829015,1.74024039559817,-1.88250531742719,2116.98073268309,3735.29900975359,-5852.27974243668
0.694664038322073,0.0631190865335376,1.78317175334776,-1.8462908398813,1906.27086747145,3906.52848161757,-5812.79934908902
0.694784335148008,-0.0161123607668045,1.82355291932834,-1.80744055856153,1692.84770961798,4072.16508331442,-5765.0127929324
0.694904631973943,-0.0953183298549765,1.86132786570858,-1.7660095358536,1477.01127576528,4231.97794820102,-5708.9892239663
0.695024928799878,-0.174387205817032,1.89644370945136,-1.72205650363432,1259.06626761214,4385.74275832604,-5644.80902593818
0.695145225625813,-0.253206612929495,1.92885067143579,-1.6756440585063,1039.32271586958,4533.24134084807,-5572.56405671765
0.695330898287166,-0.374069325701625,1.9734304820286,-1.59936115632697,697.473084820355,4748.04237106776,-5445.51545588811
0.695469305995405,-0.463382973494801,2.00231132097338,-1.53892834747858,440.970771639971,4897.73597402824,-5338.70674566822
0.695534804801124,-0.505367012238203,2.01466628919177,-1.50929927695355,319.227234739508,4965.38579574815,-5284.61303048766
0.695563785278174,-0.523876520594381,2.01986092529518,-1.49598440470079,265.312725061623,4994.64906656917,-5259.96179163079
0.695658321824055,-0.583936972272022,2.03563721435988,-1.45170024208784,89.3357205055017,5087.20144928652,-5176.53716979202
0.695786331136318,-0.664418835138843,2.05413137261923,-1.38971253748037,-149.007835660462,5205.33459091776,-5056.3267552573
0.695988656518446,-0.789329542424781,2.07656722654018,-1.28723768411538,-524.92166280813,5374.74036711706,-4849.81870430893
0.696190968695535,-0.911041677510576,2.09061761208255,-1.17957593457196,-898.682139686944,5522.43621284259,-4623.75407315564
0.696299749982832,-0.975033799821294,2.09468949302246,-1.11965569320115,-1098.36441353819,5592.71440261291,-4494.34998907472
0.696370139152516,-1.01584329082845,2.09602061423485,-1.08017732340637,-1226.91785949589,5634.71624133021,-4407.79838183432
0.696475986960412,-1.0762596958816,2.09609161495352,-1.0198319190719,-1419.0519668692,5692.67034246322,-4273.61837559402
0.696604871192844,-1.14820254679775,2.09304845275295,-0.944845905955186,-1650.83402884182,5754.72155685151,-4103.88752800969
0.696733755425277,-1.21826230694558,2.08657384990151,-0.868311542955906,-1879.9079427927,5807.33635232488,-3927.42840953218
0.696862639657709,-1.28632509026736,2.0766784578884,-0.790353367621014,-2105.90117954774,5850.42963386866,-3744.52845432092
0.696991523890141,-1.35227908181744,2.06337847446685,-0.711099392649377,-2328.44248219893,5883.93050895168,-3555.48802675275
0.697183225585918,-1.44621283784629,2.03735459503576,-0.591141757189441,-2652.16818280265,5915.89123587962,-3263.72305307697
0.697223474572861,-1.46529369969038,2.03094485665362,-0.565651156963211,-2719.00169449893,5919.88406387381,-3200.88236937488
0.697327918996559,-1.51369615605279,2.01280270255185,-0.499106546499026,-2890.33888621127,5925.82344737492,-3035.48456116364
0.697470525122826,-1.57712747124109,1.98454134855346,-0.40741387731234,-3119.1670348539,5923.62569234094,-2804.45865748704
0.697643776386859,-1.64990520184233,1.94486109347518,-0.294955891632819,-3388.65277735859,5904.96543599658,-2516.31265863799
0.69787352109233,-1.73880847372894,1.88340410511002,-0.144595631381042,-3730.27550715598,5853.292973302,-2123.01746614602
0.697966868194467,-1.7724000287349,1.85559091397053,-0.0831908852355847,-3863.7490376085,5823.55414226264,-1959.80510465413
0.698036017213343,-1.79630268945289,1.83395612058589,-0.0376534311329578,-3960.4878965079,5798.29025108789,-1837.80235457999
0.69813539369448,-1.82916144941178,1.80135435399684,0.0278070954149754,-4096.20964647628,5757.19489004587,-1660.98524356959
0.698242863992438,-1.86268636220059,1.7641236649709,0.0985626972297287,-4238.47789745444,5706.43741929177,-1467.95952183733
0.698350334290396,-1.89408743240897,1.72488182983229,0.169205602576724,-4375.9126296286,5649.17278683123,-1273.26015720264
0.698457804588354,-1.92332908198711,1.68367341493253,0.239655667054624,-4508.35805666651,5585.46622274852,-1077.10816608201
0.698636155679825,-1.96698701713259,1.61109846229351,0.355888554839126,-4716.67142792873,5465.76832344934,-749.096895520606
0.698788069722742,-1.99931442344701,1.54527616473292,0.454038258714134,-4882.48003430058,5350.25538599999,-467.775351699406
0.698879010012706,-2.01649787337898,1.50416696148148,0.512330911897544,-4976.47023374247,5275.23537009519,-298.765136352721
0.699000776628666,-2.03692248679,1.44721335354831,0.589709133241735,-5095.92721431784,5168.06502992258,-72.1378156047431
0.699122543244627,-2.0543654417561,1.38814282314605,0.666222618610101,-5207.92282381503,5053.33192076238,154.59090305265
0.699303712209095,-2.07473975803155,1.29655022531099,0.778189532720607,-5360.35470395245,4869.05017192037,491.304532032073
0.699556815289161,-2.09193213843457,1.16170107320244,0.930231065232167,-5544.05609571618,4585.50318166129,958.552914054891
0.699683120978865,-2.09557978158133,1.0915465950767,1.00403318650468,-5622.77798350083,4432.92527933457,1189.85270416626
0.699809426668569,-2.09592702755498,1.01967455576548,1.07625247178955,-5692.64227119808,4273.36822451974,1419.27404667834
0.699935732358273,-2.09297341154204,0.946199182152948,1.14677422938914,-5753.53774555676,4107.08529994046,1646.4524456163
0.700062038047978,-2.08672389134551,0.871235023075593,1.21548886826996,-5805.37067088087,3934.33619964764,1871.03447123323
0.700188343737682,-2.07718845168722,0.794899427043712,1.28228902464355,-5848.06069753373,3755.39171637655,2092.66898115718
0.700314649427386,-2.06438214655517,0.717312350034764,1.34706979652045,-5881.54107246566,3570.53325201213,2311.00782045353
0.700503105885686,-2.03924589201821,0.599524443917204,1.43972144810105,-5914.25461846329,3284.4462629377,2629.80835552558
0.700764208900792,-1.99265999785134,0.433044140272559,1.55961585757882,-5925.32846864601,2869.52563969112,3055.80282895489
0.701025311915898,-1.93268479117194,0.263658048866873,1.6690267423051,-5896.61019804069,2435.34534368649,3461.2648543542
0.701192370463327,-1.88743667801775,0.154192869598473,1.73324380841932,-5857.41133919325,2148.5524914587,3708.85884773455
0.701314149724238,-1.85116072095046,0.0740939516768066,1.7770667692737,-5818.65253727001,1935.66736393673,3882.98517333328
0.70138413644289,-1.8290795744359,0.0279980449275423,1.8010815295084,-5792.51286321595,1812.0013458903,3980.51151732564
0.70146902184203,-1.80111381390151,-0.0279217601343467,1.82903557403589,-5757.050728716,1660.85141585007,4096.19931286593
0.701596592224148,-1.75668955715614,-0.111896204206808,1.86858576136298,-5696.07015292257,1431.54651028567,4264.5236426369
0.701724162606266,-1.7094441796074,-0.195689101680484,1.90513328128793,-5625.93881449061,1199.94576254382,4425.99305194679
0.701851732988385,-1.65945258696342,-0.279167951853845,1.9386205388173,-5546.76858158732,966.415779702604,4580.35280188472
0.702050083462647,-1.57649203373359,-0.40797320620503,1.98446523993865,-5406.08140405013,600.513783593672,4805.56762045646
0.702170267444116,-1.52320343330407,-0.485314123278789,2.00851755658289,-5310.55004915939,377.483776544632,4933.06627261476
0.702264633895999,-1.47983139306438,-0.545567889010915,2.02539928207533,-5230.21682462206,201.951968529023,5028.26485609304
0.702342193198831,-1.44320699910606,-0.594734889854499,2.03794188896059,-5160.7416994866,57.538584076595,5103.20311541001
0.702437389591161,-1.39708782510514,-0.654592362391774,2.05168018749695,-5071.28703640218,-119.740159742736,5191.02719614492
0.702574591934442,-1.32844206776253,-0.739803033331976,2.06824510109454,-4934.42199810948,-374.969854652716,5309.3918527622
0.702787371810352,-1.21719810486026,-0.869116986034144,2.08631509089443,-4704.23474955168,-769.063559796982,5473.29830934866
0.702937863888664,-1.13517565813976,-0.958301338806731,2.09347699694652,-4528.61934155293,-1045.93022242818,5574.5495639811
0.702962951960667,-1.12124315722645,-0.972973573660166,2.09421673088664,-4498.33273260456,-1091.89866434567,5590.23139695023
0.703043361159757,-1.07613012821501,-1.01957950784767,2.0957096360627,-4399.40150261427,-1238.73572111792,5638.13722373218
0.703245846761975,-0.959616278626449,-1.13392591470686,2.09354219333333,-4138.12969279037,-1604.57441883769,5742.70411162806
0.703283775895373,-0.937330700570649,-1.15486211937998,2.09219281995065,-4087.26181226159,-1672.46872377174,5759.73053603333
0.703321705028772,-0.914912695994504,-1.17563354059709,2.09054623659161,-4035.81481014426,-1740.12308351147,5775.93789365572
0.703372990041535,-0.884395775111879,-1.20345190857878,2.08784768369068,-3965.34396641232,-1831.20182865085,5796.54579506318
0.703522569851341,-0.794134076815001,-1.28275198777421,2.07688606458923,-3754.05675774877,-2093.96140869671,5848.01816644549
0.703672149661146,-0.702123572430557,-1.35921493662255,2.06133850905312,-3534.49133673996,-2352.0822931427,5886.57362988267
0.703879573874773,-0.572053392643966,-1.46021060623493,2.03226399887891,-3217.3184957685,-2701.18970341427,5918.50819918277
0.704147490370099,-0.400622212812725,-1.58136793401592,1.98199014682865,-2787.86465976883,-3134.72507011898,5922.5897298878
0.704415406865426,-0.226357124165734,-1.69133680750572,1.91769393167145,-2338.706038471,-3546.09342060324,5884.79945907424
0.704550786511349,-0.137517064933045,-1.74245799036372,1.87997505529676,-2105.00064648691,-3744.81852170701,5849.81916819391
0.704686166157271,-0.0484341535935099,-1.7904220142597,1.83885616785322,-1867.50073622721,-3936.75107269796,5804.25180892517
0.704821545803193,0.0407313726280353,-1.83514328338657,1.79441191075853,-1626.63409923057,-4121.54708942919,5748.18118865975
0.704882251966607,0.0807108558329161,-1.85412842451035,1.77341756867743,-1517.61471860065,-4202.03101115559,5719.64572975624
0.704981537078572,0.14601856903145,-1.88371711802262,1.73769854899116,-1338.16505720301,-4330.33473351864,5668.49979072164
0.705116679598742,0.234657228317808,-1.92103405178532,1.68637682346751,-1091.88761184286,-4498.1502340661,5590.03784590897
0.705317035050365,0.365193373976198,-1.96994733754121,1.60475396356501,-723.419428531042,-4731.84718226477,5455.26661079581
0.705457799253137,0.456102464328797,-1.99966815760009,1.54356569327129,-462.651635292385,-4884.93684396589,5347.58847925827
0.705489799525516,0.47665978528963,-2.00588384576755,1.52922406047791,-403.200773537684,-4918.431239681,5321.63201321868
0.705586243126779,0.538304404749902,-2.02338377523439,1.48507937048448,-223.837436123133,-5016.33526987124,5240.17270599437
0.705740786327365,0.636001691943357,-2.04753736911337,1.41153567717,63.8524625918944,-5163.53027597683,5099.67781338494
0.705931146596135,0.754227418738471,-2.07064308968633,1.31641567094784,417.850794162703,-5328.03388294706,4910.18308878436
0.70617270385011,0.900258947098438,-2.08928952567258,1.18903057857412,864.572363686514,-5509.22791108214,4644.65554739562
0.706245978719139,0.94361826436823,-2.09257797518209,1.14895971081384,999.362513501543,-5558.02745443086,4558.66494092931
0.70637385309229,1.01805309378456,-2.09565631301903,1.07760321923444,1233.21213097733,-5636.08934139604,4402.87721041871
0.706501727465441,1.09083998644057,-2.09535106574578,1.00451107930518,1465.0562022327,-5705.0455270171,4239.9893247844
0.706568421298364,1.12811967757894,-2.09384930826417,0.965729630685202,1585.08816988974,-5737.36914680671,4152.28097691696
0.706670111892555,1.1839957727593,-2.08978997624749,0.905794203488164,1766.72613021498,-5781.79237881795,4015.06624860297
0.706756336237619,1.23043064900712,-2.08467605031599,0.854245401308849,1919.33809587558,-5814.83624571218,3895.4981498366
0.706866115944625,1.28823494182882,-2.07595178892777,0.787716847098916,2111.57228774132,-5850.72315015783,3739.15086241651
0.707008805240086,1.36105637754065,-2.06092447198518,0.699868094444506,2357.60893347328,-5886.95205816305,3529.34312468977
0.707220208987554,1.46383383127041,-2.0310691058932,0.567235274622764,2713.1291494041,-5918.85323205115,3205.72408264705
0.707302920317108,1.50234203775411,-2.01693357113728,0.514591533383136,2849.15559040433,-5924.2443798668,3075.08878946246
0.707407269011219,1.54946789358732,-1.99715941196163,0.447691518374269,3017.99050589878,-5925.33405503447,2907.34354913569
0.70751161770533,1.59492682297795,-1.97523855825386,0.380311735275871,3183.57557323493,-5920.05195861335,2736.47638537842
0.707683427690856,1.6659945587975,-1.93454387741249,0.268549318614954,3448.58767226652,-5897.50075289787,2448.91308063134
0.707881325179265,1.74181268227472,-1.88070429006139,0.138891607786642,3741.28859643612,-5850.2538338849,2108.96523744878
0.707949959452009,1.76656856687285,-1.86030975810524,0.0937411912323584,3839.55330027446,-5828.56447247948,1989.01117220502
0.708038965884845,1.79744344891514,-1.83257698998687,0.0351335410716895,3964.30341061057,-5796.40229950498,1832.09888889441
0.70815976445111,1.83708733946079,-1.79265509761632,-0.0444322418445164,4128.60934491004,-5745.50996545217,1616.90062054213
0.708243629935721,1.86306079359249,-1.76341292982296,-0.0996478637695709,4239.20947037293,-5705.29899150951,1466.08952113658
0.708349235522505,1.89392277383279,-1.72485365904196,-0.16906911479087,4374.27298546919,-5649.03491378706,1274.76192831787
0.708488954993839,1.93153903608799,-1.67093505670072,-0.260603979387304,4545.51515989106,-5565.06001380434,1019.54485391327
0.708697861891854,1.9807993590826,-1.58437864537252,-0.396420713710123,4785.02345549066,-5419.61630647072,634.592850980062
0.708829074317675,2.00740564713449,-1.52647427078596,-0.48093137634857,4925.05613685711,-5316.24638484895,391.190247991834
0.708884125804608,2.01755850245699,-1.5013939777771,-0.516164524679938,4981.34643740789,-5270.16141208268,288.814974674793
0.708986900676731,2.03489142368435,-1.45338335179253,-0.581508071891857,5082.41227122412,-5179.9297263408,97.5174551166806
0.709089675548854,2.05010178252757,-1.40385852178979,-0.646243260737821,5178.17312584646,-5084.29775462703,-93.8753712194311
0.70926090151643,2.07068174892423,-1.31814974791887,-0.752532001005396,5325.6283525151,-4913.30159079139,-412.326761723706
0.709509104957726,2.08985484544307,-1.18727834985168,-0.902576495591436,5511.82074090589,-4640.49539606169,-871.325344844191
0.709566214776635,2.0924774926509,-1.15607956824749,-0.936397924403456,5550.01129433199,-4573.59792758654,-976.413366745448
0.709684642472833,2.09576582603701,-1.09022553135145,-1.0055402946856,5623.47214449461,-4430.24029057942,-1193.23185391519
0.70984408303782,2.0956091737938,-0.999220609369363,-1.09638856442448,5710.03340267829,-4227.63401917152,-1482.39938350676
0.709922326628869,2.0936084781236,-0.953613814001436,-1.13999466412221,5747.2973725351,-4124.25909459707,-1623.03827793803
0.710000570219917,2.09034240112789,-0.90743071174477,-1.18291168938316,5781.08615570142,-4018.39082520965,-1762.69533049177
0.710051673893195,2.08752683544039,-0.876967243012721,-1.21055959242772,5801.27003148293,-3947.92465098196,-1853.34538050098
0.71016992345875,2.07895108911976,-0.805637024826223,-1.27331406429358,5842.22075101395,-3781.0302787714,-2061.19047224255
0.710288173024304,2.06750625013259,-0.733196204109472,-1.33431004602316,5875.10528236344,-3608.91968548472,-2266.18559687872
0.710474291847881,2.04372764437545,-0.617205732362455,-1.42652191201304,5910.412333015,-3328.12502769772,-2582.28730531728
0.71073205710633,1.99930545841062,-0.453254797005396,-1.54605066140527,5925.94132948938,-2920.89418901599,-3005.04714047339
0.710989822364779,1.94179103165786,-0.286335927496392,-1.65545510416151,5902.68235781107,-2494.54960855757,-3408.1327492535
0.711173979461711,1.89285900008642,-0.165791013299341,-1.72706798678712,5862.36164193046,-2179.58144923596,-3682.7801926945
0.711301152378524,1.85534837176223,-0.0821696218798448,-1.77317874988242,5823.04321978264,-1957.67689779681,-3865.36632198583
0.711364250027658,1.83562994572507,-0.0406151425592174,-1.79501480316589,5800.07355544504,-1846.37259996921,-3953.70095547584
0.711461256900017,1.80391429152566,0.0232871948053449,-1.82720148633105,5760.31826945855,-1673.87604476564,-4086.44222469291
0.711584875992729,1.76107902852979,0.104670399390016,-1.86574942791984,5701.91153501165,-1451.85339646557,-4250.05813854608
0.711708495085441,1.7155880245039,0.185895241635275,-1.90148326613921,5634.90252474368,-1227.64163271762,-4407.26089202606
0.711832114178154,1.6675092645294,0.266840608235364,-1.9343498727648,5559.39192401469,-1001.57538458253,-4557.81653943216
0.712024406158604,1.58777945516766,0.391863101711172,-1.97964255687886,5425.36050187957,-647.175864043833,-4778.18463783573
0.712143075464098,1.5356459442328,0.468365718043301,-2.00401166227613,5332.69992135042,-427.113765935341,-4905.58615541508
0.712189922470129,1.51446820910282,0.498400977810582,-2.01286918691344,5294.06207883305,-340.037194519895,-4954.02488431315
0.712230205142578,1.4959959445492,0.524140577791039,-2.02013652234027,5259.92106730453,-265.104925481446,-4994.81614182308
0.712352208136547,1.43861224688175,0.601551241819464,-2.04016348870125,5151.42305394996,-37.9994360763607,-5113.42361787359
0.712474211130517,1.37911773477801,0.678074760054934,-2.05719249483298,5035.35966857319,189.152049025933,-5224.51171759912
0.712637635396707,1.29628165393169,0.778978961903486,-2.07526061583521,4868.36337253526,492.871228963613,-5361.23460149887
0.712866257653214,1.17476897135747,0.916576693604481,-2.09134566496197,4613.43505853547,915.220029819588,-5528.65508835506
0.712902496642219,1.15491488646361,0.937994728274465,-2.09290961473811,4570.76435920496,981.860605994523,-5552.62496519949
0.712997426925619,1.10221405270813,0.993504207286067,-2.09571825999423,4456.21330835962,1155.764742073,-5611.97805043262
0.713165516972069,1.00655897728691,1.08955773375139,-2.09611671103833,4243.79987972965,1460.9564494013,-5704.75632913095
0.713271468394266,0.944790842327625,1.14857353168502,-2.09336437401267,4103.75619055036,1651.33493683784,-5755.09112738821
0.713377419816463,0.88197489619545,1.20631791853216,-2.08829281472763,3959.16178164775,1839.88715089377,-5799.04893254152
0.713516440157526,0.798093956558386,1.28003734704777,-2.07813130360618,3762.83515370167,2084.12931648469,-5846.96447018637
0.71365546049859,0.712691533488083,1.3513152885952,-2.06400682208331,3559.3318745257,2324.39536092848,-5883.72723545418
0.713848985009277,0.591616021358678,1.44618988518617,-2.03780590654486,3264.91691502795,2651.2822277886,-5916.19914281655
0.714108991949718,0.425674778199967,1.5651234347934,-1.99079821299338,2850.79757259268,3074.61860853545,-5925.41618112813
0.714368998890159,0.256900124707315,1.67362844594408,-1.93052857065141,2417.70063241923,3477.4760824207,-5895.17671483993
0.714532807470942,0.149532180650026,1.73635992795669,-1.88589210860672,2136.16091717243,3719.7560312821,-5855.91694845453
0.714653148828484,0.0703698281361566,1.7795340902414,-1.84990391837756,1925.63632805076,3891.54113149974,-5817.17745955049
0.714710512627846,0.0325864117413589,1.79922562492184,-1.8318120366632,1824.27897696148,3971.49611619958,-5795.77509316106
0.714796708485974,-0.0241966226762335,1.82770964227356,-1.80351301959733,1670.89129681142,4089.18771142885,-5760.07900824027
0.714924753897539,-0.108488332039405,1.86753502428861,-1.75904669224921,1440.84231614983,4258.42625832703,-5699.26857447686
0.715052799309105,-0.192602625765015,1.90433781138509,-1.71173518562007,1208.4652239099,4420.76960724768,-5629.23483115758
0.71518084472067,-0.276405589075987,1.93805962538271,-1.66165403630672,974.130383437883,4575.95992157122,-5550.0903050091
0.715377919832862,-0.404416608234712,1.98379792635314,-1.57938131811842,610.655942896522,4800.17625840175,-5410.83220129827
0.715506819161361,-0.487368288131612,2.00962353726916,-1.52225524913754,371.474919039942,4936.9865079364,-5308.46142697635
0.715560439647166,-0.521657481432044,2.01940143870065,-1.4977439572686,271.747510134246,4991.54185848157,-5263.28936861582
0.715658593419426,-0.58402394647973,2.03581022090799,-1.45178627442825,89.0433121318547,5087.70778419322,-5176.75109632508
0.715756747191687,-0.645832619037108,2.05028227175423,-1.40444965271711,-93.7394631678358,5179.03031018006,-5085.29084701223
0.715928500266076,-0.752439018355744,2.07090057507929,-1.31846155672353,-413.154416222092,5326.88036537219,-4913.7259491501
0.716179718535114,-0.904249110971115,2.09017763604076,-1.18592852506963,-877.656253227761,5515.0008489708,-4637.34459574304
0.716232849566485,-0.93570497319479,2.09259565494945,-1.15689068175464,-975.411517602338,5550.47466878527,-4575.06315118293
0.71634572982742,-1.00164006586203,2.09579450528332,-1.09415443942127,-1182.10623322237,5620.67131139792,-4438.56507817555
0.716509989916428,-1.09528460980789,2.09573927120125,-1.00045466139334,-1480.06420591838,5710.13752778363,-4230.07332186525
0.716583826713387,-1.13645899652425,2.09389577288058,-0.957436776356304,-1612.81301066981,5745.42676457142,-4132.61375390161
0.716672820927498,-1.18526801322334,2.09017637670052,-0.904908363477163,-1771.64369426825,5783.84544533315,-4012.20175106491
0.716710807001083,-1.20582386757039,2.08809074586045,-0.88226687829004,-1839.03164177773,5798.86989909317,-3959.83825731543
0.716805195694434,-1.25614452301951,2.0816218960511,-0.825477373031568,-2005.30097693956,5832.61595828187,-3827.31498134231
0.716899584387785,-1.30535903653786,2.07332250621795,-0.767963469680061,-2169.80226600039,5861.23020853573,-3691.42794253534
0.717063774402185,-1.38818250963307,2.05455155622952,-0.666369046596424,-2451.23819117904,5898.69810080997,-3447.45990963093
0.717213783216223,-1.460633616457,2.03262206083539,-0.571988444378366,-2702.69892394298,5919.21707153375,-3216.51814759077
0.717282723024906,-1.49286390632001,2.02102297424818,-0.528159067928142,-2816.32610453549,5924.24298580974,-3107.91688127425
0.71739807232008,-1.54520755257894,1.9995011789918,-0.454293626412828,-3003.42980284184,5926.43237150827,-2923.00256866644
0.717513421615253,-1.59552009379656,1.97535399279903,-0.37983389900244,-3186.58304339476,5920.83687683008,-2734.25383343532
0.717688725004827,-1.66792762420439,1.93371235636608,-0.26578473216166,-3456.76030721669,5897.45634502411,-2440.69603780742
0.717880992991062,-1.7415095594285,1.8813113371282,-0.139801777699662,-3740.96777370722,5851.26618528721,-2110.29841157999
0.717949896736615,-1.76636399364631,1.86083899974977,-0.0944750061034288,-3839.6191427966,5829.4964814928,-1989.8773386962
0.718028732851471,-1.79378222799601,1.83634793931146,-0.0425657113154153,-3950.27027969444,5801.23784286001,-1850.96756316557
0.718148925646302,-1.83345288730303,1.79685236849131,0.0366005188117469,-4114.25131311177,5751.31721316137,-1637.06590004961
0.718195340631565,-1.84807895263933,1.78090795969238,0.0671709929469896,-4176.03152331493,5729.83499776745,-1553.80347445253
0.718294048120234,-1.87786812085449,1.74574991223737,0.132118208617152,-4304.42696032983,5680.11012082548,-1375.68316049565
0.718392755608902,-1.9058504090831,1.70891356488777,0.196936844195365,-4428.67897047917,5624.9220338543,-1196.24306337513
0.718550945714109,-1.94685081439081,1.64648260553979,0.300368208851058,-4618.82608323082,5525.24323315103,-906.417149920213
0.718795646772812,-2.00073656558162,1.54202044696657,0.45871611861509,-4890.17729373544,5344.39102972572,-454.213735990284
0.718878289196222,-2.01629838312612,1.5046153927136,0.51168299041256,-4975.4655794343,5276.06315904521,-300.59757961091
0.718984330185338,-2.0342701706872,1.45514363930274,0.579126531384506,-5079.96277422057,5183.19505203892,-103.232277818351
0.719090371174454,-2.04998273719284,1.40405850288388,0.645924234309,-5178.81497673755,5084.57522663522,94.2397501023311
0.71925832287125,-2.07019988480349,1.32000686422406,0.750193020579478,-5323.53213249684,4916.92314251104,406.608989985798
0.7195036681469,-2.08935179830237,1.19075863269947,0.898593165602945,-5508.1047718198,4647.71297272952,860.39179909028
0.719573609184375,-2.09254838938229,1.15254418704657,0.94000420233576,-5554.8327015605,4565.75837148078,989.074330079728
0.719701946442621,-2.09578224690723,1.08100819573204,1.01477405117524,-5633.55549069637,4409.71043470236,1223.84505599401
0.719830283700866,-2.09560817910074,1.00771896498636,1.08788921411442,-5703.11234742568,4246.50073744673,1456.61160997895
0.7199068296587,-2.0938818544861,0.963209746635759,1.13067210785038,-5740.19816896599,4145.83081289779,1594.36735606821
0.720012460061521,-2.08951105461768,0.900885628219429,1.18862542639829,-5785.91167788146,4002.99776186771,1782.91391601375
0.720078531725665,-2.08560622909536,0.861388647513933,1.22421758158147,-5811.27062346299,3911.3931081444,1899.87751531859
0.72018353255892,-2.07755284113994,0.797870961441318,1.27968187969867,-5846.40798524585,3762.38001264224,2084.02797260361
0.72032251866651,-2.06341906439645,0.712484024892207,1.35093503950429,-5883.11990492666,3558.89674566522,2324.22315926144
0.720531623835337,-2.03476439571687,0.581566644775334,1.45319775094157,-5917.19294645557,3240.23303707203,2676.95990938354
0.720804140076365,-1.98429748496321,0.407365691140756,1.5769317938225,-5923.30232307968,2804.42484050489,3118.87748257479
0.721076656317394,-1.91930796460267,0.230185796475088,1.68912216812762,-5886.09036084369,2348.11329829499,3537.97706254871
0.721210878626406,-1.88206319974827,0.142119067400383,1.73994413234793,-5851.87633733895,2116.57951483805,3735.29682250091
0.721345100935418,-1.84147297903233,0.0538064141317563,1.78766656490061,-5807.25179721386,1881.2967642765,3925.95503293736
0.721479323244431,-1.79760969675626,-0.0345962346657193,1.83220593142201,-5752.29748768827,1642.68107575636,4109.61641193191
0.72156252654408,-1.76880357477612,-0.0893854872621384,1.8581890620383,-5713.07959732731,1493.24279396068,4219.83680336663
0.721671568855534,-1.72922828950106,-0.161083514085623,1.89031180358671,-5655.77811838565,1295.88709353272,4359.89102485293
0.721806579473876,-1.67742737953397,-0.249573614570224,1.92700099410422,-5575.64728499371,1049.48000905655,4526.16727593716
0.722005574801701,-1.59563212937213,-0.379088439992756,1.97472056936492,-5439.34702322588,683.116619619384,4756.23040360649
0.722134193035724,-1.53940496742414,-0.462076188445885,2.00148115587005,-5339.87024184016,444.714969098698,4895.15527274146
0.722167021454136,-1.52464217907165,-0.483149657314706,2.00779183638639,-5313.06713347509,383.712681816231,4929.35445165886
0.722264693347684,-1.47977440703394,-0.545523226032474,2.02529763306645,-5230.0029975249,202.035097132917,5027.96790039198
0.722401390522678,-1.4146619911918,-0.631924159652137,2.04658615084396,-5105.51997601854,-52.4606970258751,5157.98067304442
0.722538087697673,-1.34694170483736,-0.717157329347309,2.06409903418469,-4971.6217811672,-306.853865573578,5278.47564674078
0.722724863287049,-1.25044723153765,-0.831415057043591,2.08186228858126,-4773.95208683964,-653.341786265161,5427.2938731048
0.722900105661911,-1.15598500438047,-0.936029584767247,2.09201458914774,-4573.52312836293,-976.433711865005,5549.95684022793
0.722983174857771,-1.10994364472534,-0.984671719172152,2.09461536389752,-4473.58664501673,-1128.68810901655,5602.27475403328
0.723069507436281,-1.06129476629334,-1.03451062864532,2.09580539493868,-4366.49866132962,-1286.09925084036,5652.59791216998
0.723155840014792,-1.01186607687744,-1.08358669635336,2.09545277323082,-4256.19893857744,-1442.55926593088,5698.75820450832
0.723253123566815,-0.955279545547374,-1.13792793080016,2.09320747634756,-4128.16362673949,-1617.57948635361,5745.7431130931
0.723380795393982,-0.879680287524071,-1.20761376400281,2.0872940515269,-3954.32075531942,-1844.92339196327,5799.24414728269
0.723508467221149,-0.802665804454684,-1.27535616967702,2.07802197413172,-3774.11550381183,-2069.29761890658,5843.41312271842
0.723636139048316,-0.724359142136831,-1.34104696803696,2.0654061101738,-3587.83599080985,-2290.34376319195,5878.1797540018
0.723820079091696,-0.60955811945106,-1.43184157491057,2.04139969436164,-3309.47101874087,-2602.14796454178,5911.61898328266
0.72407461871067,-0.447506183845204,-1.54947476939082,1.99698095323603,-2906.46873961262,-3018.86507198285,5925.33381159547
0.724328831162948,-0.282810968485699,-1.65707722213408,1.93988819061979,-2485.4733627453,-3415.80548033044,5901.27884307574
0.724511400472473,-0.163283367956654,-1.72792502565248,1.89120839360914,-2173.00831337033,-3687.77127581135,5860.77958918168
0.724635373029073,-0.0817605986922147,-1.77282316110061,1.85458375979283,-1956.61883043615,-3865.64769745501,5822.26652789116
0.724698014882435,-0.0405058006801601,-1.79449432128049,1.83500012196065,-1846.10959941629,-3953.326730783,5799.43633019929
0.724794007199628,0.0227288818579035,-1.82634604519782,1.80361716333991,-1675.41571243618,-4084.68099048579,5760.09670292197
0.724919218579834,0.105160168695044,-1.86538571464196,1.76022554594691,-1450.52810673852,-4250.38965039567,5700.91775713419
0.725044429960039,0.187427907759508,-1.9015378740339,1.71410996627439,-1223.39758279086,-4409.51699948896,5632.91458227982
0.725169641340245,0.269406321886606,-1.93474741351013,1.66534109162352,-994.371720378749,-4561.8202213649,5556.19194174365
0.725363265500027,0.395263891528807,-1.98017228642538,1.58490839489657,-637.439970409564,-4783.2759779942,5420.71594840376
0.725476172516199,0.468042177246909,-2.0033006721487,1.53525849490178,-428.037712142233,-4904.35129131372,5332.38900345595
0.725506136364067,0.487266320137979,-2.00901793284749,1.5217516127095,-372.349695252931,-4935.46061090321,5307.81030615614
0.725602746992927,0.548935926123555,-2.02623291338147,1.47729698725791,-192.629705777409,-5032.75207683323,5225.38178261064
0.725737399586276,0.634015810165722,-2.04710374837505,1.41308793820931,58.0680977467555,-5160.56994341264,5102.50184566588
0.725919518256591,0.747223213411049,-2.06949036522418,1.32226715181312,396.797928213525,-5318.66755917681,4921.86963096329
0.726160619456626,0.893210425970284,-2.08869055078218,1.19548012481188,842.858703763684,-5501.04406617794,4658.18536241425
0.726259314234991,0.951596652970534,-2.09310692139416,1.14151026842361,1024.37780014252,-5566.72697092916,4542.34917078664
0.726361186479887,1.01089863684902,-2.09555342617593,1.08465478932689,1210.69463997251,-5628.90244640141,4418.2078064289
0.726486689931209,1.08251700076247,-2.09561471199075,1.01309771122826,1438.47531414301,-5697.55277585855,4259.07746171554
0.726583109159304,1.13640657473462,-2.09344808571575,0.95704151098111,1611.98664591063,-5744.28503443474,4132.2983885241
0.726679528387398,1.18925326784679,-2.08935991453497,0.900106646688152,1784.01833000371,-5785.74354016498,4001.72521016126
0.726716004768545,1.20896690454645,-2.0873127860475,0.878345881501024,1848.69146927682,-5800.04707737044,3951.35560809361
0.726805815060118,1.25681639666069,-2.081104844036,0.824288447375282,2006.85311509612,-5832.00752428552,3825.1544091894
0.726895625351692,1.30366404257833,-2.07323964654998,0.769575603971627,2163.41274595474,-5859.32158150492,3695.90883555019
0.727056258745169,1.38481875163028,-2.05506447130957,0.67024571967927,2438.97573439037,-5896.5149670474,3457.53923265703
0.727213284788188,1.46074448412817,-2.03223886439881,0.571494380270619,2702.35288300744,-5918.36105405824,3216.0081710508
0.727256547949803,1.48105666288925,-2.02507527760663,0.544018614717356,2773.82458880583,-5921.85348144271,3148.02889263687
0.727360272708028,1.52862447968734,-2.00638177881613,0.477757299128758,2943.03368777447,-5925.76512837901,2982.73144060454
0.727463997466253,1.5745666753414,-1.98555773113329,0.410991055791862,3109.10889447164,-5923.38069753416,2814.27180306252
0.727620541276953,1.64070679933032,-1.95015179962829,0.309445000297936,3353.38846463046,-5907.87447065049,2554.48600602003
0.72785036851578,1.73053401141384,-1.88968088483347,0.159146873419591,3697.00542785447,-5859.27079376001,2162.26536590554
0.727912723657754,1.75339264829233,-1.87154575487736,0.118153106584989,3787.07501326988,-5840.79224837294,2053.71723510306
0.728035994440193,1.79658136506878,-1.833595762071,0.0370143970021857,3960.77627254244,-5797.67824815914,1836.90197561671
0.728159265222633,1.83707294367185,-1.79289692204875,-0.0441760216231358,4128.52599664993,-5745.86754561202,1617.34154896209
0.728238438685024,1.86163436757254,-1.76533024041616,-0.0963041271564155,4233.03384833118,-5708.03301867199,1474.99917034081
0.728343972154677,1.89257672821822,-1.72689301905265,-0.165683709165608,4368.23952862251,-5652.11689530255,1283.87736668004
0.728484002474981,1.93041034803586,-1.67297558180972,-0.257434766226182,4540.17617603471,-5568.35194899394,1028.17577295923
0.728691711174313,1.97960925888204,-1.58710178099974,-0.392507477882339,4778.84190236507,-5424.36733660366,645.525434238586
0.728827375647435,2.00722094539519,-1.52731727089521,-0.479903674500021,4923.87523734286,-5317.77604854651,393.900811203652
0.72886244082926,2.0137693756269,-1.51140300471891,-0.502366370908029,4959.93185202819,-5288.63514612562,328.703294097426
0.728953344354257,2.0296022250945,-1.46930388027127,-0.560298344823273,5050.57344085504,-5210.12026949301,159.546828637971
0.729044247879255,2.0437783533283,-1.42600805008456,-0.617770303243791,5137.08831307209,-5127.35715946381,-9.73115360827478
0.729198488216155,2.06400653691807,-1.34992275515701,-0.714083781761103,5274.22246057701,-4977.43386362703,-296.788596949975
0.729430826913845,2.08530644649702,-1.22944941271041,-0.855857033786652,5457.23544452469,-4729.79078912937,-727.444655395313
0.729586619218983,2.09338324383735,-1.14491715114623,-0.948466092691168,5563.80113185787,-4549.46004498469,-1014.34108687317
0.729670486410252,2.09565752391695,-1.09824537982779,-0.997412144089205,5615.68607495399,-4447.80561297772,-1167.88046197627
0.729788222832189,2.09639404061467,-1.03145653273795,-1.06493750787676,5681.9229678773,-4299.92473727034,-1381.99823060696
0.729905959254127,2.09426211246111,-0.963257960650388,-1.13100415181077,5740.38165252074,-4146.16253141983,-1594.21912110092
0.730023695676065,2.08926493264512,-0.893741196923444,-1.19552373572172,5790.9849071192,-3986.72589639265,-1804.25901072655
0.730102579417101,2.0843165083007,-0.846467586522849,-1.23784892177789,5820.46421126243,-3876.82033828546,-1943.64387297696
0.730181463158137,2.0780877205788,-0.798674052474234,-1.27941366810461,5846.36676925665,-3764.53266377434,-2081.8341054823
0.730301836210122,2.06612581277999,-0.724818183282665,-1.34130762949737,5878.96018706763,-3588.77756235933,-2290.18262470829
0.730504507612663,2.03933210898704,-0.598236127066337,-1.44109598192075,5914.80904804645,-3281.53350409034,-2633.27554395611
0.730777487223326,1.99023708106329,-0.424107563731667,-1.56612951733167,5925.21719717745,-2847.19197211362,-3078.02522506383
0.73105046683399,1.92652930321866,-0.246865155076505,-1.6796641481422,5892.14737387355,-2391.96190983917,-3500.18546403437
0.731201727065465,1.88506433108082,-0.147685280946668,-1.73737905013419,5855.14540197193,-2131.66724020226,-3723.47816176968
0.73135298729694,1.83934436166001,-0.0481763215319599,-1.79116804012809,5804.91949707973,-1866.56880434783,-3938.3506927319
0.731504247528415,1.78947328774098,0.0514366752055986,-1.84090996294662,5741.58428626251,-1597.26639085744,-4144.31789540508
0.731600820866897,1.75550410150001,0.115004047855551,-1.8705081493556,5694.3435260655,-1423.36060185759,-4270.98292420791
0.731697394205379,1.71991931288489,0.178464442838898,-1.89838375572382,5641.85869050355,-1248.14648727748,-4393.71220322607
0.731840735805843,1.66420384201113,0.272317707120154,-1.93652154913132,5554.41088335816,-986.062586111647,-4568.34829724651
0.732065041010938,1.57033953515949,0.417927957493863,-1.98826749265339,5395.12609980177,-572.346895477923,-4822.77920432384
0.73213165356306,1.54091690840121,0.460841525719761,-2.001758434121,5342.58526795006,-448.735363624572,-4893.84990432549
0.732258207136027,1.48318418934359,0.541778327583118,-2.02496251692674,5236.36191811367,-213.45510944526,-5022.90680866841
0.732335529368972,1.44674561600902,0.590822829155547,-2.0375684451646,5167.36519104458,-69.4925525709,-5097.87263847367
0.732434742168909,1.39874686396158,0.653232881752129,-2.05197974571374,5074.37860793444,115.262078301753,-5189.64068623619
0.732569867487148,1.33120739133585,0.737188513959854,-2.06839590529574,4939.83961203077,366.640630918906,-5306.48024294968
0.732778110290774,1.22251549381482,0.863865277488921,-2.08638077130376,4715.2583651649,752.425004996482,-5467.68337016139
0.732918143953643,1.14642501290691,0.947039707231986,-2.09346472013892,4552.77057075166,1010.24640583343,-5563.01697658509
0.732973663171092,1.11562404322999,0.979529295013961,-2.09515333824398,4485.86807708399,1111.9883282315,-5597.85640531549
0.733030791914209,1.08357756993133,1.01264747930892,-2.09622504924027,4415.60406599091,1216.32008393953,-5631.92414993044
0.733154658016431,1.01292476368068,1.08330382270416,-2.09622858638486,4258.43471740324,1441.09161278452,-5699.52633018776
0.733227390604504,0.970710482559448,1.12404069173988,-2.09475117429935,4163.11133138757,1572.09867813063,-5735.2100095182
0.733339226159932,0.904827493718546,1.1855188115404,-2.09034630525897,4012.33281397763,1771.88895067769,-5784.22176465532
0.733424547658576,0.853804176562323,1.23144560436763,-2.08524978092997,3893.94879206248,1922.86823445593,-5816.81702651842
0.73350986915722,0.802167219620152,1.27648764822359,-2.07865486784376,3772.76538990954,2072.46610117187,-5845.23149108142
0.733628639782948,0.729343945367771,1.33764630742541,-2.06699025279319,3599.59894515857,2278.1841140379,-5877.78305919647
0.733824676329019,0.607023403143731,1.43443845763333,-2.04146186077707,3303.05656037995,2610.52357817685,-5913.5801385568
0.73409229900251,0.436513517588478,1.55765498206308,-1.99416849965157,2878.50093945278,3047.75400552449,-5926.25494497726
0.734359921676001,0.262926688612517,1.66987574705144,-1.93280243566396,2433.6529431609,3463.47862393164,-5897.13156709254
0.734524734935434,0.154927387371719,1.73322899274473,-1.88815638011645,2150.70174756647,3707.7444651539,-5858.44621272037
0.734650218486416,0.072390903693787,1.77836607827097,-1.85075698196476,1931.32302271179,3887.12360140383,-5818.44662411562
0.734710134356599,0.0329265986372033,1.79895086709714,-1.83187746573434,1825.47377857446,3970.67345706999,-5796.14723564444
0.734797348328031,-0.0245278100165025,1.82776882061619,-1.80324101059968,1670.27086739923,4089.74958494295,-5760.02045234218
0.734924213469663,-0.108044227887803,1.8672256369805,-1.7591814090927,1442.33716227766,4257.42551505277,-5699.76267733043
0.735051078611296,-0.191387111372094,1.90371559147775,-1.71232848010565,1212.11628680416,4418.33395791473,-5630.45024471888
0.735177943752928,-0.27442612955674,1.93718182459578,-1.66275569503903,979.96865396435,4572.22387685124,-5552.19253081559
0.735374135795222,-0.401888329855299,1.98284156289876,-1.58095323304346,618.167116405485,4795.73883824692,-5413.9059546524
0.735505621362948,-0.486518515542604,2.00924882011595,-1.52273030457333,374.204245494477,4935.44781696412,-5309.6520624586
0.735567923082631,-0.526348850758846,2.02057022225618,-1.49422137149732,258.326487972174,4998.73737939636,-5257.06386736853
0.735666926650063,-0.589212770721107,2.03696372441596,-1.44775095369483,74.0261659193102,5095.34437457727,-5169.37054049658
0.735765930217495,-0.651504484027364,2.05138569325975,-1.39988120923237,-110.340183316536,5187.0167676526,-5076.67658433606
0.735940359824583,-0.759644568937442,2.07195080255809,-1.31230623362063,-434.683296847214,5336.21438126526,-4901.53108441805
0.736195152574227,-0.913325426077641,2.09078624250194,-1.17746081642428,-905.556553735637,5525.14121238904,-4619.5846586534
0.736293582502295,-0.971243653196682,2.09448988096406,-1.12324622776735,-1086.26400996079,5588.79174922991,-4502.52773926912
0.736339334295952,-0.997854928717458,2.09552949365639,-1.0976745649389,-1169.92571831361,5616.56353346381,-4446.6378151502
0.736441566216329,-1.05655248975374,2.09628655925666,-1.03973406950289,-1355.93104406715,5674.40232329577,-4318.47127922862
0.736543798136705,-1.11415666545635,2.09488055306445,-0.980723887608075,-1540.52717980966,5726.38139829886,-4185.85421848919
0.736689396218054,-1.19418225516999,2.0891488549796,-0.894966599809586,-1800.5885670166,5790.18548733266,-3989.59692031606
0.73676298288578,-1.23369949108122,2.08458716901074,-0.850887677929493,-1930.66491062414,5817.83986899613,-3887.17495837199
0.736836569553505,-1.27255674098276,2.0789110439606,-0.806354302977809,-2059.70759542173,5842.38273018471,-3782.67513476298
0.736946215226715,-1.32917921296584,2.06839397940152,-0.739214766435649,-2249.8956694113,5873.14876041915,-3623.25309100784
0.737139032608724,-1.42484473032244,2.04396445120004,-0.619119720877572,-2577.5969640915,5910.31298301859,-3332.71601892709
0.737172098736326,-1.440746232925,2.03901599142632,-0.598269758501287,-2632.91668250048,5914.51534201186,-3281.59865951138
0.737280760676962,-1.49188539481596,2.02121066915531,-0.529325274339307,-2812.63329488043,5923.82190295897,-3111.18860807854
0.737472623779935,-1.5778583183131,1.98405028391896,-0.406191965605821,-3121.67895881558,5923.39163550685,-2801.71267669127
0.737664486882908,-1.65809517627807,1.93968704968062,-0.281591873402512,-3419.3689955763,5901.45393605522,-2482.08494047892
0.73785634998588,-1.73231239837156,1.88827963891111,-0.155967240539507,-3704.64985058938,5858.09101446013,-2153.44116387074
0.737964972865524,-1.77157823800318,1.85610740202411,-0.0845291640208846,-3860.34078424967,5824.08294964943,-1963.74216539976
0.738050908056937,-1.80118421280631,1.82911949645657,-0.0279352836502101,-3980.34113990631,5792.36577741879,-1812.02463751249
0.738136843248349,-1.82947565215036,1.80079869451897,0.0286769576314311,-4097.43390651351,5756.42449440957,-1658.99058789606
0.738258013088358,-1.86709033143403,1.75864592512157,0.108444406312506,-4257.41657334957,5698.62855611131,-1441.21198276174
0.738379182928367,-1.90199840472073,1.71394504196251,0.188053362758265,-4411.2255356495,5632.5733793844,-1221.3478437349
0.738500352768376,-1.9341500395922,1.66676014634292,0.267389893249323,-4558.64101989295,5558.35410613033,-999.713086237382
0.738693158960621,-1.97949552449955,1.58675828833681,0.392737236162786,-4779.42154492072,5423.74854899191,-644.327004071184
0.738807341390705,-2.00294735578922,1.5365960561304,0.466351299658866,-4902.01006112724,5334.58485050722,-432.574789379977
0.738836495876937,-2.00852491654044,1.52346497699921,0.485059939541273,-4932.3139920991,5310.70698935421,-378.392997255115
0.738932390008631,-2.02567556588412,1.4793861467575,0.546289419126671,-5029.03662648358,5229.04807673048,-200.011450246904
0.739073343415697,-2.04753700693232,1.41218407717734,0.635352929755023,-5162.86252429202,5100.45081825791,62.4117060341059
0.739259344263302,-2.07022723012072,1.3193139247614,0.750913305359371,-5323.87870900021,4915.54275250019,408.335956500022
0.739501725599255,-2.0891732546284,1.19163826679474,0.897534987833714,-5506.28789020254,4649.63122212694,856.656668075598
0.739585602850315,-2.09292042040271,1.14576287809134,0.947157542311415,-5562.09504760229,4551.15973163127,1010.93531597102
0.739719490491017,-2.09588647801485,1.070918091041,1.0249683869739,-5643.1292646099,4387.49333667988,1255.63592793002
0.739853378131719,-2.09514336062477,0.994182138907385,1.10096122171743,-5714.17126287127,4216.07021982503,1498.10104304624
0.739935779906252,-2.09284238971411,0.946061549522366,1.14678084019179,-5752.88258444405,4106.81568639285,1646.06689805119
0.740018181680786,-2.08913829223818,0.897307162503682,1.19183112973455,-5787.73538658738,3994.80804725619,1792.92733933119
0.740090450992488,-2.08473659144643,0.854050781367229,1.23068581007925,-5815.10882592294,3894.36382037781,1920.74500554513
0.740194861865528,-2.07648007215357,0.790790836087381,1.28568923606623,-5849.35211392935,3745.72879125201,2103.62332267734
0.740340808733536,-2.06119877955727,0.700970764068025,1.36022801548929,-5886.6523814645,3531.2840500314,2355.3683314331
0.740557814106239,-2.03049024407381,0.564811741927208,1.46567850214665,-5919.20455498241,3198.99346277289,2720.21109220952
0.740835609929443,-1.97746547507387,0.386863424944016,1.5906020501299,-5920.76297291974,2752.40180744736,3168.36116547238
0.741062204941812,-1.9230324808086,0.239403552884532,1.68362892792411,-5888.68888007559,2372.29728481989,3516.39159525569
0.741226532068006,-1.87742767583548,0.131610481884827,1.7458171939507,-5846.74784455399,2088.88005843958,3757.86778611441
0.741322833879875,-1.84835868483842,0.068238078101079,1.78012060673738,-5814.90660736094,1920.09624729634,3894.8103600646
0.741446312821903,-1.80861941936042,-0.0130881901950814,1.82170760955555,-5766.2958226102,1701.16418510624,4065.13163750396
0.74156979176393,-1.76615910086267,-0.0943915903975936,1.86055069126031,-5709.00407661307,1479.67877662631,4229.32529998676
0.741693270705958,-1.72104073370951,-0.175552329593567,1.89659306330312,-5643.1175989,1255.96703647771,4387.15056242229
0.741816749647985,-1.67333204492051,-0.256448785390949,1.92978083031149,-5568.7357220387,1030.36447246155,4538.37124957715
0.742004050842841,-1.59620694830351,-0.378339927843998,1.97454687614754,-5439.9914276796,685.423855586079,4754.56757209352
0.742138226823537,-1.53752759232315,-0.46490328437996,2.00243087670315,-5336.12946101812,436.719161209086,4899.41029980903
0.742202931986906,-1.50823853554966,-0.506373972731091,2.01461250828079,-5282.62613849873,316.443780326573,4966.18235817215
0.74231915676704,-1.45408143898504,-0.580312866741518,2.0343943057266,-5181.07006404999,100.149062838905,5080.92100121109
0.742435381547174,-1.39798688420522,-0.653475476706309,2.05146236091156,-5072.60605557875,-116.272489067026,5188.87854464578
0.742551606327308,-1.34002799642818,-0.725766782839788,2.065794779268,-4957.37609895525,-332.539435770492,5289.91553472574
0.742737602163338,-1.2436243024417,-0.839361820063896,2.08298612250563,-4759.35410164244,-677.469813381374,5436.82391502382
0.742904955385892,-1.15323697182067,-0.939143182495154,2.09238015431586,-4567.2583583817,-985.914628319546,5553.17298670124
0.742997306155561,-1.10195705597378,-0.993133786658131,2.09509084263194,-4455.76980238881,-1155.08020637981,5610.85000876862
0.743058177657552,-1.06764410938835,-1.02826879705564,2.09591290644401,-4380.22003981177,-1266.06771262696,5646.28775243873
0.743149227309605,-1.01560007962848,-1.080110808898,2.0957108885265,-4264.24322915394,-1431.18424013198,5695.42746928592
0.743251218688802,-0.956319793802975,-1.13712791010156,2.09344770390456,-4130.19494439763,-1614.73572185734,5744.93066625497
0.743379750114694,-0.880230535646129,-1.20730422063234,2.08753475627849,-3955.25878206351,-1843.64142789545,5798.90020995897
0.743508281540586,-0.802705709149582,-1.27551197844021,2.07821768758981,-3773.87176853161,-2069.54095294941,5843.41272148101
0.743636812966477,-0.723871052776558,-1.34164058770408,2.06551164048065,-3586.32824836851,-2292.06794401761,5878.39619238612
0.743821084638083,-0.608854968939823,-1.43257725781391,2.04143222675374,-3307.4109661642,-2604.39638363364,5911.80734979783
0.74407570438532,-0.446740770948657,-1.55020788304384,1.99694865399251,-2904.20328673235,-3021.17055493237,5925.37384166472
0.744329467705268,-0.282330292032378,-1.65758587502693,1.93991616705932,-2483.89479702705,-3417.3421528639,5901.23694989095
0.744511708300468,-0.163017452146528,-1.7282916642879,1.89130911643443,-2171.97444149043,-3688.78850763442,5860.76294912486
0.744635236873612,-0.0817875297844702,-1.77302707742837,1.85481460721285,-1956.359273906,-3866.0240226011,5822.3832965071
0.744698033027917,-0.040431791695167,-1.79475214133703,1.8351839330322,-1845.57972157106,-3953.92016732646,5799.49988889752
0.744793838192124,0.0226786906136862,-1.82654290709096,1.80386421647728,-1675.22151179731,-4085.0209324274,5760.24244422472
0.74491938821275,0.105331549985645,-1.86568786707214,1.76035631708649,-1449.72840380886,-4251.17699637177,5700.90540018063
0.745044938233375,0.187819792189776,-1.9019295917174,1.71410979952762,-1221.98085715699,-4410.71570967287,5632.69656682987
0.745170488254,0.270016630702127,-1.93521254108161,1.66519591037948,-992.329245755531,-4563.39233690738,5555.72158266291
0.745364381417427,0.396040643591943,-1.98066327139112,1.58462262779917,-634.891234482341,-4785.06656806408,5419.95780254642
0.745476824157757,0.468514553303342,-2.0036768599006,1.53516230659725,-426.346706548631,-4905.59628772713,5331.94299427576
0.745503267837869,0.485481488962428,-2.00872824808056,1.52324675911813,-377.202334130088,-4933.06519375673,5310.26752788681
0.745595381812777,0.544305215097491,-2.02523607561471,1.48093086051721,-205.858876093918,-5026.0618974637,5231.92077355762
0.745750405028417,0.642218384541344,-2.04917340124574,1.40695501670439,82.7325220709558,-5172.97984703261,5090.24732496166
0.745947804303622,0.764626211243694,-2.07260596306259,1.30797975181889,449.731706733179,-5342.20923322164,4892.47752648846
0.746195613436703,0.914019448951507,-2.09072828401404,1.17670883506251,907.659931146156,-5525.45288813777,4617.79295699162
0.746278511352955,0.962858751213687,-2.09397434931005,1.13111559809634,1059.92717103614,-5579.40119298553,4519.4740219494
0.746378032847011,1.02061782340465,-2.09599334833865,1.07537552493398,1241.74469666161,-5639.15232878618,4397.40763212457
0.746477554341068,1.07737603982618,-2.09596239746496,1.01858635763876,1422.33915134211,-5693.38390187208,4271.04475052997
0.746600552770384,1.14605484972898,-2.0930927989483,0.947037949219299,1643.57199101092,-5752.70321352886,4109.13122251794
0.7467235511997,1.2130220729983,-2.0870976558287,0.874075582830375,1862.34960613251,-5803.43031035615,3941.08070422364
0.746846549629017,1.2781785108952,-2.07798595276288,0.799807441867653,2078.34778621264,-5845.49044182867,3767.14265561602
0.746969548058333,1.34142673616381,-2.06577127742725,0.724344541263416,2291.24354618728,-5878.82070249552,3587.57715630824
0.747153292296739,1.43212340788324,-2.04179171483818,0.609668306954913,2602.71595301408,-5912.23644357996,3309.52049056587
0.747263875508922,1.48444795705633,-2.02406961203209,0.53962165497573,2786.12916780777,-5922.86480118842,3136.73563338064
0.7473118864851,1.50661571112561,-2.0156116472956,0.508995936169951,2864.74226269759,-5925.25401081605,3060.51174811846
0.747405756871837,1.54895629796319,-1.99775361632775,0.448797318364532,3016.52285563784,-5926.02709858109,2909.50424294325
0.747526221551975,1.60130668920919,-1.97229534813336,0.370988658924132,3207.4174509565,-5919.46565583806,2712.04820488156
0.747721143656385,1.68109249471258,-1.92515314578184,0.24406065106923,3506.336095088,-5890.90954270274,2384.57344761474
0.747889619147551,1.74499714694977,-1.87858003076458,0.133582883814772,3754.18902542779,-5848.42996673241,2094.24094130462
0.747986003085197,1.77938454813825,-1.84954999801953,0.0701654498812423,3891.35635306849,-5816.74170564042,1925.38535257194
0.748046723425776,1.80021396564388,-1.83038709834541,0.0301731327014886,3975.95217274765,-5794.03461149787,1818.08243875021
0.748136970383031,1.82995581438603,-1.80067978384446,-0.0292760305416094,4098.98725675461,-5756.39348903214,1657.40623227752
0.748247802977452,1.86446332266078,-1.76222109172262,-0.1022422309382,4245.55402876584,-5703.84023067749,1458.28620191165
0.748358635571873,1.89671014921638,-1.72162574107365,-0.175084408142774,4386.97216245222,-5644.36988713215,1257.39772467993
0.748469468166294,1.92665758921941,-1.67894259802226,-0.247714991197188,4523.07181909854,-5578.05427613939,1054.98245704085
0.748652004490034,1.97085611324376,-1.60425893385408,-0.366597179389719,4735.1197134549,-5454.17747968365,719.05776622875
0.748794822414374,2.00093381810217,-1.54212272458241,-0.458811093519809,4890.24340092804,-5344.70951051411,454.46610958607
0.748860076777428,2.01334401668399,-1.51268144797168,-0.500662568712356,4957.88626745304,-5291.08004561818,333.193778165143
0.748950394626292,2.02912142178913,-1.47088959973739,-0.558231822051783,5048.05455910332,-5213.19326963882,165.138710535501
0.749040712475157,2.04326444093597,-1.42791406113108,-0.615350379804937,5134.15488619702,-5131.10876443831,-3.04612175870307
0.749184151439237,2.06233598789038,-1.35732781713173,-0.705008170758695,5262.34446614296,-4992.30945179327,-270.035014349692
0.749406895606483,2.083628932948,-1.24236261608259,-0.841266316865458,5440.05759681856,-4756.90685080557,-683.150746012987
0.749578084667208,2.09307381653547,-1.14981390741352,-0.943259909121991,5558.63905936455,-4560.04620398878,-998.592855375764
0.749645598144499,2.09513757320139,-1.11236541325592,-0.982772159945521,5601.02860902619,-4478.70777426658,-1122.32083475961
0.749692742720044,2.09601939010522,-1.08591765299712,-1.01010173710815,5629.13401704362,-4420.71191498405,-1208.42210205957
0.749802649923905,2.09628865865119,-1.02335683089055,-1.07293182776068,5689.83562019311,-4281.78704687749,-1408.04857331562
0.749908796771433,2.09417591660325,-0.961778645811187,-1.13239727079211,5742.01816402304,-4142.76878047601,-1599.24938354703
0.750037301668853,2.08850258745321,-0.885811599618664,-1.2026909878346,5796.63654131124,-3968.33206740828,-1828.30447390295
0.750165806566272,2.07942567627274,-0.808400476210829,-1.27102520006196,5841.80781246226,-3787.42642660272,-2054.38138585953
0.750294311463692,2.06695992103913,-0.729671048298823,-1.33728887274036,5877.45861631297,-3600.3458478208,-2277.11276849217
0.750475409312498,2.04368540395903,-0.616762064976532,-1.42692333898254,5911.41971968464,-3326.88516915249,-2584.53455053214
0.750726265208953,2.00056328792924,-0.45722529531031,-1.54333799261897,5926.85758191494,-2930.71253411287,-2996.14504780208
0.75103105295805,1.9315381264772,-0.259773821048228,-1.67176430542901,5896.20422305925,-2425.43657352296,-3470.76764953628
0.751176401594833,1.89230326221511,-0.164529899878677,-1.72777336233647,5862.53048274332,-2176.03120569056,-3686.49927705276
0.751321750231616,1.84912436980965,-0.0689484133496371,-1.78017595646005,5816.63030922642,-1922.1008487805,-3894.52946044593
0.75137156358167,1.83342928164817,-0.0361374728373655,-1.79729180881085,5798.09626102411,-1834.09696852373,-3963.99929250038
0.751452999581763,1.80680817708273,0.017510833376192,-1.82431901045896,5764.740926707,-1689.28655800814,-4075.45436869886
0.751573070369043,1.76541146879872,0.0965668320643351,-1.8619783008631,5708.68934488259,-1473.81944610936,-4234.86989877323
0.751725513125149,1.70925201357811,0.196707309316697,-1.90595932289485,5625.84528371516,-1197.32501258962,-4428.52027112554
0.751877955881256,1.64917358218463,0.296396259234155,-1.94556984141883,5530.10017516723,-918.085373269132,-4612.0148018981
0.752082536077531,1.5626573208699,0.429029783176429,-1.99168710404636,5381.77198155403,-540.266586365604,-4841.50539518843
0.752149936780832,1.53270141540996,0.47239819988973,-2.00509961529973,5327.96855299789,-415.1329354024,-4912.83561759549
0.752251018226726,1.48649901004874,0.537024545524746,-2.02352355557352,5242.81835093808,-227.166872156733,-5015.65147878135
0.752283246447801,1.47144844939904,0.557521750365821,-2.0289701997649,5214.54897572177,-167.170980282902,-5047.37799543887
0.752336415573969,1.44629067892958,0.591209691458772,-2.03750037038839,5166.74541708563,-68.1620328605567,-5098.58338422507
0.752456264469942,1.38812415153689,0.666511689590124,-2.05463584112704,5053.74384431081,154.999048795659,-5208.74289310647
0.752632359032824,1.29914078912579,0.775375654385941,-2.07451644351176,4874.81407448637,482.30288240656,-5357.11695689294
0.752871665987913,1.17195717183926,0.919385918754438,-2.09134309059372,4607.99172910219,924.33760895949,-5532.32933806168
0.752963896840247,1.12108535059976,0.97359872091905,-2.09468407151884,4498.02403781963,1093.60572404505,-5591.62976186468
0.752990097829547,1.10645818863608,0.988854227474419,-2.09531241611053,4466.08695160828,1141.53612573058,-5607.62307733886
0.753076162215388,1.05789610255232,1.03848022988336,-2.09637633243571,4359.07706723502,1298.39071677137,-5657.46778400639
0.753197160193077,0.98833488513522,1.1069443508028,-2.09527923593804,4203.28483506865,1517.24109182088,-5720.52592688953
0.753363869929736,0.890199620051997,1.19861066037563,-2.08881028042765,3978.78802466399,1815.04220266473,-5793.83022732871
0.753438120042777,0.845671051215629,1.23841125872076,-2.08408230993641,3875.2075201006,1946.1803490182,-5821.3878691188
0.753512370155817,0.800682791895464,1.27753725204837,-2.07822004394385,3769.51848703276,2076.25730856927,-5845.77579560203
0.753627494976555,0.730086183496693,1.3368107162598,-2.06689689975651,3601.63579790686,2275.65178381553,-5877.28758172239
0.753827931055983,0.605008524892176,1.43574432212106,-2.04075284701325,3298.37646229827,2615.39326580652,-5913.76972810479
0.754100806106469,0.431078144530031,1.56113563782211,-1.99221378235215,2865.02743903684,3060.73527756418,-5925.76271660103
0.754373681156956,0.253989424060481,1.67506869102742,-1.9290581150879,2410.68480358015,3483.62145253569,-5894.30625611584
0.754530000259656,0.151516633195158,1.73491279197497,-1.88642942517013,2141.96075673524,3714.79432019221,-5856.75507692745
0.754657420191861,0.067697555081548,1.78060890947492,-1.84830646455647,1919.0393594529,3896.64488933997,-5815.68424879287
0.754718890982684,0.0272064016565736,1.8016414467439,-1.82884784840048,1810.3530577949,3982.17351313391,-5792.52657092882
0.754801010424321,-0.0268936167625584,1.82868566026286,-1.8017920435003,1664.12560533981,4094.09492268148,-5758.2205280213
0.754927476580288,-0.110145995089881,1.86793951222967,-1.75779351713979,1436.83976061728,4261.06723334416,-5697.90699396144
0.755053942736254,-0.193222330690566,1.90424348725159,-1.71102115656102,1207.29073504088,4421.30735795645,-5628.59809299733
0.75518040889222,-0.27599373866293,1.93754147931991,-1.66154774065697,975.83507899087,4574.56733118592,-5550.40241017679
0.755377345496887,-0.403922023838173,1.98326742993598,-1.5793454060978,612.616280498847,4798.67593475827,-5411.29221525711
0.755506096706101,-0.486784458518284,2.00908013033231,-1.52229567181401,373.709305438867,4935.3712933447,-5309.08059878356
0.755560226862555,-0.521401771752189,2.01895612138148,-1.49755434962928,273.032894338203,4990.45841000102,-5263.49130433923
0.755658428682467,-0.58380156673068,2.03537689055264,-1.45157532382195,90.2358220153856,5086.68224083406,-5176.91806284945
0.755756630502379,-0.645643158917966,2.04985907753403,-1.40421591861605,-92.6404088425415,5178.05814198689,-5085.41773314435
0.755928627796496,-0.752404107168185,2.07050695619463,-1.31810284902643,-412.516232581997,5326.12063592264,-4913.60440334065
0.75618016211277,-0.904403472301571,2.08979419155551,-1.18539071925391,-877.607374609205,5514.44304448535,-4636.83566987615
0.756242210813733,-0.941111055557024,2.09255528364261,-1.15144422808556,-991.740730062082,5555.70400994864,-4563.96327988656
0.75636326364844,-1.0116623278799,2.09564928752423,-1.0839869596443,-1213.21970514692,5630.08273929841,-4416.86303415149
0.756484316483146,-1.08074495657459,2.09571105660221,-1.0149661000276,-1432.92736602576,5696.30910201441,-4263.38173598865
0.756605369317853,-1.1482634330576,2.09274120437438,-0.944477771316754,-1650.55922714687,5754.29321735582,-4103.73399020895
0.75672642215256,-1.21412083271706,2.08674415645843,-0.872623323741349,-1865.80264999511,5803.95231553755,-3938.14966554244
0.756847474987266,-1.2782218383218,2.07772858149453,-0.799506743172699,-2078.34605419545,5845.21457217576,-3766.86851798031
0.756968527821973,-1.34047364323901,2.06570750321101,-0.725233859971977,-2287.88168484797,5878.02024463173,-3590.13855978375
0.757151043495497,-1.43060957317293,2.04194753334417,-0.611337960171197,-2597.35281078311,5911.38488207272,-3314.03207128961
0.757199492683796,-1.45377280325633,2.0345053190976,-0.580732515841244,-2678.15939711824,5916.98578925922,-3238.82639214098
0.757320949986614,-1.5103330015446,2.01378423006581,-0.503451228521177,-2877.91136192051,5924.99103080198,-3047.07966888147
0.757442407289433,-1.5646904646016,1.99013140330063,-0.425440938698995,-3073.46003711273,5924.36559417889,-2850.90555706615
0.757563864592251,-1.61676932646069,1.96358047210777,-0.346811145647036,-3264.53191896542,5915.11193884106,-2650.58001987564
0.757754651640821,-1.69376527732738,1.91613308731697,-0.222367809989545,-3554.8607620179,5883.20541295163,-2328.34465093373
0.75790906628275,-1.75165311077969,1.87267557522623,-0.121022464446504,-3780.5864790112,5841.89834163124,-2061.31186262004
0.758001942946785,-1.78450511399994,1.84439908308955,-0.0598939690895704,-3912.1450636757,5810.41564483608,-1898.27058116038
0.758124284443326,-1.82544942315845,1.80476360144614,0.0206858217123577,-4080.3122594153,5761.40174329507,-1681.08948387977
0.758246625939866,-1.86369555981438,1.76246221632391,0.101233343490517,-4242.44541644335,5703.8747562506,-1461.42933980724
0.758368967436407,-1.89918798414351,1.7175567650979,0.181631219045662,-4398.30874484012,5637.91930505852,-1239.6105602184
0.758491308932948,-1.93187441433532,1.6701134944129,0.261760919922464,-4547.67255922368,5563.63285653696,-1015.96029731328
0.758681190037961,-1.97691968594644,1.59164577939613,0.385273906550362,-4766.03042201668,5432.14721235837,-666.116790341687
0.758807081390768,-2.00292673386526,1.53646312173977,0.466463612125537,-4901.55015059302,5334.25512924406,-432.704978651048
0.758864711312913,-2.01379191186164,1.51038766222312,0.503404249638572,-4961.05707231856,5286.63571499833,-325.578642679769
0.758940251304755,-2.02703168702942,1.47546235258727,0.551569334442197,-5036.58273993098,5221.59788924936,-185.015149318373
0.759039129240034,-2.04263332720396,1.42849785361375,0.614135473590257,-5131.13697845027,5132.03343300818,-0.896454557915149
0.759190006148934,-2.06263084250586,1.3542100247565,0.708420817749402,-5265.81030534853,4985.88396129936,279.926344049175
0.759415089552936,-2.08382828566665,1.23783696795352,0.845991317713181,-5444.56293834466,4747.25750287178,697.305435472883
0.759582568911546,-2.0928538793711,1.14716496324541,0.945688916125734,-5560.0126521324,4554.17049682853,1005.84215530387
0.759655324679481,-2.09497257366936,1.10675157662822,0.988220997041189,-5605.41207815035,4466.28825925108,1139.12381889926
0.759732102369435,-2.09602038991575,1.06347993082303,1.03254045909277,-5650.13800964819,4371.02196694525,1279.11604270293
0.759829503724047,-2.09559385886346,1.00770234800303,1.08789151086049,-5702.13532516662,4246.5217787494,1455.61354641722
0.759881664757029,-2.09455819861817,0.977436979628157,1.11712121899007,-5727.79045474987,4178.19718951124,1549.59326523863
0.75999295265812,-2.09046863286705,0.912007621416083,1.17846101145102,-5777.36495189931,4028.7183794266,1748.64657247271
0.760104240559211,-2.08382327589521,0.845464210163038,1.23835906573222,-5819.873410407,3874.31551916456,1945.55789124244
0.760215528460302,-2.07463021376436,0.777886453249118,1.2967437605153,-5855.26544420629,3715.17381771418,2140.09162649211
0.76036208831114,-2.05865822463506,0.687466212453398,1.37119201218172,-5890.94041783232,3498.72734090586,2392.21307692647
0.760578290899781,-2.02715355299255,0.551532462645919,1.47562109034668,-5920.74188559841,3166.16843184226,2754.57345375614
0.760857978813011,-1.9725867903311,0.372100936999421,1.60048585333173,-5918.81203318863,2714.79315026178,3204.01888292685
0.761078835432523,-1.91870269271216,0.228238520457949,1.69046417225426,-5885.04069608416,2343.20980074867,3541.83089533549
0.761238727117998,-1.87389647237992,0.123311945827351,1.75058452655262,-5842.89632297514,2066.92851742254,3775.9678055526
0.761327113404986,-1.84708260256419,0.0651404127253823,1.78194218983886,-5813.25251200913,1911.86922690255,3901.38328510657
0.761446832943845,-1.80850134180719,-0.0137109209144941,1.82221226272173,-5765.95720884027,1699.54751831572,4066.40969052455
0.761566552482704,-1.7673624762567,-0.0925400515852887,1.85990252784203,-5710.50177407855,1484.82755656592,4225.67421751262
0.761686272021563,-1.72372325526169,-0.171238115469418,1.89496137073116,-5646.96456370575,1268.00651913001,4378.95804457573
0.761805991560422,-1.67764525035024,-0.249694267248504,1.92733951759879,-5575.43561642243,1049.39003324728,4526.04558317515
0.761989619352982,-1.60240555206879,-0.369268001210025,1.97167355327886,-5450.47209677012,711.404622473599,4739.06747429652
0.762133311778585,-1.5397844470128,-0.46202087588341,2.00180532289625,-5339.99199955264,445.157157747006,4894.83484180563
0.762200594146413,-1.50936609926379,-0.505154101308954,2.01452020057278,-5284.48680953577,320.101767486614,4964.38504204916
0.762246385686914,-1.48827674255919,-0.534382412386973,2.02265915494621,-5245.35685595112,234.904227174934,5010.45262877618
0.762348853763829,-1.43998275718952,-0.599366816973609,2.03934957416317,-5153.88613571345,44.136859450283,5109.74927626317
0.762451321840744,-1.39019746115284,-0.66372826732951,2.05392572848239,-5057.0737633216,-146.67147745564,5203.74524077724
0.762599458411366,-1.315704061021,-0.755523901158227,2.07122796217927,-4907.90080930328,-422.148135295684,5330.04894459897
0.76281988602149,-1.19968501656118,-0.888968335575483,2.0886533521367,-4666.4694450933,-830.004049834527,5496.47349492783
0.762948553723894,-1.12922815409973,-0.964979021076069,2.09420717517583,-4515.04175722419,-1066.50324271441,5581.5449999386
0.763031948168704,-1.0825603530748,-1.01341966466189,2.09598001773672,-4412.91820584797,-1218.91102936575,5631.82923521372
0.76314211200576,-1.01978563855545,-1.07632965915778,2.09611529771326,-4273.39458709752,-1418.91641434879,5692.31100144631
0.763252275842816,-0.955790422210152,-1.13794900583238,2.09373942804256,-4128.75230624144,-1617.21792305413,5745.97022929557
0.763362439679872,-0.890650131779535,-1.19820529505498,2.08885542683455,-3979.16223405135,-1813.5822760642,5792.74451011556
0.763440759085988,-0.843680574332351,-1.24017987727514,2.08386045160751,-3869.88979925324,-1951.89332954771,5821.78312880095
0.763519078492104,-0.796200180544181,-1.28140339872404,2.07760357926824,-3758.27309290319,-2089.02197868706,5847.29507159025
0.763644391066672,-0.719252398516521,-1.34572695631653,2.06497935483308,-3575.0074862916,-2305.72893919674,5880.73642548834
0.763853322517548,-0.588600561486288,-1.44823845567415,2.03683901716046,-3257.42440460688,-2658.76637962247,5916.19078422935
0.764130336287276,-0.411666111663796,-1.57439469414639,1.98606080581021,-2815.23562367583,-3108.69002452602,5923.92564820185
0.764407350057003,-0.23161983248289,-1.68864652881566,1.92026636129857,-2351.77742025379,-3535.12176544437,5886.89918569817
0.764540902315418,-0.144001260930856,-1.73928212605591,1.88328338698678,-2121.49117651837,-3731.60025537153,5853.0914318899
0.764674454573832,-0.0561357736828326,-1.78685086923487,1.84298664291772,-1887.48408952128,-3921.49089391597,5808.97498343725
0.764808006832246,0.0318231941192751,-1.83127045471384,1.79944726059458,-1650.16541380675,-4104.46350356583,5754.62891737258
0.764899422529842,0.0920169664785751,-1.85982577267307,1.7678088061945,-1485.99511605111,-4225.57813018723,5711.57324623834
0.765011409930103,0.165641417498052,-1.89271064254087,1.72706922504282,-1283.24027523883,-4369.1726430587,5652.41291829753
0.765146183272238,0.253956308873668,-1.92917240986192,1.67521610098825,-1037.17314893468,-4534.77759125407,5571.95074018874
0.765344977770076,0.383299201090118,-1.97660664601656,1.59330744492644,-671.083967820177,-4764.04482668026,5435.12879450044
0.7654704924166,0.464260366910408,-2.00261005169717,1.53834968478676,-438.405101179304,-4899.34857757101,5337.75367875031
0.765504053151605,0.485798046336934,-2.00903914819071,1.52324110185377,-376.039376075797,-4934.25584219431,5310.29521827011
0.765602712051139,0.548778846962198,-2.02663882026954,1.47785997330733,-192.519967107264,-5033.66069193063,5226.18065903789
0.765732698520543,0.630928855301879,-2.04684748822681,1.41591863292493,49.4855349267432,-5157.20673663125,5107.72120170451
0.765909503366711,0.740924034121366,-2.06884437898559,1.32792034486422,378.362560559206,-5311.36918731039,4933.00662675118
0.76614742425161,0.885210312338337,-2.08835606597059,1.20314575363224,818.70547385519,-5492.81630899883,4674.11083514364
0.766263625432669,0.953990917350134,-2.0936602749926,1.13966935764245,1032.43869873884,-5570.4206876287,4537.98198888986
0.766344866893977,1.00133398848078,-2.09571161584051,1.09437762735972,1181.08584380229,-5620.27768112925,4439.19183732695
0.766465468379611,1.07038886747656,-2.09623772980942,1.02584886233285,1400.26241433254,-5687.51172279674,4287.2493084642
0.766586069865245,1.13790485863371,-2.09375432545519,0.955849466821469,1617.42232012283,-5746.57671273784,4129.154392615
0.766706671350879,1.20378721670265,-2.08826523104227,0.884478014339611,1832.26044059751,-5797.39075962617,3965.13031902866
0.766827272836513,1.26794156515705,-2.07977835791887,0.811836792761806,2044.46891740064,-5839.88128239223,3795.41236499159
0.766947874322147,1.33027569703025,-2.06830587844801,0.738030181417745,2253.74272030732,-5873.98721590523,3620.24449559791
0.767124449829458,1.41804586552892,-2.0461641086769,0.628118243147953,2554.14113776383,-5908.68989643295,3354.54875866912
0.76722408010892,1.46567959533749,-2.03088286702919,0.56520327169168,2720.29319472249,-5920.25979559325,3199.96660087076
0.767269921876023,1.48712049542685,-2.02318107082761,0.536060575400727,2795.86909384887,-5923.63534929107,3127.7662554422
0.767356264601622,1.52665787909891,-2.00753791215707,0.480880033058134,2936.61035607759,-5926.65333207938,2990.04297600179
0.767442607327221,1.5650705973845,-1.99041761392106,0.425347016536533,3075.18639884297,-5925.30815670188,2850.12175785891
0.7675839073798,1.62542275954669,-1.95925264458732,0.333829885040602,3296.99111191316,-5913.70226307108,2616.71115115792
0.76780493218504,1.71331679861406,-1.90281404600786,0.18949724739377,3630.59212304833,-5872.2202255871,2241.62810253877
0.767934537021464,1.76107110365471,-1.86541664684154,0.104345543186803,3818.2849894697,-5834.7039372964,2016.4189478267
0.768016881274424,1.78990596190512,-1.84004044804856,0.0501344861434029,3934.29042921168,-5805.83218623578,1871.5417570241
0.768127167385983,1.82663991181959,-1.80413114108325,-0.0225087707363685,4085.49991317092,-5761.08209263849,1675.58217946757
0.768237453497543,1.86117979730867,-1.7660565405318,-0.0951232567769015,4231.80002543929,-5709.41471536165,1477.61468992236
0.768347739609102,1.89348506988486,-1.72586173768051,-0.167623332204391,4373.018689218,-5650.89175425328,1277.87306503528
0.768458025720662,1.92351709392891,-1.68359489666856,-0.239922197260385,4508.98693561098,-5585.58350254337,1076.59656693239
0.768636453982831,1.96718478068398,-1.61097908994751,-0.356205690736505,4717.36409972882,-5465.79948636238,748.43538663356
0.768788909909164,1.99961025181415,-1.54490695603496,-0.454703295779224,4883.7185365262,-5349.82094956482,466.102413038616
0.768878243889079,2.01648957370427,-1.50452206073146,-0.511967512972846,4976.04543506923,-5276.11941706645,300.073981997225
0.76899964308621,2.0368755347489,-1.44775561709529,-0.589119917653647,5095.19654652981,-5169.3259010778,74.1293545479862
0.769121042283341,2.05429802248598,-1.38888427109209,-0.665413751393936,5206.93274693216,-5055.01387702493,-151.918869907236
0.769301738963641,2.07468302487168,-1.29756974205532,-0.777113282816399,5359.12718759189,-4871.35749314092,-487.769694450963
0.769554367184206,2.09195771873401,-1.16303790998187,-0.928919808752173,5542.77951389255,-4588.59060581596,-954.188908076593
0.769678012026037,2.09562500943025,-1.09441088067816,-1.00121412875213,5620.09906741911,-4439.42737759176,-1180.67168982734
0.769801656867868,2.09612951906116,-1.02413371448143,-1.07199580457977,5688.93437628354,-4283.56670934783,-1405.36766693571
0.769925301709698,2.09347059036323,-0.952313381339982,-1.14115720902329,5749.18057178738,-4121.24556826642,-1627.93500352096
0.770048946551529,2.08765254447167,-0.879057096027924,-1.20859544844378,5800.74890469285,-3952.70671851011,-1848.04218618275
0.77017259139336,2.07868430359001,-0.804474715462709,-1.27420958812734,5843.56280443038,-3778.20326217825,-2065.35954225213
0.77029623623519,2.06657943922656,-0.728678543670452,-1.33790089555615,5877.55811557644,-3597.99815336416,-2279.55996221228
0.770478176712832,2.04311003797299,-0.615214489149729,-1.4278955488233,5911.43279658892,-3323.12197640387,-2588.31082018505
0.770732479980363,1.99916883144743,-0.453428248936077,-1.54574058251139,5926.42024686652,-2921.16897342338,-3005.25127344314
0.771039731553616,1.92914421697421,-0.254303837182254,-1.67484037979199,5894.19222848631,-2411.22382042597,-3482.96840806034
0.771177625519729,1.89179067444725,-0.163923489196319,-1.72786718525097,5861.85081165318,-2174.44070257763,-3687.41010907555
0.771315519485843,1.85088812992983,-0.0732422873437519,-1.77764584258611,5818.50406835292,-1933.59179897838,-3884.91226937454
0.771376538263235,1.83167023954782,-0.0330519856232352,-1.79861825392462,5795.82440278345,-1825.80333816811,-3970.02106461534
0.771462723299457,1.80338359470664,0.0237248079760165,-1.82710840268269,5760.16408044147,-1672.44164282653,-4087.72243761494
0.77158810178893,1.75988487593161,0.106265006328432,-1.86614988226008,5700.75913259678,-1447.21490847385,-4253.54422412293
0.771713480278403,1.71365634723841,0.188638558247358,-1.9022949054858,5632.50782064517,-1219.74637221292,-4412.76144843225
0.771838858767877,1.66476881741269,0.270719629833245,-1.93548844724597,5555.51536477259,-990.383896404299,-4565.13146836829
0.772033293925334,1.58390437477759,0.397085227225505,-1.98098960200312,5419.16568786737,-631.916843793525,-4787.24884407385
0.772141319464168,1.53638266837066,0.466715043761755,-2.00309771213245,5334.60433023134,-431.558935887654,-4903.04539434369
0.772179988546161,1.51893494925005,0.491518617423647,-2.01045356667373,5302.82864935958,-359.690216525671,-4943.13843283391
0.772265719743018,1.4794618882206,0.546237386161358,-2.02569927438199,5229.60386049786,-200.202173639627,-5029.40168685824
0.772357965352058,1.43579358956137,0.604666733217263,-2.04046032277866,5146.58124015808,-28.4459836357872,-5118.13525652229
0.772450210961098,1.39091933766331,0.662587766129073,-2.05350710379241,5059.23441444106,143.333337731804,-5202.56775217287
0.772592366984763,1.31950520070414,0.750723113235093,-2.07022831393926,4916.36022357375,407.716672272209,-5324.07689584596
0.772811871659626,1.20417165949222,0.883746689875545,-2.08791834936779,4676.71231232704,813.973851751385,-5490.68616407842
0.772943972938964,1.13192928528528,0.961860828288948,-2.09379011357425,4521.61935279208,1056.8568940016,-5578.47624679368
0.773021590769516,1.08855471523364,1.00700439338834,-2.095559108622,4426.81986726054,1198.77733763261,-5625.59720489315
0.773131495797516,1.02604475644578,1.0698863854785,-2.0959311419243,4288.11362884535,1398.46436705874,-5686.5779959041
0.773241400825515,0.96231292133301,1.13149076280124,-2.09380368413427,4144.29661180073,1596.4779754012,-5740.77458720193
0.773351305853515,0.89743377924397,1.19174568173389,-2.08917946097787,3995.53751225567,1792.58695734145,-5788.12446959712
0.773375143120103,0.883214786722021,1.20463245749605,-2.08784724421809,3962.63015753906,1834.85727884047,-5797.48743637953
0.773439184272235,0.84477417518463,1.23891427801098,-2.08368845319563,3873.13268989831,1947.89417154716,-5821.02686144547
0.773556861531467,0.773270935739627,1.30057881865232,-2.07384975439196,3704.64613829461,2153.47519862461,-5858.12133691923
0.773740429016472,0.659697314632318,1.39315733048551,-2.05285464511784,3431.89311935435,2468.07369826765,-5899.96681762201
0.773988195529248,0.50307294707341,1.51065479313478,-2.0137277402082,3046.02808048238,2879.29571073671,-5925.32379121909
0.774235962042023,0.343405604207224,1.61900826009403,-1.96241386430126,2641.74591132604,3273.09464382721,-5914.84055515326
0.774483728554799,0.181654616386624,1.71756729799793,-1.89922191438456,2221.47437166748,3647.10659905121,-5868.5809707187
0.774575657816762,0.121241886058394,1.75156082395964,-1.87280271001803,2061.81135895258,3780.52981480477,-5842.34117375735
0.774709415163994,0.0331988836891316,1.79838862676916,-1.83158751045829,1826.52815507692,3968.93845473453,-5795.46660981145
0.774843172511226,-0.0548964273422409,1.84203624269121,-1.78713981534897,1588.03469557265,4150.32084932618,-5738.35554489883
0.774921498945968,-0.106459666378935,1.86609526993054,-1.7596356035516,1447.01694834374,4253.17394269474,-5700.19089103848
0.774999825380709,-0.1579577471576,1.88902351460334,-1.73106576744574,1305.12415715938,4353.44825852541,-5658.57241568479
0.775120873960986,-0.23733294086201,1.92219678541036,-1.68486384454834,1084.34805945883,4503.18236426021,-5587.53042371904
0.775327102422247,-0.371646850614932,1.97226131263896,-1.60061446202401,704.957821583196,4743.05323032019,-5448.01105190338
0.775457468915566,-0.455820379334555,1.99966528670883,-1.54384490737427,463.397396197523,4884.5440819149,-5347.94147811242
0.775518857330527,-0.495212049054756,2.0114140126005,-1.51620196354573,349.322128903216,4948.36532602281,-5297.68745492602
0.775592847034919,-0.542440002167003,2.02457808419097,-1.48213808202395,211.67144691779,5022.83105203517,-5234.50249895295
0.775704001899212,-0.612821740104334,2.04229268549016,-1.42947094538581,4.7156155019652,5129.5687684981,-5134.28438400007
0.77585820301444,-0.709183703300855,2.06273384528197,-1.3535501419811,-282.282069238862,5267.22465299865,-4984.94258375978
0.776080875409828,-0.845278423314287,2.08368917225621,-1.23841074894191,-695.188664221773,5444.0389400831,-4748.85027586133
0.776248871256312,-0.945293081461663,2.09276364153825,-1.14747056007656,-1004.68120674126,5559.90872714027,-4555.22752039901
0.776318659284238,-0.986103320219359,2.09482240779085,-1.10871908757147,-1132.54012178124,5603.53085212515,-4470.99073034391
0.77638682823899,-1.0255065698957,2.09586027038336,-1.07035370048764,-1256.89962788716,5643.53488157472,-4386.63525368756
0.776492160915869,-1.08545106835326,2.09557252540506,-1.01012145705177,-1447.87444014318,5700.23927937076,-4252.36483922758
0.776547995337396,-1.11675226855633,2.09448885694391,-0.977736588387554,-1548.48857477011,5727.77128702287,-4179.28271225276
0.776658987171854,-1.177935247877,2.0904209210314,-0.912485673154366,-1747.01934288008,5777.24813381852,-4030.22879093844
0.776769979006311,-1.23768475990428,2.08381073586373,-0.846125975959417,-1943.42170778156,5819.69673097405,-3876.27502319249
0.776880970840769,-1.29592954378503,2.07466630144085,-0.77873675765579,-2137.46128929051,5855.06684506817,-3717.60555577766
0.777025783532512,-1.3695315523127,2.05894610878807,-0.689414556475335,-2386.64668467592,5890.49702192968,-3503.85033725376
0.77724007791526,-1.47315960002938,2.02788800052984,-0.554728400500425,-2746.02752276221,5920.5313529453,-3174.50383018309
0.777310644667482,-1.50587276070124,2.01563339458077,-0.509760633879495,-2861.82051001667,5924.56191252105,-3062.74140250438
0.777404731105943,-1.54832925429495,1.9977554862489,-0.449426231953911,-3013.98883118702,5925.40171559674,-2911.41288440972
0.777498817544403,-1.58943108677239,1.97813191564567,-0.388700828873236,-3163.51705078238,5921.06084799458,-2757.5437972122
0.777666651834352,-1.65925519958455,1.93885844379891,-0.279603244214321,-3423.21615194123,5900.47891269849,-2477.26276075725
0.777873276971633,-1.73884156279388,1.88313333654524,-0.144291773751325,-3729.71228080759,5852.63980254823,-2122.92752174064
0.777940675593265,-1.76325303132201,1.86321430579247,-0.0999612744704221,-3826.42770878679,5831.67831673763,-2005.25060795084
0.778064234919983,-1.80593332856571,1.82454223598378,-0.0186089074180317,-3999.20086720458,5786.47197748125,-1787.27111027667
0.7781877942467,-1.84589011706207,1.78312183957255,0.0627682774895626,-4165.93811745468,5732.54483690981,-1566.60671945513
0.778259498267922,-1.86781042426682,1.75784352416001,0.109966900106856,-4259.85391260276,5697.27520277454,-1437.42129017178
0.778346218643541,-1.89305220879876,1.72608182701145,0.166970381787353,-4370.53760703539,5650.75793089661,-1280.22032386122
0.77848940196439,-1.931635304558,1.67085907088265,0.260776233675388,-4546.10566103228,5564.80627253299,-1018.70061150071
0.778714701454325,-1.98437676949579,1.57721317075272,0.407163598743116,-4803.47575390093,5406.92246066127,-603.446706760347
0.778814610082716,-2.00461636199689,1.53309750290375,0.47151885909319,-4910.06662790316,5328.13942823638,-418.072800333216
0.778884278870362,-2.01756310609745,1.50143495412169,0.516128151975805,-4981.54310192376,5270.08389978534,-288.540797861572
0.779003415274984,-2.0374548372909,1.44564208735511,0.591812749935837,-5098.19615771904,5164.98751222077,-66.7913545017286
0.779122551679606,-2.05449144109507,1.38782506433828,0.666666376756842,-5207.70152308034,5052.65561572814,155.045907352201
0.779306018639356,-2.0750838444517,1.29504434405897,0.780039500392773,-5361.9661695919,4865.94098878549,496.025180806415
0.779561307408498,-2.0922504194984,1.15892901913332,0.93332140036513,-5546.80060254715,4579.55527497766,967.245327569489
0.779688761861843,-2.09580009612338,1.08806518269967,1.00773491342375,-5625.89146942344,4425.30700253521,1200.58446688824
0.779816216315189,-2.09598895147142,1.01545747513041,1.08053147634105,-5695.95764520796,4263.96317305162,1431.99447215634
0.779915460593285,-2.09380815636105,0.957781523858766,1.13602663250233,-5744.19812144783,4133.56863022825,1610.62949121958
0.780014704871382,-2.08959139252705,0.899175051136883,1.19041634139021,-5786.85023834294,3999.1551105012,1787.69512784173
0.780093767791836,-2.08477755151609,0.851854935128653,1.23292261638749,-5816.80440480576,3889.27785070652,1927.52655409924
0.780193759530137,-2.07684788317539,0.791263609496469,1.28558427367897,-5849.54072104252,3746.89476212797,2102.64595891455
0.780332683589108,-2.06243264578737,0.705811069735465,1.35662157605195,-5885.42620841919,3542.99801841934,2342.42818999985
0.780544700833605,-2.03288406697365,0.572919845750256,1.45996422122344,-5918.55316943349,3219.09055024157,2699.46261919192
0.780820564518184,-1.98099614991454,0.396392941236079,1.5846032086785,-5922.38040326438,2776.75221899564,3145.62818426874
0.781096428202763,-1.91425366702049,0.216893226231107,1.69736044078943,-5881.82575839124,2313.60705198869,3568.21870640255
0.781216116153721,-1.88075942410888,0.138328883273034,1.74243054083589,-5850.45644842885,2106.80078251989,3743.65566590895
0.781365643603205,-1.8351927494108,0.0399393563834231,1.79525339302742,-5799.65040698622,1844.34313319313,3955.30727379309
0.781515171052689,-1.78557895651218,-0.0585318725873279,1.84411082909955,-5736.04405897498,1577.83034470442,4158.21371427056
0.781571838069531,-1.7657337705263,-0.0958416935598362,1.86157546408617,-5708.61221302479,1475.84901464701,4232.76319837777
0.781653400814128,-1.73619158398894,-0.149481216341048,1.88567280033003,-5665.95564127919,1328.26472347302,4337.69091780616
0.781865237235604,-1.65423776288333,-0.288163048558049,1.94240081144142,-5537.93749336797,941.361481220257,4596.57601214771
0.782063479156466,-1.57090396200499,-0.416800972086299,1.98770493409133,-5395.92040173869,575.480901186335,4820.43950055236
0.782173023135945,-1.52219565851877,-0.487261845765257,2.00945750428406,-5308.38739186949,372.141178005641,4936.24621386385
0.782252518005648,-1.48571279563587,-0.538042543915144,2.02375533955105,-5240.91417608091,224.275872302127,5016.63830377878
0.7823538148009,-1.43788898788783,-0.602252879103072,2.04014186699094,-5150.21036755658,35.6859974011243,5114.52437015546
0.782455111596153,-1.38860966444436,-0.665851883268343,2.05446154771273,-5054.28935773015,-152.936732945189,5207.22609067534
0.782600415761266,-1.3154922285988,-0.755870105809925,2.07136233440876,-4907.80831898052,-423.135680838002,5330.94399981852
0.782819824524487,-1.19999468734464,-0.888691328695843,2.08868601604051,-4667.46015365498,-829.096189209267,5496.55634286425
0.782948393724883,-1.12959278239472,-0.964644956959264,2.09423773935401,-4516.16359168117,-1065.41044745237,5581.57403913354
0.783030141420591,-1.08385457256756,-1.01213715699867,2.09599172956626,-4416.09659579796,-1214.81571364196,5630.91230943993
0.783139921864726,-1.02132039621176,-1.07485089594722,2.096171292159,-4277.15890511739,-1414.15017875238,5691.30908386977
0.783249702308862,-0.957572719264128,-1.13628440338981,2.09385712265396,-4133.13436622652,-1611.79745617865,5744.93182240517
0.783359482752997,-0.892686115274339,-1.1963660302561,2.08905214553046,-3984.19188073456,-1807.52676523869,5791.71864597325
0.783431159835247,-0.849737267980697,-1.23483571870424,2.08457298668496,-3884.36260606296,-1934.19196969242,5818.55457575538
0.783518801449722,-0.796641793590363,-1.28101819732283,2.07765999091321,-3759.63180940219,-2087.7212811049,5847.35309050709
0.783650290344825,-0.715876012470167,-1.34846163693473,2.06433764940492,-3567.2124129764,-2315.01730918044,5882.22972215684
0.783860549051054,-0.584306274326795,-1.45143218592213,2.03573846024894,-3247.16050880469,-2669.94834570606,5917.10885451075
0.784136564619286,-0.407914537851565,-1.57685817934578,1.98477271719736,-2806.01389764736,-3117.72153108935,5923.73542873671
0.784412580187519,-0.22846297496191,-1.69044537132871,1.91890834629063,-2343.8239732164,-3542.09962780019,5885.92360101659
0.784543083591021,-0.142833106408568,-1.73984428384812,1.88267739025669,-2118.68614491826,-3733.92151785204,5852.60766277031
0.784673586994523,-0.0569703555757125,-1.78631301682835,1.84328337240406,-1890.00256264896,-3919.44632191065,5809.4488845596
0.784804090398024,0.0289824269580635,-1.82977505082727,1.80079262386921,-1658.15438152564,-4098.36686294275,5756.52124446838
0.784904407279976,0.0950347341985026,-1.86109969189415,1.76606495769565,-1477.99953965136,-4231.24550707137,5709.24504672273
0.785004724161927,0.160991749432055,-1.8905749642172,1.72958321478515,-1296.37766729086,-4359.91759821826,5656.29526550912
0.785105041043879,0.226788010767532,-1.91817168933848,1.69138367857094,-1113.46921231107,-4484.2556226736,5597.72483498467
0.785275903602669,0.338263438103137,-1.96076001238499,1.62249657428185,-799.588588233459,-4685.64396629734,5485.2325545308
0.78544353030207,0.446681297076334,-1.997053324179,1.55037202710266,-489.411744657087,-4870.10316586811,5359.51491052519
0.785531196928613,0.502931421573925,-2.01384253408993,1.510911112516,-326.530896156395,-4961.2650163175,5287.7959124739
0.785582613345734,0.535749794440998,-2.02297990929075,1.48723011484975,-230.870557484058,-5012.98768573726,5243.85824322132
0.785677250370994,0.595775124629779,-2.03841369869083,1.44263857406104,-54.6827791498949,-5104.74379855068,5159.42657770058
0.785812722411646,0.680755127207858,-2.0573635245476,1.37660839733973,197.527596577152,-5228.19276550746,5030.66516893031
0.786023246535355,0.810252989211815,-2.07939485107653,1.2691418618647,588.410929875212,-5401.08644278006,4812.67551290485
0.786205385870244,0.919471491158535,-2.09112658231487,1.17165509115631,924.635015087705,-5531.67023312977,4607.03521804207
0.786314933830767,0.983762804711689,-2.09489074640326,1.11112794169155,1125.55847509711,-5601.54871503956,4475.99023994245
0.786387875836802,1.0259335207016,-2.0960208371078,1.07008731640618,1258.63143222779,-5644.40459986041,4385.77316763262
0.786480629280891,1.07877158153141,-2.09586722358996,1.01709564205853,1426.8674496883,-5694.60811263466,4267.74066294636
0.786611179851522,1.15156640501189,-2.09263547508255,0.941069070070637,1661.53473406107,-5757.05319212415,4095.51845806308
0.786741730422152,1.22242281616177,-2.08588342994112,0.863460613779333,1893.4030675494,-5809.81131938313,3916.40825183373
0.786872280992783,1.29122317965458,-2.07562248407751,0.784399304422906,2122.08727981988,-5852.79551001258,3730.70823019271
0.787002831563414,1.35785155190274,-2.06186986759454,0.704018315691769,2347.20198316789,-5885.9332161333,3538.73123296541
0.787197874907302,1.45307083579131,-2.03487884950742,0.581808013716086,2675.93546366661,-5916.97058755092,3241.03512388431
0.787288307652768,1.49541436465696,-2.01975830554601,0.524343940889012,2825.10406078842,-5923.83647652529,3098.73241573687
0.787405912927351,1.54866290389709,-1.99765937645876,0.448996472561633,3015.63906754863,-5925.60776582183,2909.9686982732
0.787523518201935,1.59979562408724,-1.97283339229385,0.373037768206572,3202.05140479619,-5919.28697315908,2717.2355683629
0.787700001808407,1.67238607013614,-1.93054833019212,0.258162260055948,3473.42702439695,-5894.65041869935,2421.2233943024
0.787886190010623,1.74338669823598,-1.87951356908149,0.136126870845476,3748.11659142626,-5849.03043832673,2100.91384690046
0.787956818871912,1.76878892412047,-1.8584499634322,0.0896610393116954,3849.07645870555,-5826.46915984404,1977.39270113849
0.788012170724022,1.7880878771713,-1.84130206243993,0.0532141852685887,3926.87427491578,-5806.78035057417,1879.90607565838
0.788128656604453,1.82691977797875,-1.80340902595497,-0.0235107520238239,4086.65464305307,-5759.62250246982,1672.96785941675
0.788233674673405,1.8598326538111,-1.76717392716675,-0.0926587266443857,4226.01855879038,-5710.49007946236,1484.47152067198
0.788338692742357,1.89072082128139,-1.72901458436012,-0.16170623692132,4360.78139877056,-5655.13893262107,1294.35753385051
0.788443710811309,1.91955055798033,-1.68897263600681,-0.230577921973566,4490.79604149701,-5593.62948753853,1102.83344604152
0.788616694943454,1.96245404041643,-1.61905011074428,-0.343403929672193,4694.16453594163,-5479.10438985514,784.939853913509
0.788780487869293,1.9977402326187,-1.54843071926934,-0.449309513349402,4873.96844601406,-5355.74430969291,481.775863678852
0.788866668885109,2.01419544272368,-1.5096005538318,-0.504594888891926,4963.45867886904,-5285.09548328173,321.636804412688
0.788990346921679,2.0352228112105,-1.45195764032822,-0.583265170882326,5085.48826225911,-5176.96486362245,91.4766013633357
0.789114024958249,2.05317657204287,-1.39212356569213,-0.661053006350789,5199.83514305291,-5061.01856695856,-138.816576094353
0.789292348285997,2.07359339436019,-1.30220148153547,-0.771391912824763,5350.79841242982,-4880.48964915644,-470.308763273379
0.789540900465071,2.09117576780855,-1.1701807156521,-0.920995052156504,5533.02594093985,-4603.60155430796,-929.424386631888
0.789647304693835,2.09481866523841,-1.11138028621634,-0.983438379022112,5600.86626864047,-4476.27473860058,-1124.59153003988
0.789695494981709,2.09569829031896,-1.08433278861546,-1.01136550170354,5629.5391008328,-4416.94407478467,-1212.59502604813
0.789787455124618,2.09604266934241,-1.03204220807158,-1.06400046127088,5680.65631604065,-4300.94253648904,-1379.71377955161
0.789907090815151,2.09387139208113,-0.962740913213495,-1.13113047886769,5740.04164770166,-4144.68957460779,-1595.35207309387
0.790026726505685,2.08874178098383,-0.892080088997713,-1.19666169198616,5791.31494377753,-3982.58117773951,-1808.73376603802
0.79008840837534,2.08494282247718,-0.85514206259002,-1.22980075988721,5814.56252084278,-3896.76938785075,-1917.79313299203
0.790178407189596,2.07799564324182,-0.800678646271816,-1.27731699697005,5844.55772919905,-3768.9558303631,-2075.60189883595
0.790308277577749,2.06504522662376,-0.720982007386341,-1.34406321923747,5879.59044475685,-3579.26119059651,-2300.32925416034
0.790515179890787,2.03733405335358,-0.591645536125533,-1.4456885172281,5915.1511885499,-3265.01272592607,-2650.13846262382
0.790788107947628,1.98767031721345,-0.417401592336332,-1.57026872487717,5923.85513155761,-2829.87208713459,-3093.98304442302
0.791061036004469,1.92341544578241,-0.240094299357665,-1.68332114642479,5889.10129999227,-2373.97570623495,-3515.12559375731
0.791205031341457,1.88375172140533,-0.145651659201054,-1.73810006220432,5853.29303648672,-2125.94281092354,-3727.35022556318
0.791349026678444,1.84023396036392,-0.050916389659505,-1.78931757070446,5805.50124427227,-1873.57069306258,-3931.93055120969
0.791493022015432,1.7929516878616,0.0439179441819142,-1.83686963204355,5745.82505729175,-1617.37542502802,-4128.44963226372
0.791556093357473,1.77107329494969,0.0854523395540917,-1.85652563450382,5715.96444147546,-1504.05000393348,-4211.91443754198
0.7916512109489,1.7367697314114,0.148013745724282,-1.88478347713573,5666.69301526714,-1332.06169230567,-4334.63132296146
0.791797598537958,1.6809686689628,0.2439968374398,-1.92496550640264,5581.00713920255,-1065.15832777913,-4515.84881142342
0.792012006539615,1.59289400826419,0.383531249383299,-1.97642525764752,5434.32080868998,-670.497750719705,-4763.82305797028
0.792151457617166,1.53167960130002,0.473433065687717,-2.00511266698777,5325.59668151581,-411.943965735952,-4913.65271577986
0.792208470490213,1.50579043815722,0.509949279663053,-2.01573971782031,5278.17320001721,-305.944004330459,-4972.22919568675
0.792313482823878,1.45685497850196,0.57675928722057,-2.03361426572256,5186.41515989559,-110.505628798033,-5075.90953109755
0.792418495157542,1.40633524323075,0.64293873761473,-2.04927398084551,5089.01195549318,85.0459463412492,-5174.05790183443
0.792523507491206,1.35428456398522,0.708418159811997,-2.06270272379725,4986.06702636312,280.505060802452,-5266.57208716557
0.792699783887465,1.26365578331996,0.816527717442574,-2.08018350076256,4801.17743089443,607.704702909402,-5408.88213380383
0.792889905311046,1.16158561090065,0.930300088254965,-2.09188569915564,4585.3085896176,958.447544807383,-5543.75613442498
0.792965953195314,1.11955155200608,0.974930334791197,-2.0944818867973,4494.28347089849,1097.94366882671,-5592.2271397252
0.793005216146471,1.09759685975334,0.997757241817377,-2.09535410157075,4446.27718596156,1169.72723266506,-5616.00441862662
0.793112442039854,1.03680932468882,1.05930113831144,-2.09611046300028,4311.77085848845,1364.78971903531,-5676.56057752376
0.793219667933236,0.97484759001101,1.11963988301189,-2.09448747302292,4172.37474620695,1558.29435756002,-5730.66910376697
0.793362952755009,0.890346756832704,1.19826256318333,-2.08860932001606,3978.76526366944,1814.03513731656,-5792.800400986
0.793506237576781,0.804041826514216,1.27445740247385,-2.07849922898809,3777.09314011515,2066.10072588339,-5843.19386599855
0.793649522398554,0.716106565816811,1.34807104167046,-2.06417760748729,3567.76462993584,2313.9837001561,-5881.74833009194
0.79383789635482,0.598350106276117,1.44064685900497,-2.03899696528111,3281.70654968726,2632.57869159448,-5914.28524128174
0.794091110272999,0.436915152716288,1.55702749550178,-1.99394264821808,2879.47540677119,3045.92040142421,-5925.39580819541
0.794341298617708,0.274689874788463,1.66235673040669,-1.93704660519517,2464.16823856944,3435.44147116622,-5899.60970973566
0.794520700988099,0.15718996717662,1.73165000717616,-1.88883997435279,2156.66990691936,3702.00922836022,-5858.67913527959
0.794640447879788,0.0784338726895604,1.77486925847826,-1.85330313116783,1947.47780492061,3873.50380998512,-5820.98161490573
0.794704135021809,0.0364888664673316,1.79683869631376,-1.83332756278109,1835.05931193968,3962.50670584936,-5797.56601778904
0.794798286847497,-0.0255341385107059,1.8279918344784,-1.8024576959677,1667.5533812808,4091.1476327605,-5758.7010140413
0.794926192333259,-0.10973336284164,1.86773910208199,-1.75800573924035,1437.72064265006,4260.12175319356,-5697.84239584362
0.795054097819021,-0.193754411583927,1.90446988820274,-1.71071547661882,1205.56810789688,4422.21365248414,-5627.78176038102
0.795182003304784,-0.277463359811457,1.93812582191371,-1.66066246210225,971.466166397636,4577.16547772007,-5548.6316441177
0.795379414698645,-0.405685293876061,1.98389245842338,-1.57820716454731,607.343062451348,4801.64373171841,-5408.98679416976
0.795507040044479,-0.487813958324624,2.00944216156095,-1.52162820323632,370.513210550961,4937.05103881042,-5307.56424936138
0.79555562565743,-0.518889852979273,2.01832453261014,-1.49943467963086,280.150143971763,4986.53948321448,-5266.68962718625
0.79565242220719,-0.580424162566064,2.03461351519481,-1.45418935262874,99.9763269774685,5081.64159082586,-5181.61791780333
0.79574921875695,-0.641419339042301,2.04901975840257,-1.40760041936026,-80.283760111322,5172.03831011592,-5091.75455000459
0.795918655428347,-0.746692152206716,2.06966057006951,-1.32296841786279,-395.43868950857,5318.66056992123,-4923.22188041266
0.796167330646793,-0.897196568000873,2.08931192106668,-1.19211535306579,-855.434493182979,5506.36103927278,-4650.92654608981
0.7962433636538,-0.942213479963766,2.09278681217464,-1.15057333221086,-995.321291839374,5557.15889491159,-4561.83760307221
0.796375448637358,-1.01910231741391,2.0959806035767,-1.07687828616277,-1236.87025783634,5637.82175518855,-4400.95149735221
0.796507533620916,-1.09423214187301,2.09556455346027,-1.00133241158725,-1476.27662190828,5708.76967405994,-4232.49305215166
0.796545516042773,-1.11550029726712,2.09477655991996,-0.979276262652825,-1544.69018584313,5727.36257194701,-4182.67238610388
0.796627756285645,-1.16099634537508,2.09204821946872,-0.931051874093621,-1692.03528546414,5764.81524798201,-4072.77996251787
0.796730748044376,-1.21687025445325,2.08666193490261,-0.869791680449329,-1874.93759489399,5806.28114324836,-3931.34354835436
0.796876660522576,-1.29381969892439,2.07529412367458,-0.781474424750163,-2130.60874196347,5854.59978785915,-3723.99104589569
0.797022573000775,-1.36805043126451,2.05956603479525,-0.691515603530713,-2381.80209519186,5890.61690728108,-3508.81481208923
0.797227824303875,-1.46753431912965,2.03013564249639,-0.562601323366719,-2726.44197086387,5920.31126169292,-3193.86929082906
0.797298749764486,-1.5005388997094,2.01798949871845,-0.517450599009017,-2843.05814510899,5924.86268216035,-3081.80453705135
0.797399308935874,-1.54604533495258,1.99905428689516,-0.453008951942554,-3005.94038428275,5926.26882711085,-2920.32844282811
0.797499868107262,-1.59000685681553,1.97812392523384,-0.388117068418277,-3165.8158910091,5921.75712306279,-2755.94123205369
0.79766870905327,-1.66020572310751,1.93856370466228,-0.278357981554741,-3426.98104805697,5900.89726572768,-2473.91621767072
0.79787367213137,-1.73910951162523,1.88323761313435,-0.14412810150908,-3730.92327967051,5853.2943863493,-2122.37110667879
0.797940058201036,-1.76315517492303,1.86361876502301,-0.100463590099949,-3826.18753824728,5832.65118459162,-2006.46364634434
0.798062686231441,-1.80553655357303,1.825261516942,-0.0197249633689227,-3997.70804597223,5787.85994140398,-1790.15189543175
0.798185314261847,-1.84523601110416,1.78419648415651,0.0610395269476971,-4163.28611943776,5734.47777488959,-1571.19165545184
0.7982721826609,-1.87170859508991,1.75349606424666,0.118212530843291,-4276.87031106157,5691.5002204554,-1414.62990939383
0.798359051059953,-1.89678685110608,1.72148934022681,0.175297510879318,-4387.26769091505,5644.28166916709,-1257.01397825204
0.798494726573398,-1.93311480449804,1.66895287610876,0.264161928389326,-4553.09097361553,5562.14942257092,-1009.05844895539
0.798718023639697,-1.98520066294363,1.57598123784817,0.409219425095496,-4807.72846645355,5405.13816091396,-597.409694460411
0.79881519159333,-2.00484717145855,1.53304564341671,0.471801528041885,-4911.30272588372,5328.41278014008,-417.110054256368
0.798884090892899,-2.01764769867781,1.50173040295299,0.515917295724867,-4981.98113053549,5270.98980738569,-289.008676850207
0.799003430683248,-2.03757452316649,1.44584323284516,0.59173129032138,-5098.83489480415,5165.71678055873,-66.881885754578
0.799122770473597,-2.05463647964843,1.38792498788149,0.666711491766984,-5208.51660523186,5053.18352751213,155.333077719731
0.799306746178673,-2.07526679613643,1.29487482752202,0.780391968614456,-5363.15789909793,4865.90511075016,497.25278834777
0.799519393569091,-2.09047196015131,1.18198055904365,0.908491401107698,-5519.52886133647,4629.29503529126,890.233826045212
0.799621300611045,-2.09446142849676,1.12593997585142,0.968521452645391,-5585.83153498213,4508.43872360682,1077.39281137531
0.799655472064536,-2.09531870953641,1.10688387873555,0.988434830800916,-5606.78846671077,4466.8647488728,1139.92371783798
0.799753030741932,-2.09643610049194,1.05179415532906,1.04464194516293,-5663.042717241,4345.37473668788,1317.66798055312
0.799850589419328,-2.09558352267358,0.995719117334671,1.09986440533896,-5713.97116251358,4219.80709334985,1494.16406916373
0.799933575291505,-2.09330851193071,0.94727952572194,1.14602898620882,-5753.06946718511,4109.86480098323,1643.20466620188
0.800036814422077,-2.08849239471653,0.886126437029116,1.20236595768746,-5796.2440742654,3969.20654914146,1827.03752512394
0.800181606308657,-2.07803941075041,0.798819113834904,1.27922029691555,-5846.50353277133,3764.96877337525,2081.53475939607
0.800326398195238,-2.06328753469444,0.709859486048956,1.35342804864554,-5884.66737814518,3552.94271623007,2331.72466191511
0.800522068758098,-2.03658428948228,0.587376295591614,1.44920799389072,-5916.88094423769,3254.90453210446,2661.97641213323
0.800781540231417,-1.98935535583039,0.421695648436594,1.56765970739385,-5925.13665688575,2841.13988348032,3083.99677340543
0.801041011704737,-1.92892698193033,0.253217982688531,1.67570899924184,-5894.10058666062,2408.53953669191,3485.56104996871
0.801203264797364,-1.88457380179567,0.146853164455412,1.73772063734031,-5854.77773530409,2129.49514781617,3725.28258748792
0.801322960211662,-1.84870181304372,0.0681108504515863,1.78059096259218,-5816.00289548961,1920.01109720756,3895.99179828206
0.801370972398581,-1.83357213811786,0.0364864371006286,1.79708570101727,-5798.12977160037,1835.18641397053,3962.94335762984
0.801456299422402,-1.80565967251748,-0.0197244613607376,1.82538413387826,-5763.11410943528,1683.43797429963,4079.67613513564
0.801581767698484,-1.76227204518653,-0.102327580672526,1.8645996258591,-5704.11700578494,1458.17259069153,4245.94441509342
0.801707235974566,-1.71614723315849,-0.184770146089312,1.90091737924784,-5636.25641516429,1230.6450998014,4405.61131536288
0.801832704250648,-1.66735588942263,-0.266926265405236,1.93428215482791,-5559.63698485725,1001.20333022573,4558.43365463151
0.80202520122624,-1.58751842413997,-0.392077298480605,1.97959572262061,-5425.3857343064,646.414399938447,4778.97133436795
0.802142150727448,-1.53614018180794,-0.467472365983815,2.00361254779179,-5334.06806934118,429.53846297351,4904.52960636767
0.8021879533949,-1.51544413810245,-0.496841287504429,2.01228542560691,-5296.32506160931,344.404967049789,4951.92009455952
0.802220077064349,-1.50074177868333,-0.517377529866837,2.0181193085502,-5269.19922375338,284.654612143236,4984.54461161014
0.80233752197425,-1.44571101497738,-0.591978625000732,2.03768963997814,-5165.49866980459,66.0501304982295,5099.44853930636
0.80248160880103,-1.37552770147703,-0.68237593820508,2.05790363968214,-5028.70375818827,-202.190885026956,5230.89464321522
0.802657726339387,-1.28594625610212,-0.790931691172255,2.07687794727441,-4847.56954073564,-529.384909333009,5376.95445006865
0.802890001934786,-1.16187716541894,-0.930293564705304,2.09217073012427,-4586.19883871882,-958.103903403854,5544.30274212268
0.802992880520322,-1.1048626718516,-0.990532590098727,2.09539526195035,-4462.45139381433,-1146.65623764658,5609.10763146091
0.803036275837473,-1.0804600788992,-1.01563894424879,2.09609902314802,-4408.83917933987,-1225.85323541768,5634.69241475755
0.803123183259275,-1.03099702118147,-1.06533911661727,2.09633613779876,-4299.03052188115,-1383.73624924968,5682.76677113082
0.803245324491481,-0.960201194645242,-1.13382630771701,2.09402750236228,-4139.32810679935,-1603.8210737173,5743.14918051666
0.803367465723687,-0.887992796027937,-1.20064278673684,2.0886355827648,-3973.53234474161,-1821.54026741034,5795.07261215195
0.803489606955893,-0.814476482179546,-1.26569193196922,2.08016841414878,-3801.88397631066,-2036.57873421522,5838.46271052588
0.803611748188099,-0.739760673986731,-1.32887776502229,2.06863843900904,-3624.63619592943,-2248.61919378131,5873.25538971074
0.803786411538748,-0.631080447917658,-1.41578840282115,2.04686885073882,-3362.03360524032,-2545.93016073812,5907.96376597843
0.80403242570304,-0.474940048814462,-1.53085509314677,2.00579514196124,-2975.38879560861,-2951.2845385453,5926.6733341539
0.804333712855308,-0.280061138814953,-1.6591937851336,1.93925492394856,-2478.22501146012,-3423.24064862911,5901.46566008923
0.804497477695232,-0.172841111663211,-1.72287971328395,1.89572082494717,-2198.07160016764,-3667.50450160047,5865.57610176811
0.804661242535157,-0.0651674378474512,-1.78200315190024,1.8471705897477,-1912.10921815487,-3902.05184440036,5814.16106255523
0.804825007375081,0.042672624819811,-1.83640655488894,1.79373393006913,-1621.1004289353,-4126.25682967899,5747.35725861429
0.80492152588438,0.1062155902447,-1.86621222915965,1.75999663891495,-1447.47417769732,-4253.35786854661,5700.83204624393
0.80501804439368,0.169658836067903,-1.89430042545649,1.72464158938858,-1272.52121355578,-4376.54145301396,5649.06266656974
0.805156157299449,0.260139295361226,-1.93144942513962,1.67131012977839,-1020.22532706581,-4545.74765236032,5565.97297942613
0.80537135701602,0.400014493829377,-1.98203680629571,1.58202231246633,-623.651622673104,-4792.10798607366,5415.75960874676
0.805490849383849,0.476977284442001,-2.00624503259004,1.52926774814803,-401.977471779227,-4919.59425893498,5321.5717307142
0.805561368328558,0.522097042660295,-2.01920937200621,1.4971123293459,-270.845167665648,-4991.60134735336,5262.44651501901
0.805670396219336,0.591332137672191,-2.03729647221733,1.44596433454513,-67.897590135487,-5098.07449488963,5165.97208502511
0.805779424110114,0.659871073937408,-2.05299219769652,1.3931211237591,135.123499299169,-5198.56019552974,5063.43669623057
0.805958566510471,0.770729528000392,-2.0735354824754,1.30280595447499,468.134704512187,-5350.31536341352,4882.18065890133
0.806214118049733,0.924471787303583,-2.09145312611065,1.16698133880705,940.081173294572,-5537.26696897187,4597.1857956773
0.806332670556324,0.993899416243315,-2.09520313565958,1.10130371941625,1157.35834780547,-5612.03537278588,4454.67702498042
0.806369115900345,1.01497537764572,-2.09577202375772,1.08079664611199,1223.86141218569,-5633.46543170556,4409.60401951987
0.806445563187718,1.05874149721557,-2.09607173005637,1.03733023284078,1362.8043254709,-5676.00450255464,4313.20017708375
0.806558063996079,1.12201952813027,-2.09431306726114,0.972293539130843,1565.78791890836,-5732.63031842823,4166.84239951987
0.806718822877569,1.20996699247561,-2.08726137073367,0.877294378258041,1852.31398506309,-5801.08122612495,3948.76724106186
0.806879581759058,1.29482694745794,-2.07488666285442,0.780059715396451,2134.11045364944,-5854.7361582965,3720.62570464706
0.807040340640548,1.37638559277881,-2.05722043423779,0.680834841458944,2410.46705861749,-5893.4609412482,3482.99388263071
0.807246606143048,1.47583279993724,-2.02688455085001,0.551051750912743,2755.85316664523,-5921.11767600462,3165.26450935939
0.807321845348227,1.51061348561583,-2.01368519544368,0.503071709827823,2879.12600979475,-5925.02915747702,3045.90314768227
0.807397084553406,1.54454743647883,-1.99936065909552,0.454813222616653,3000.78118718871,-5925.62634943291,2924.8451622442
0.807472323758585,1.57761658987631,-1.98391889504639,0.406302305170041,3120.75357013727,-5922.90959491045,2802.15602477319
0.807625600687012,1.64221753373489,-1.94905045813973,0.306832924404806,3359.61935849638,-5907.13920551885,2547.51984702247
0.80787094204897,1.73757261327193,-1.88390981502255,0.146337201750583,3725.28572084486,-5853.45464325477,2128.16892240991
0.807978097257639,1.77605087276665,-1.85189894508454,0.0758480723178575,3878.3191060651,-5819.05702145081,1940.7379153857
0.808003308090248,1.78481477758241,-1.84405939726195,0.059244619679501,3913.69917933696,-5810.00180294073,1896.30262360376
0.8080788651108,1.81040332449516,-1.81987602819174,0.00947270369654685,4018.23779812028,-5780.68370027222,1762.44590215194
0.808173140315406,1.84089451582392,-1.78826785123771,-0.05262666458625,4145.4749762521,-5739.53705603283,1594.06207978073
0.808345244114762,1.89235464528583,-1.72656024727414,-0.16579439801173,4368.21331773037,-5651.49009748161,1283.27677975124
0.808517347914118,1.93828156452733,-1.65980843803211,-0.278473126495256,4578.17517707189,-5546.92871137698,968.753534305098
0.808689451713474,1.97854417236434,-1.58820439960678,-0.390339772757602,4774.76015112596,-5426.15503280603,651.394881680075
0.808824908447051,2.0061783980818,-1.52855917960687,-0.477619218474965,4919.73033556059,-5319.90333757004,400.173002009446
0.808874712095715,2.01543074763197,-1.50592009202586,-0.509510655606147,4970.82132602787,-5278.39065025623,307.569324228361
0.808977304397661,2.03292802046304,-1.4581372406398,-0.57479077982328,5072.19339162753,-5188.82819068184,116.634799054313
0.809079896699607,2.0483117751588,-1.40884098103829,-0.639470794120554,5168.28836289802,-5093.87556890607,-74.412793991944
0.809248295889953,2.06893575705429,-1.32479962174349,-0.744136135310846,5314.29013080914,-4926.63855707567,-387.651573733466
0.809492806782263,2.0885499782384,-1.19630888046199,-0.892241097776459,5499.60933309599,-4659.55947051883,-840.049862577164
0.809588239979432,2.09287503541608,-1.14415255813051,-0.948722477285613,5563.26517059366,-4547.67015280187,-1015.59501779178
0.80969520432365,2.09548484061433,-1.08447842729023,-1.01100641332414,5628.65511191333,-4417.41458400917,-1211.24052790416
0.809802168667868,2.09572713142778,-1.02358124679487,-1.07214588463296,5687.68181144706,-4282.17186722237,-1405.50994422469
0.809909133012086,2.09360195314475,-0.961528510576835,-1.13207344256796,5740.28090646779,-4142.09230602769,-1598.18860044011
0.810039133355925,2.08783620365796,-0.884664158606051,-1.20317204505195,5795.46590029409,-3965.57801213717,-1829.88788815692
0.810169133699763,2.07858738160311,-0.80632412564287,-1.27226325596029,5840.98081775851,-3782.44783600399,-2058.53298175453
0.810299134043601,2.06587088245677,-0.726638439251084,-1.33923244320573,5876.75037214341,-3593.00592784585,-2283.74444429756
0.810481736354006,2.0422005021308,-0.612724564824297,-1.42947593730655,5910.41548043826,-3316.93856450397,-2593.47691593428
0.810733742854064,1.9985392836351,-0.45236523590475,-1.5461740477304,5924.92767276268,-2918.42948470328,-3006.49818805939
0.811039347950776,1.92886881775989,-0.254300536084461,-1.67456828167548,5892.81052770934,-2411.18127154989,-3481.62925615945
0.811179621837833,1.89085290042275,-0.162360847752792,-1.72849205267002,5859.85329771321,-2170.29581211779,-3689.55748559543
0.811319895724889,1.84916544945542,-0.0701118244728187,-1.77905362498266,5815.50916756818,-1925.20837938064,-3890.30078818754
0.811396569651846,1.82484997729972,-0.0196090032345867,-1.80524097406518,5786.48019734825,-1789.60291182497,-3996.87728552327
0.811473243578803,1.79947588004335,0.0309030853683629,-1.83037896541177,5754.09056365447,-1652.96330631296,-4101.1272573415
0.811594454902316,1.75724468623564,0.110694304831626,-1.86793899106732,5696.08702858466,-1435.06406854496,-4261.02296003971
0.81171566622583,1.71246550030027,0.190323419374442,-1.90278891967476,5629.81998344744,-1215.08682228025,-4414.73316116718
0.811836877549343,1.66520231475597,0.269676973485456,-1.93487928824148,5555.38479306561,-993.345369507008,-4562.0394235586
0.812030687029381,1.58467300144037,0.395649985484356,-1.98032298692478,5419.72471282095,-636.071443642651,-4783.6532691783
0.812141394238432,1.53599636808322,0.46701222271021,-2.00300859079348,5333.14625144072,-430.75426846527,-4902.39198297545
0.812176174807135,1.5203135563689,0.489324642783218,-2.00963819915217,5304.60175841194,-366.115534422204,-4938.48622398974
0.812279135859948,1.47283910720059,0.555010758329625,-2.02784986553027,5216.41462261508,-174.574732877082,-5041.83988973799
0.812352815687508,1.43791527059221,0.60166540193663,-2.0395806725289,5149.94567527415,-37.3773333328063,-5112.56834194134
0.81244138035602,1.39491932284229,0.657314083642582,-2.05223340648493,5066.4002594236,127.550539284348,-5193.95079870795
0.81258112220687,1.32490792634944,0.74405041567591,-2.0689583420254,4926.65000603471,387.480497157724,-5314.13050319243
0.812799296605905,1.21060096040862,0.876476655481057,-2.08707761588974,4689.69607040837,791.428075593076,-5481.12414600145
0.812942988389041,1.13214187359252,0.96152506697748,-2.09366694057006,4521.4599435138,1055.68522596721,-5577.14516948101
0.813004114993847,1.09804388369173,0.997133945741936,-2.09517782943372,4447.05054811982,1167.52083304736,-5614.57138116718
0.813111623065554,1.0371088903089,1.05884989415852,-2.09595878446748,4312.23960370224,1363.10796209424,-5675.34756579648
0.81321913113726,0.974992457805686,1.11935535937961,-2.09434781718536,4172.51076021561,1557.13235292915,-5729.64311314476
0.813366608189939,0.888002146360254,1.2002497829408,-2.08825192930111,3973.15469450221,1820.30966783322,-5793.46436233542
0.813514085242617,0.799105721971622,1.27856768356284,-2.07767340553452,3765.26933166647,2079.57872872242,-5844.84806038889
0.813661562295295,0.708492501639383,1.35414238898742,-2.06263489062687,3549.29768789662,2334.38762560267,-5883.68531349928
0.813854223163109,0.587887020600417,1.44844395577408,-2.03633097637455,3255.82759445946,2659.54940715346,-5915.37700161291
0.814110858237764,0.424046861218934,1.56570502358593,-1.98975188480492,2846.78860519118,3077.15421616726,-5923.94282135844
0.8143549227815,0.265644218779073,1.66781423380504,-1.93345845258416,2440.56236696561,3455.85782973929,-5896.42019670489
0.814530539348323,0.150579522906966,1.73530125170738,-1.8858807746144,2139.08308266337,3716.07940515655,-5855.16248781992
0.814644522567871,0.075604541994878,1.7763036533133,-1.85190819530822,1939.79869568014,3879.02601725259,-5818.82471293274
0.814706535841528,0.034761763091601,1.79765998153367,-1.83242174462532,1830.30010964967,3965.61111172733,-5795.911221377
0.814798906855664,-0.0260871514876116,1.82819869389837,-1.8021115424108,1665.94149130858,4091.76292070845,-5757.70441201703
0.814928936070885,-0.111680082109686,1.86856505504108,-1.75688497293144,1432.26744145797,4263.44907496152,-5695.71651641949
0.815058965286106,-0.197085757772993,1.90581256322794,-1.70872680545499,1196.20455525805,4428.01662559944,-5624.22118085749
0.815188994501328,-0.282163615910925,1.93988010688492,-1.65771649097404,958.141721266546,4585.19528209604,-5543.33700336259
0.815388491608745,-0.41168062031292,1.98581830089891,-1.57413768058602,590.063138981717,4811.29679010322,-5401.35992908494
0.815506095031289,-0.487341951938109,2.00926855596568,-1.52192660402761,371.799266078951,4935.84813017522,-5307.64739625417
0.815597810230369,-0.545897663408133,2.0256561526098,-1.4797584892017,201.195835615777,5028.32220036509,-5229.51803598086
0.81568952542945,-0.603998892731396,2.04036105769125,-1.43636216495989,30.4282044172332,5116.61698697688,-5147.04519139412
0.815814704268166,-0.682469680631832,2.05769196858848,-1.37522228795668,-202.628394424203,5230.23867874892,-5027.61028432472
0.816016745051816,-0.806791475582827,2.07893094588551,-1.27213947030271,-577.810693270929,5396.41875866302,-4818.60806539209
0.816204531730338,-0.919448435719894,2.09116804108876,-1.17171960536889,-924.496026883653,5531.41696370434,-4606.92093682069
0.816310816122629,-0.981849416374867,2.09487483973395,-1.11302542335911,-1119.46419211104,5599.35996705795,-4479.89577494691
0.8164009917774,-1.03393890066469,2.09618791680645,-1.06224901614178,-1283.91860218749,5652.1120047534,-4368.19340256591
0.816491167432171,-1.08519697665233,2.09581794207475,-1.01062096542245,-1447.33804450324,5700.32321166482,-4252.98516716158
0.816586142944589,-1.138239251028,2.09360903392204,-0.955369782894064,-1618.19253457191,5746.14894552473,-4127.95641095282
0.816710908196897,-1.20636314813815,2.08787515769209,-0.88151200955395,-1840.3975515729,5798.55851222247,-3958.16096064957
0.816861770728304,-1.28624152840815,2.07665980159097,-0.790418273182833,-2105.24036209313,5850.01704872916,-3744.77668663603
0.817012633259712,-1.36323179960819,2.06078037173928,-0.697548572131097,-2365.35719239419,5888.3367316117,-3522.97953921751
0.81721345114247,-1.46090865753639,2.03247685478639,-0.571568197250016,-2703.17007982701,5918.8087399689,-3215.63866014189
0.817329090489028,-1.51457081662622,2.01249261740791,-0.497921800781698,-2893.00175158283,5925.68402238252,-3032.68227079969
0.817444729835586,-1.56623346116474,1.98985187723933,-0.423618416074593,-3079.01324193349,5924.73552556549,-2845.722283632
0.817560369182144,-1.61582788301942,1.96458479229904,-0.34875690927963,-3260.95700402148,5915.96443601761,-2655.00743199613
0.817747467092287,-1.69149617316109,1.91824438244487,-0.22674820928378,-3546.00845202204,5885.25455153832,-2339.24609951628
0.817903687049421,-1.75022243355924,1.87446272274574,-0.124240289186508,-3774.71542118738,5844.03146305971,-2069.31604187233
0.817996723902716,-1.78321448948326,1.84622786088247,-0.0630133713992182,-3906.68197847126,5812.77721914564,-1906.09524067438
0.818119912995422,-1.82454413790748,1.80642419317025,0.0181199447372289,-4076.23880547226,5763.7602593027,-1687.52145383045
0.818243102088128,-1.86314026657697,1.76391535827125,0.0992249083057194,-4239.68660203306,5706.10908475301,-1466.42248271995
0.818366291180834,-1.89894601039671,1.71876437226489,0.180181638131822,-4396.7842386312,5639.90966630487,-1243.12542767367
0.81848948027354,-1.93190787592224,1.67103877492353,0.260869100998714,-4547.29694256308,5565.26118530325,-1017.96424274017
0.818678792401476,-1.97689038171541,1.5928698874269,0.384020494288521,-4765.17308280379,5434.38434604267,-669.211263238881
0.818804735804555,-2.00296342394668,1.53771028469018,0.465253139256504,-4900.88309141542,5336.60935394839,-435.726262532966
0.81886414531013,-2.01417956998909,1.5108426698659,0.503336900123198,-4962.26534130585,5287.56453146674,-325.299190160886
0.818911216396454,-2.02256791576267,1.48918090288811,0.533387012874567,-5009.67149170924,5247.39603511693,-237.724543407693
0.819018672775865,-2.04005358264335,1.43852556489714,0.601528017746209,-5113.75171429444,5151.42480103631,-37.6730867418655
0.819171440802285,-2.06090088279938,1.36371824747882,0.697182635320569,-5251.62825944855,5004.93606880887,246.692190639682
0.819393066099212,-2.08268720496823,1.24970708742505,0.832980117543186,-5429.99865213711,4772.1325491937,657.866102943409
0.819569748907146,-2.09283742159604,1.15442270989228,0.938414711703772,-5553.44145332512,4569.86440889557,983.577044429548
0.819642429677284,-2.09514521637019,1.11415488349925,0.980990332870951,-5599.3045893778,4482.48879783199,1116.81579154581
0.819692706546765,-2.09610206286811,1.0859584263937,1.01014363647442,-5629.3215937757,4420.67539453423,1208.64619924146
0.819802166709528,-2.09637559921289,1.02365420238737,1.07272139682553,-5689.79143140099,4282.32774953858,1407.46368186241
0.819911477814288,-2.09417453336788,0.960228674180343,1.13394585918755,-5743.46018470699,4139.11731437088,1604.34287033611
0.820020788919049,-2.08950376848178,0.895670247908495,1.1938335205733,-5790.35474795056,3991.02321032008,1799.33153763048
0.820076015906687,-2.08620604735207,0.862641059911117,1.22356498744097,-5811.45739280838,3914.38669135892,1897.07070144945
0.820173635588674,-2.07884197918558,0.803636382489561,1.27520559669603,-5844.46946977579,3776.07056985855,2068.39889991724
0.820305597534161,-2.06578233110204,0.722694573604351,1.3430877574977,-5880.3448754172,3583.50064637773,2296.84422903947
0.820510500046489,-2.03848910693318,0.594655490991303,1.44383361594189,-5915.99305344617,3272.53766965987,2643.45538378629
0.820780519279147,-1.98967925725611,0.422345799345881,1.56733345791024,-5925.56105786083,2842.51603146218,3083.04502639866
0.821050538511805,-1.92657561008196,0.247002290290936,1.67957331979104,-5892.58797417861,2392.08855645984,3500.49941771877
0.821201832511525,-1.88509690368198,0.147798863755866,1.73729803992612,-5855.56013238877,2131.72861614084,3723.83151624793
0.821327438162842,-1.84741768311735,0.0651686028406993,1.78224908027666,-5814.75831691872,1911.86965603497,3902.88866088375
0.821453043814159,-1.80686336700451,-0.0175583688232111,1.82442173582773,-5764.89950330991,1689.04379631776,4075.85570699214
0.821578649465476,-1.76349661401622,-0.100255572006921,1.86375218602316,-5706.06231832402,1463.59256973197,4242.46974859205
0.821704255116793,-1.71738448813546,-0.182795835740103,1.90018032387558,-5638.33880316203,1235.86326835086,4402.47553481117
0.82182986076811,-1.66859860218451,-0.265051211005967,1.93364981319049,-5561.83462071803,1006.20919819516,4555.62542252287
0.822021453094065,-1.58923412595892,-0.389636631572703,1.97887075753163,-5428.5508550674,653.135865075729,4775.41498999167
0.82214032284674,-1.53706214231042,-0.466283305982468,2.0033454482929,-5335.90767144092,432.719183797851,4903.18848764307
0.822191314482166,-1.51401510678526,-0.498977301056259,2.01299240784152,-5293.86741727319,337.940832291157,4955.92658498203
0.822268580468641,-1.47835745245632,-0.548265561092538,2.02662301354886,-5227.58416942713,194.183087031401,5033.40108239573
0.822309966743186,-1.45889725588101,-0.574536360887728,2.03343361676875,-5190.80838946986,117.124820558477,5073.68356891139
0.822379118567981,-1.42583456152233,-0.618210351989573,2.04404491351191,-5127.40765893208,-11.6612726689092,5139.06893160099
0.822448270392777,-1.39209905451191,-0.661592157164165,2.05369121167608,-5061.58611684358,-140.441109203513,5202.02722604709
0.82259089259442,-1.32048213491408,-0.750033396401961,2.07051553131604,-4918.35757548963,-405.699078464693,5324.05665395432
0.82282353749053,-1.19811015071335,-0.890906205366296,2.08901635607965,-4663.82678170646,-836.150808912451,5499.97759061891
0.822934537974881,-1.1373844391731,-0.956539971668853,2.09392441084195,-4533.43184591103,-1040.2524058602,5573.68425177123
0.823002017608056,-1.09978150674014,-0.995882604218973,2.09566411095912,-4451.4441001736,-1163.74647311118,5615.19057328478
0.823120003119958,-1.03286964731815,-1.06357179250363,2.09644143982178,-4303.33327539916,-1378.33819754663,5681.67147294579
0.82323798863186,-0.964540978651226,-1.12979726900132,2.09433824765255,-4149.31357138854,-1591.02890036468,5740.34247175322
0.823355974143763,-0.894887181968933,-1.19447049425594,2.08935767622487,-3989.59219439672,-1801.53387133744,5791.12606573416
0.823434646460271,-0.847746086957706,-1.23669421176227,2.08444029871998,-3880.01385039224,-1940.56111162367,5820.57496201591
0.823513318776779,-0.800087363568862,-1.27816199531135,2.07824935888021,-3768.06490418613,-2078.4016249356,5846.46652912173
0.823633006346723,-0.726665145315699,-1.33973340778821,2.0663985531039,-3593.38461947281,-2285.61018572635,5878.99480519916
0.823834941365503,-0.600570419657346,-1.43923258691197,2.03980300656931,-3287.4201204914,-2627.58116780523,5915.00128829662
0.824107458984514,-0.426771642891599,-1.56418528033272,1.99095692322431,-2854.05727625008,-3071.81926832888,5925.87654457897
0.824379976603525,-0.24985371712215,-1.6776886407391,1.92754235786123,-2399.83544848395,-3493.5837776866,5893.41922617055
0.824533026348592,-0.149506779849084,-1.73616302157773,1.88566980142681,-2136.55768464889,-3719.67416291241,5856.23184756131
0.824660094475924,-0.0659147669139032,-1.78167043938831,1.8475852063022,-1914.17348081804,-3900.88645630571,5815.05993712374
0.824787162603255,0.0177769679531767,-1.82433481780217,1.80655784984898,-1688.7506919628,-4075.86780098235,5764.61849294516
0.824914230730587,0.101437414097181,-1.86409003967008,1.76265262557288,-1460.64308329574,-4244.3458394484,5704.98892274414
0.825041298857919,0.184934889773884,-1.90087391838864,1.71593902861473,-1230.21032518633,-4406.05637660366,5636.26670178999
0.825168366985251,0.268136930652701,-1.93462823789048,1.66649130723776,-997.818305298244,-4560.74326477284,5558.56157007109
0.82536158266426,0.393741954921814,-1.98001176945749,1.58626981453566,-641.658294783594,-4781.86673656898,5423.52503135257
0.825476409050888,0.467762022343543,-2.00354881693645,1.53578679459289,-428.701061348119,-4905.03965458671,5333.74071593483
0.825517842692315,0.494333148216745,-2.01140510468232,1.51707195646556,-351.688112739281,-4947.93601988622,5299.6241326255
0.825590374538995,0.54063775522499,-2.02433468284499,1.48369692761998,-216.751735440085,-5020.99567998329,5237.74741542338
0.825717546245033,0.621115519009593,-2.04445821786762,1.42334269885801,20.0154707075253,-5142.74877208884,5122.73330138132
0.825890335113954,0.728819562350434,-2.06655903712121,1.33773947477075,341.504557851596,-5294.94524877548,4953.44069092389
0.826124504453483,0.87123489131237,-2.08677548884552,1.21554059753313,775.221478031809,-5476.16243580084,4700.94095776903
0.82626168095875,0.952577118059613,-2.09338849729256,1.14081137923292,1027.66428404032,-5568.69217744719,4541.02789340686
0.826357294647123,1.00824657282841,-2.09569944628351,1.08745287345508,1202.55140068134,-5627.08979199133,4424.53839130999
0.826473351616936,1.07458322233493,-2.09596250932075,1.02137928698579,1413.33243945098,-5691.13470375203,4277.80226430106
0.826589408586749,1.13948910722227,-2.09343860737704,0.953949500154732,1622.22787377344,-5747.60917925388,4125.38130548044
0.826705465556562,1.20287938265184,-2.08813130658907,0.885251923937192,1828.96432599956,-5796.44016226154,3967.47583626198
0.826821522526375,1.26467007319633,-2.08004771234674,0.815377639150381,2033.26779983873,-5837.56323196769,3804.29543212895
0.826937579496188,1.32477904652317,-2.0691985751612,0.744419528638,2234.86667856289,-5870.92380607739,3636.0571275145
0.82710848156599,1.41004101926559,-2.0482241954974,0.638183176231773,2526.16925757776,-5905.81876862349,3379.64951104573
0.827224382538039,1.46558088429571,-2.03063216522301,0.565051280927268,2719.68315549227,-5919.80724195702,3200.12408646475
0.827301658622776,1.50154169919045,-2.01740320502365,0.515861505833165,2846.73750681199,-5924.7733899036,3078.0358830916
0.827419082004835,1.55447513423492,-1.99503044324107,0.440555309006119,3036.53213990354,-5925.63031428595,2889.09817438241
0.827536505386893,1.60529156302688,-1.96994268114639,0.364651118119477,3222.18880036387,-5918.42089961377,2696.2320992499
0.827720102677142,1.68031582662709,-1.92537170821005,0.24505588158292,3503.49409771779,-5891.02187141672,2387.52777369893
0.827895072904089,1.74661988485499,-1.87693224218036,0.130312357325337,3760.76031232351,-5846.67785034703,2085.91753802352
0.8279798752445,1.77688405159603,-1.85139406935413,0.0745100177580554,3881.46751495205,-5818.81009274625,1937.3425777942
0.82806982192327,1.80760305412825,-1.82287165534995,0.015268601221666,4006.47573044462,-5784.73710379766,1778.26137335304
0.82815976860204,1.83687726631985,-1.79289378529391,-0.0439834810259739,4128.27930245284,-5746.04296010305,1617.76365765021
0.82819265066801,1.84721546171076,-1.78157443473367,-0.0656410269771252,4171.99489737252,-5730.74777336819,1558.75287599568
0.828289803910178,1.87659990300794,-1.74702878812607,-0.1295711148819,4298.51738772142,-5681.99494826524,1383.47756054382
0.828427539308724,1.9152479996345,-1.69528030456611,-0.219967695068431,4470.96427174683,-5603.82845211168,1132.86418036485
0.828627161952809,1.96485977527225,-1.61470162050709,-0.350158154765202,4705.86887057757,-5472.00977863439,766.140908056825
0.828782400761143,1.99812087639611,-1.54761656394368,-0.450504312452464,4875.85220375476,-5354.57449625072,478.72229249596
0.828880813223603,2.01675610886445,-1.50315873307221,-0.513597375792271,4977.66215209277,-5273.48976391083,295.827611818058
0.829004796987482,2.03748342459849,-1.44511533076436,-0.592368093834174,5099.12207578739,-5164.17999252867,65.0579167412848
0.829128780751361,2.05511854152119,-1.38488018154807,-0.670238359973162,5212.84062674154,-5047.03536700866,-165.805259732882
0.829310237470264,2.0752937570297,-1.29298803614057,-0.782305720889168,5364.9222607224,-4861.89061631104,-503.031644411365
0.82956299379925,2.09213892787199,-1.15812727526489,-0.934011652607138,5547.52560644684,-4577.97735788581,-969.548248561033
0.829689365762492,2.09562936992979,-1.08784813472456,-1.00778123520527,5625.86443919084,-4424.96770769884,-1200.896731492
0.829815737725734,2.0958157907332,-1.0158551984671,-1.07996059226613,5695.33059125015,-4264.98389358595,-1430.3466976642
0.829916824562597,2.09358591090635,-0.957104078148647,-1.13648183275774,5744.44031501592,-4132.14642631505,-1612.29388870087
0.830017911399461,2.08924384138141,-0.897388309443466,-1.19185553193798,5787.75189652047,-3995.14123907233,-1792.61065744813
0.830088255607252,2.08497790435306,-0.85529174360373,-1.22968616074936,5814.44991694699,-3897.40615284894,-1917.04376409804
0.83018991635181,2.07701428789293,-0.793727444345884,-1.28328684354708,5848.00603736443,-3752.82222760647,-2095.18380975796
0.830328764415928,2.06271796849551,-0.708360819129116,-1.35435714936643,5884.18368161149,-3549.22533712649,-2334.958344485
0.830539592868376,2.03352853890499,-0.576272457584387,-1.45725608132064,5917.67917962528,-3227.44011690624,-2690.23906271904
0.830813888064212,1.98225672270376,-0.400822087520067,-1.58143463518372,5922.4284357534,-2788.07656064862,-3134.35187510478
0.831088183260049,1.91628781584048,-0.222400508832004,-1.6938873070085,5883.29476151482,-2328.06049215631,-3555.2342693585
0.831216339156861,1.88052308072651,-0.138291325728145,-1.74223175499839,5850.00489522003,-2106.74362078161,-3743.26127443843
0.831344495053673,1.84171121522217,-0.0539649035699366,-1.78774631165225,5807.22607699909,-1882.02699769132,-3925.19907930777
0.831472650950485,1.79991518969566,0.0304436928040371,-1.83035888249972,5755.02907432085,-1654.27124505466,-4100.75782926619
0.831573587499554,1.76493526657976,0.0969026397415209,-1.8618379063213,5707.33804488987,-1472.96505152222,-4234.37299336766
0.831674524048624,1.72818041490036,0.163263503079895,-1.89144391798027,5653.90444140044,-1290.178234169,-4363.72620723144
0.831775460597693,1.68968763845243,0.229459604932323,-1.91914724338477,5594.78232920934,-1106.09462970141,-4488.68769950793
0.831947783957954,1.62008818565715,0.341865757893832,-1.961953943551,5480.91217539023,-789.453616661787,-4691.45855872844
0.832113791159592,1.5485473257655,0.449209464881195,-1.99775679064671,5356.0215969273,-482.216790049719,-4873.80480687759
0.832202312318477,1.50864928564418,0.505991158326491,-2.01464044397069,5283.41945228703,-317.73121343642,-4965.68823885061
0.832327412555206,1.4502906052425,0.585545818635097,-2.03583642387761,5173.87460660175,-84.9238765271452,-5088.9507300746
0.832452512791934,1.38969277099087,0.664194080376073,-2.05388685136695,5056.33741626266,148.009551154237,-5204.3469674169
0.832577613028663,1.32694819946035,0.741816269099273,-2.06876446855963,4930.98763101373,380.714325319752,-5311.70195633348
0.832771503753183,1.22572411699718,0.859770328083839,-2.08549444508103,4721.80888063073,739.954125771873,-5461.7630064026
0.832921428287479,1.1442965309258,0.948836539110963,-2.09313307003677,4547.97210750436,1015.99117902494,-5563.9632865293
0.833015144195387,1.09208161364985,1.00346976976819,-2.09555138341804,4434.12703202574,1187.4813162466,-5621.60834827234
0.833136322002261,1.02317740409327,1.07280664185083,-2.09598404594411,4281.25356550734,1407.64736838233,-5688.90093388967
0.833257499809136,0.952791411863319,1.14058709532218,-2.0933785071855,4122.17584829622,1625.76840579991,-5747.94425409613
0.83337867761601,0.881024414843054,1.20671429489828,-2.08773870974133,3957.12204889964,1841.53254820414,-5798.65459710378
0.833499855422884,0.807980241456569,1.2710926199997,-2.07907286145627,3786.33113520854,2054.62769753757,-5840.95883274611
0.833621033229759,0.733764779357205,1.33362874398092,-2.06739352333813,3610.050790267,2264.74489152338,-5874.79568179038
0.83379922464063,0.62276241138051,1.4220255833384,-2.0447879947189,3341.47872863685,2567.58484438226,-5909.06357301911
0.83405010242422,0.463340602947296,1.53880369326186,-2.00214429620915,2946.02776873116,2979.88826865478,-5925.91603738594
0.834354879746673,0.26600165739021,1.66768921481964,-1.93369087220984,2441.55738065601,3455.41899884054,-5896.97637949654
0.834506162597347,0.166895988312047,1.7261504778826,-1.89304646619463,2182.21659313661,3680.29855830525,-5862.51515144187
0.83465744544802,0.0674181975249063,1.7807088371555,-1.84812703468039,1917.95698735888,3896.85062209009,-5814.80760944897
0.834703481251297,0.0370950262819522,1.79652404538962,-1.83361907167156,1836.62384486303,3961.04620562579,-5797.67005048882
0.834782229826709,-0.0147828487857034,1.82269996524091,-1.80791711645519,1696.63268697066,4068.91278775327,-5765.54547472393
0.834898788898155,-0.0915310676571113,1.85938479392613,-1.767853726269,1487.57697156676,4223.95142572391,-5711.52839729067
0.835062197255961,-0.198871325495071,1.90659377013025,-1.70772244463516,1191.26918436428,4431.67012973021,-5622.93931409448
0.835225605613768,-0.305686155732238,1.94877847966441,-1.64309232393215,891.825603188339,4627.7084732995,-5519.53407648784
0.835434120037149,-0.440740586000052,1.99512422852522,-1.55438364252514,506.526772305743,4860.02389395928,-5366.55066626502
0.835510110814888,-0.489556980436328,2.00990872171378,-1.52035174127743,365.375282517708,4939.61880255743,-5304.99408507514
0.835542507311249,-0.510286042403513,2.01586381012192,-1.50557776771838,305.12867995449,4972.69883666781,-5277.8275166223
0.835640793198966,-0.572831479007667,2.0326466566158,-1.45981517760811,122.213397173821,5069.87263011656,-5192.08602729038
0.835739079086682,-0.634827167756564,2.04748985919071,-1.41266269143411,-60.8089624811446,5162.20405232593,-5101.39508984478
0.835909500088314,-0.740820258859844,2.06858437421779,-1.32776411535791,-377.816997005747,5310.53389620848,-4932.71689920273
0.836156167706549,-0.890311526210481,2.08859152066,-1.19827999444949,-834.243670486844,5498.06879047616,-4663.82511998931
0.836253198786403,-0.947758878781168,2.09303865433679,-1.14527977555558,-1012.74293166156,5562.92605192145,-4550.18312025989
0.836360750130348,-1.01039767053726,2.09569365769491,-1.08529598715762,-1209.47185195554,5628.76212911665,-4419.29027716111
0.836468301474294,-1.0718801558765,2.09595510921324,-1.0240749533367,-1404.81203653601,5688.16545134984,-4283.35341481383
0.836575852818239,-1.13213772450419,2.09382303065361,-0.961685306149383,-1598.54513909476,5741.0705023365,-4142.52536324174
0.836705813564309,-1.20321235169909,2.08805742343312,-0.884845071733994,-1830.16573575323,5796.2393549316,-3966.07361917837
0.836835774310378,-1.27228080874262,2.07881085859937,-0.80653004985671,-2058.73414672805,5841.74368282318,-3783.00953609513
0.836965735056448,-1.33922855257111,2.06609871874762,-0.726870166176471,-2283.87122052429,5877.50827360349,-3593.6370530792
0.837149001898412,-1.42979074796481,2.04233135945845,-0.612540611493596,-2594.70774536258,5911.27031825742,-3316.56257289483
0.837264302246069,-1.48437779612274,2.02389802492806,-0.539520228805277,-2785.99601014921,5922.48258239468,-3136.48657224547
0.83730744869574,-1.50431251850243,2.01631402715655,-0.512001508654074,-2856.66804568343,5924.68069365547,-3068.01264797204
0.837398606511854,-1.54550958649285,1.99907617686227,-0.453566590369377,-3004.21526893324,5925.74112026956,-2921.52585133632
0.837511639787231,-1.59482271817031,1.97542804463979,-0.380605326469438,-3183.71317811432,5920.30311337572,-2736.5899352614
0.837700100967309,-1.67251026573442,1.93049190990541,-0.257981644170943,-3473.84161090973,5894.64981384135,-2420.80820293162
0.837881798162899,-1.74186478112227,1.88076094437893,-0.138896163256619,-3742.0491484511,5850.36098335434,-2108.31183490323
0.837969112135252,-1.77320508896424,1.85466000045205,-0.0814549114877634,-3866.71903581076,5822.27568208946,-1955.5566462787
0.838052305417029,-1.80182420119208,1.82849205682668,-0.0266678556345559,-3982.79561757291,5791.43710744711,-1808.6414898742
0.838135498698806,-1.82921117437428,1.80107516541821,0.0281360089561151,-4096.14655654423,5756.64021093121,-1660.49365438698
0.838258905675985,-1.86752279011703,1.75815076029332,0.109372029823756,-4259.08487945338,5697.7926297457,-1438.70775029231
0.838382312653164,-1.90302660886937,1.71258381468428,0.190442794185131,-4415.61810584741,5630.37921621617,-1214.76111036877
0.838505719630344,-1.93567006272722,1.66444206818733,0.27122799453993,-4565.51427266222,5554.50057742346,-988.986304761236
0.838700217189014,-1.98117589905169,1.58354754940268,0.397628349649048,-4787.66054051586,5418.06138509144,-630.400844575575
0.838806370229605,-2.0029143723234,1.53686187949223,0.466052492831214,-4901.47402471984,5334.99269212363,-433.518667403785
0.83885399145715,-2.01194554684516,1.51535562718325,0.496589919661955,-4950.77631736358,5295.78563869355,-345.009321329966
0.838926025966125,-2.02474843395652,1.48218359159395,0.542564842362608,-5023.2357295469,5234.23236299666,-210.99663344976
0.839042786045625,-2.04329126766805,1.4268185895267,0.616472678141389,-5135.18290644649,5128.79458909011,6.38831735638269
0.839207460929424,-2.06475898718777,1.34550676410749,0.719252223080323,-5281.25408353097,4968.42912522095,312.824958310025
0.83943802660581,-2.08551244920125,1.22571335898334,0.859799090217944,-5461.87052712459,4721.77652947584,740.093997648753
0.839587813147266,-2.09314738593566,1.14436124649344,0.948786139442262,-5563.9831816745,4548.09822533551,1015.88495633898
0.839672634636165,-2.09541737448673,1.09714252377541,0.998274850711351,-5616.37491545976,4445.22302557435,1171.15188988541
0.839789111749032,-2.09610827055283,1.03104849586285,1.06505977469002,-5681.79817808327,4298.84449498716,1382.95368309611
0.839905588861899,-2.09399175710133,0.963575340604757,1.13041641649661,-5739.60823503824,4146.71115864125,1592.89707639699
0.840022065974766,-2.08907093325451,0.894811740231461,1.19425919302308,-5789.73028545517,3989.0234797677,1800.70680568746
0.840101500421521,-2.08410937929384,0.847217053432779,1.23689232586109,-5819.47253917229,3878.39130508435,1941.08123408795
0.840180934868276,-2.07784948417489,0.799094725075045,1.27875475909988,-5845.5882741927,3765.34267126952,2080.24560292318
0.840303403852553,-2.06566525042068,0.723948216136938,1.34171703428378,-5878.70543632657,3586.50404019488,2292.20139613169
0.840508328629143,-2.03846039536069,0.595924137367298,1.44253625799342,-5914.62027560854,3275.65973815189,2638.96053745665
0.840782737268654,-1.98885932079589,0.420822912176485,1.56803640861943,-5924.34274026275,2838.67245717882,3085.67028308394
0.841057145908166,-1.92450051454386,0.242600105140582,1.6819004094033,-5890.13450305001,2380.64134550277,3509.49315754724
0.841201732700166,-1.88477080363238,0.147780543781355,1.73699025985105,-5854.47748527809,2131.70776629256,3722.76971898553
0.841346319492167,-1.84115336361492,0.0526614131362624,1.78849195047868,-5806.73652078453,1878.3873661781,3928.34915460643
0.841490906284168,-1.79373867490354,-0.0425612752378595,1.83629995014142,-5747.01140748415,1621.20255225758,4125.80885522657
0.841549217640069,-1.77355688304315,-0.0809630932265524,1.85451997626973,-5719.55121039372,1516.46921144579,4203.08199894793
0.841643167700668,-1.73979503282208,-0.142764445122924,1.88255947794502,-5671.27654223459,1346.69065976431,4324.58588247028
0.841796010993401,-1.6816585877641,-0.242989980461726,1.92464856822584,-5582.22143665864,1068.11682493631,4514.10461172233
0.842015473375258,-1.59147727382547,-0.385799267803711,1.97727654162919,-5431.96924333636,664.157828808535,4767.81141452783
0.842147856250454,-1.53336325222449,-0.471148466540675,2.00451171876518,-5328.75416748857,418.698969296515,4910.05519819206
0.842225648006308,-1.49796174114283,-0.520943179642255,2.0189049207851,-5263.77439159217,274.060737979658,4989.71365361251
0.842335601387643,-1.44640970102064,-0.590776673281273,2.03718637430192,-5166.58601655523,69.3942621429396,5097.19175441229
0.842445554768979,-1.39313268041381,-0.659903272434132,2.05303595284795,-5063.23179159645,-135.350194423643,5198.58198602009
0.842585648044246,-1.32286074782874,-0.746815203640991,2.06967595146973,-4922.82598051406,-395.917807775286,5318.74378828934
0.842794694791847,-1.21332371945218,-0.873712296350582,2.08703601580276,-4695.76344448009,-782.998583921747,5478.76202840183
0.842943672176923,-1.13201198287899,-0.961912483018502,2.09392446589749,-4521.47160082228,-1056.9935951106,5578.46519593288
0.842988937017589,-1.10679593791589,-0.988314339919911,2.0951102778358,-4466.51137540304,-1139.84948757704,5606.36086298008
0.843040737338695,-1.07766690738715,-1.018279939583,2.09594684697014,-4402.5118152308,-1234.37650750373,5636.88832273453
0.843160503820555,-1.00925227945571,-1.08650221596325,2.09575449541896,-4250.13260386031,-1451.59080285942,5701.72340671973
0.84327235116351,-0.944069463044897,-1.14882560845165,2.09289507149654,-4102.38993030423,-1652.59066969588,5754.98060000011
0.843384198506464,-0.877720226125932,-1.2097310198239,2.08745124594982,-3949.57885360397,-1851.55173601767,5801.13058962164
0.843523785647932,-0.793414241592839,-1.28362927555908,2.07704351715191,-3752.07081367751,-2096.59429022499,5848.6651039025
0.843663372789399,-0.707582477512588,-1.35505923559661,2.06264171310919,-3547.34681028379,-2337.60532504444,5884.95213532822
0.843858730938429,-0.585247857423508,-1.45059311138271,2.0358409688062,-3249.55658831696,-2667.1581291574,5916.71471747435
0.844120955908668,-0.417749111230776,-1.57011499756246,1.98786410879322,-2831.04498008921,-3093.28696091037,5924.33194099957
0.844383180878906,-0.247420858761264,-1.6789945668094,1.92641542557063,-2393.36395851818,-3498.45840608811,5891.82236460628
0.844539323001346,-0.145036907017585,-1.73852221678587,1.88355912380343,-2124.6137887694,-3728.83919934935,5853.45298811875
0.844660038277156,-0.0656184712910669,-1.78168997012221,1.84730844141324,-1913.2681046019,-3900.85245355485,5814.12055815675
0.844722696972796,-0.0243445511500213,-1.80309306706809,1.82743761821808,-1802.44404549186,-3987.95314706816,5790.39719256002
0.844802207604835,0.0280368133777262,-1.82924257004837,1.80120575667061,-1660.82526134998,-4096.23844499796,5757.06370634794
0.844929287187832,0.111691025484464,-1.86865176528476,1.75696073980026,-1432.40568004669,-4263.93855203601,5696.34423208271
0.84505636677083,0.19516549146312,-1.9050815072779,1.70991601581474,-1201.70662422793,-4424.83723431683,5626.54385854477
0.845183446353827,0.278329536502579,-1.93847498676265,1.66014545026003,-969.089654317108,-4578.68324915785,5547.77290347496
0.845381304441505,0.406831328587472,-1.98428042164128,1.57744909305376,-604.117238523414,-4803.51446235265,5407.63170087606
0.845506578076433,0.487444690536659,-2.00934160833349,1.52189691779679,-371.642960472617,-4936.38462964298,5308.0275901156
0.845542278085139,0.510292042354364,-2.01591735588352,1.50562531352911,-305.251036168945,-4972.86975680768,5278.12079297663
0.845592634662119,0.542406800145452,-2.02476033829797,1.48235353815248,-211.546232873477,-5023.2637167384,5234.80994961188
0.845712801769336,0.618463454080563,-2.04380614915245,1.42534269507184,12.187631132701,-5138.38969491794,5126.20206378523
0.845895168695662,0.732128729144621,-2.06712833194143,1.33499960279676,351.472688393902,-5299.00588740577,4947.53319901187
0.84613980962471,0.880698818658269,-2.08774035860489,1.20704153994657,804.391372206727,-5486.99341826056,4682.60204605383
0.846256648499266,0.949936344750787,-2.09324987823087,1.14331353348003,1019.3820544086,-5565.48937064765,4546.10731623905
0.846346660872267,1.00241308889431,-2.09557101955673,1.09315793066236,1184.10276258752,-5620.8562705323,4436.75350794477
0.846469869357008,1.07292301053794,-2.09602977804484,1.02310676750684,1407.97293965888,-5689.33017025345,4281.35723059457
0.846593077841748,1.14182337851255,-2.09334763760814,0.951524259095528,1629.72734866369,-5749.275204776,4119.54785611231
0.846716286326488,1.20901291525406,-2.08752886233422,0.878515947080098,1849.03966903644,-5800.60419382922,3951.56452479278
0.846839494811229,1.27439114826556,-2.07858220223499,0.804191053969364,2065.58184632453,-5843.24059079307,3777.65874446854
0.846962703295969,1.33786003519716,-2.0665210530017,0.72866101780447,2279.02911557528,-5877.12047094838,3598.0913553731
0.847143181376667,1.42715892857195,-2.04327630962617,0.616117381054156,2585.34661861229,-5910.82925823645,3325.48263962416
0.847216305052253,1.46206857410198,-2.03197890667346,0.569910332571409,2707.20976517704,-5919.0892822038,3211.87951702675
0.847313534149849,1.50728298370313,-2.01529828862036,0.508015304917161,2867.00408392003,-5925.22927672267,3058.22519280264
0.84744395073894,1.56570544086898,-1.98997722106678,0.424271780197736,3077.08135000274,-5924.77954651615,2847.69819651341
0.84757436732803,1.6214989320276,-1.96131573564124,0.339816803613575,3281.99035384325,-5914.38256327253,2632.39220942927
0.847770988085453,1.70041223331785,-1.91191485445189,0.211502621133962,3580.28946830058,-5879.96328203017,2299.67381372959
0.847916224397117,1.75457179615205,-1.87071879738749,0.116147001235363,3791.99276674798,-5840.12028743405,2048.12752068607
0.848010968440836,1.78794953113345,-1.84173330775075,0.0537837766172248,3925.90282906189,-5807.56262108162,1881.65979201973
0.848130872195761,1.82791085445918,-1.80271847409584,-0.0251923803634116,4090.35015373373,-5758.98851659181,1668.63836285808
0.848250775950685,1.8652774504079,-1.76114596584625,-0.104131484561722,4248.98892613631,-5702.241048572,1453.2521224357
0.84837067970561,1.89999714687809,-1.71707420240393,-0.182922944474235,4401.59733890159,-5637.40045006473,1235.80311116314
0.848490583460535,1.93202082059918,-1.67056563488658,-0.261455185712675,4547.95938873604,-5564.55876570721,1016.59937697118
0.848680230764781,1.9770404971424,-1.59221977932141,-0.384820717821066,4766.12024426248,-5433.3184521227,667.198207860221
0.848806280086852,2.0031011786879,-1.53698494239071,-0.46611623629726,4901.86111201745,-5335.36074959102,433.499637573573
0.848862689577742,2.01375176738067,-1.51147348819009,-0.502278279190657,4960.14614853793,-5288.79050819599,328.644359658064
0.848948828835499,2.02879187830532,-1.47160736170797,-0.557184516597422,5046.1255109776,-5214.48186701988,168.356356042276
0.849034968093256,2.04234545138811,-1.43066408099016,-0.611681370398022,5128.40537361194,-5136.35395691734,7.94858330539455
0.849174457080228,2.06111270880146,-1.36216741155636,-0.69894529724517,5253.62589775498,-5001.91078663363,-251.715111121349
0.849394179967338,2.08262470326099,-1.24907352428776,-0.833551178973299,5430.24175509071,-4770.87771849789,-659.364036592823
0.849558679750551,2.09224822463091,-1.16044893324146,-0.931799291389522,5545.63408489748,-4582.91510255303,-962.71898234445
0.84966790476147,2.09555497057728,-1.09985783167647,-0.995697138900884,5614.1142660706,-4451.27769169987,-1162.83657437073
0.849746593803751,2.09640799706956,-1.0553951893419,-1.04101280772774,5659.3593556867,-4353.17429665827,-1306.18505902843
0.849825282846031,2.0959793182465,-1.01028845185309,-1.08569086639348,5701.14216213955,-4252.41111994482,-1448.73104219473
0.849926617239301,2.09354010460897,-0.95129975311058,-1.14224035149847,5749.80654127167,-4118.83943048328,-1630.96711078839
0.850054365281479,2.08744233851088,-0.875576770817076,-1.21186556769388,5802.8379628382,-3944.53696526015,-1858.30099757804
0.850182113323657,2.07798255448371,-0.798443416044812,-1.27953913843897,5846.52229770441,-3763.88033481175,-2082.64196289265
0.850309861365834,2.06517594462169,-0.720023159020767,-1.345152785601,5880.78986882493,-3577.15887333309,-2303.63099549184
0.850495682993575,2.04062329706366,-0.603952728520995,-1.43667056854274,5913.70493126788,-3295.43853025488,-2618.266401013
0.85075251165079,1.99529052898632,-0.440314367362522,-1.55497616162386,5926.03014227494,-2888.0225841032,-3038.00755817174
0.851003987038028,1.93832965835947,-0.277299907167052,-1.66102975119248,5900.78770465533,-2470.88406757318,-3429.90363708214
0.851184956458262,1.88981279229509,-0.158788493500374,-1.73102429879478,5859.83535375268,-2160.83027006915,-3699.00508368353
0.851306584938647,1.85375164094024,-0.0787983578862313,-1.77495328305407,5821.64918309622,-1948.38618459476,-3873.26299850146
0.851369529702797,1.83401951294368,-0.0373427329322314,-1.79667678001151,5798.53915814705,-1837.28666678828,-3961.25249135877
0.851464618728778,1.80285668732717,0.0252969818028668,-1.8281536691301,5759.33133036833,-1668.12485728205,-4091.20647308628
0.851591292709923,1.75885431133629,0.108686196543867,-1.86754050788022,5699.12697370939,-1440.51949110027,-4258.60748260912
0.851717966691069,1.71206706977703,0.191902335416858,-1.90396940519394,5629.89568120546,-1210.63444203018,-4419.26123917528
0.851844640672214,1.66256831057041,0.274815243231341,-1.9373835538018,5551.74655730941,-978.829580347277,-4572.91697696213
0.852040824194335,1.58077176518959,0.402270557550234,-1.98304232273988,5413.46310548619,-617.036414076007,-4796.42669141018
0.852174061723658,1.52175756212766,0.488021310854454,-2.00977887298217,5307.75827595236,-369.815712256355,-4937.94256369601
0.852239450783771,1.49180496171794,0.529813702408034,-2.02161866412602,5252.45178802408,-248.188320971358,-5004.26346705272
0.852338559990457,1.44521597713075,0.592717064854812,-2.03793304198561,5164.41496971018,-63.6811388104824,-5100.7338308997
0.852437669197144,1.39722690857491,0.65504404834516,-2.05227095692012,5071.37126999967,120.883337673458,-5192.25460767313
0.85257330017651,1.32937790225137,0.739284697197511,-2.06866259944892,4936.10926032145,373.197121788086,-5309.30638210954
0.852781948573591,1.22038079402518,0.866148922187662,-2.08652971621289,4710.72068456172,759.697744109424,-5470.41842867115
0.852921483148375,1.14450377768349,0.948983262206675,-2.0934870398902,4548.57680291495,1016.56285575174,-5565.13965866669
0.852976943807007,1.11371523329834,0.981421434454857,-2.09513666775324,4481.66089937051,1118.1802187525,-5599.84111812301
0.853032191813509,1.08271001578733,1.01343707915135,-2.09614709493871,4413.6509468056,1219.06481421416,-5632.71576101976
0.85315574445124,1.0122208707576,1.08389964003193,-2.09612051078957,4256.80898296847,1443.25226190418,-5700.06124487265
0.853229741359688,0.969261111389097,1.12533099667156,-2.09459210806069,4159.77387698329,1576.51948676114,-5736.29336374443
0.85334156542038,0.903361530372321,1.18677349860585,-2.0901350289782,4008.90186076616,1776.24937188523,-5785.15123265138
0.853433196986842,0.848523193998874,1.23603599117753,-2.08455918517644,3881.56703293994,1938.30115979574,-5819.86819273568
0.853524828553303,0.792981397219751,1.28427427981833,-2.07725567703811,3751.0137825916,2098.74711739971,-5849.76089999131
0.853654958639072,0.712997586246415,1.35093107320264,-2.06392865944908,3560.32045155544,2323.54931922063,-5883.86977077607
0.85386161832872,0.583637410283322,1.45206080634163,-2.03569821662498,3245.52316923857,2672.27755323515,-5917.80072247372
0.85413601940118,0.40826960785116,1.57674569513019,-1.98501530298137,2806.90830870637,3117.42930119654,-5924.33760990292
0.854410420473639,0.229875488802332,1.68973091731183,-1.91960640611417,2347.49131321833,3539.46212493483,-5886.95343815316
0.854544629088496,0.141817650513143,1.74053783445733,-1.88235548497049,2115.97015874971,3736.74170780143,-5852.71186655114
0.854678837703354,0.0535144871044129,1.78824551920549,-1.84176000630991,1880.70234121453,3927.35989599778,-5808.06223721231
0.854813046318211,-0.0348781254347008,1.83277048518543,-1.79789235975074,1642.10374891678,4110.98155116165,-5753.08530007844
0.854895671822289,-0.0892863052503694,1.85857149232215,-1.76928518707178,1493.70289857288,4220.43341016637,-5714.13630873925
0.855004493045793,-0.160838556652785,1.89063484043904,-1.72979628378626,1296.7533724604,4360.21764984162,-5656.97102230202
0.855139541902029,-0.249353666499561,1.92734393594011,-1.67799026944056,1050.28491385587,4526.56414198911,-5576.84905584497
0.855338593999342,-0.378905869146474,1.97508960682441,-1.59618373767793,683.826459315453,4756.72415115926,-5440.55061047471
0.855468047093691,-0.462430246565409,2.00202070024423,-1.53959045367881,443.880144787049,4896.54376691756,-5340.42391170461
0.855500972506967,-0.48356484984951,2.00834621176398,-1.52478136191447,382.697409347139,4930.8349522897,-5313.53236163684
0.855598685820058,-0.54596091342683,2.02584668330649,-1.47988576987966,200.942733720808,5029.45964934613,-5230.40238306694
0.855735765678404,-0.632595665883998,2.0471708441142,-1.41457517823019,-54.2633509553943,5159.77763334259,-5105.51428238719
0.855917001875263,-0.745280170737038,2.06952403704407,-1.32424386630702,-391.35575595532,5317.30581223198,-4925.95005627666
0.856156394351565,-0.890299821969434,2.08875212352234,-1.1984523015529,-834.304050572693,5498.82450615853,-4664.52045558584
0.856261501526174,-0.952486525376928,2.09347639217651,-1.14098986679957,-1027.61571484471,5568.83052197472,-4541.21480713001
0.856355188200029,-1.0070425966315,2.09576256213519,-1.08871996550367,-1198.98482435242,5626.1108955891,-4427.12607123668
0.856478879174145,-1.07771533715892,2.09599865244673,-1.01828331528778,-1423.58608443508,5694.2478038305,-4270.66171939542
0.856602570148262,-1.14675849822563,2.0930693807833,-0.946310882557647,-1646.03123449442,5753.78220527872,-4107.75097078429
0.856726261122378,-1.21406958622499,2.08697938824313,-0.872909802018116,-1865.98972613191,5804.62658984852,-3938.63686371661
0.856849952096494,-1.27954709005647,2.07773789294922,-0.798190802892723,-2083.12975454973,5846.70445650054,-3763.57470195081
0.85697364307061,-1.34309203420793,2.06535883879338,-0.722266804585428,-2297.12306325482,5879.95220901547,-3582.82914576065
0.857158995008239,-1.43445792116086,2.04098447814819,-0.606526556987309,-2611.09681200528,5913.12896334515,-3302.03215133988
0.857262363079043,-1.48333994569781,2.02437393410372,-0.541033988405883,-2782.49208532994,5922.93649932783,-3140.44441399789
0.857331209265734,-1.51503531792108,2.01212360618445,-0.497088288263338,-2895.04117726418,5926.00248087032,-3030.96130360614
0.85742762623286,-1.55822382096321,1.99338775016885,-0.435163929205611,-3050.35621767212,5925.63301560717,-2875.27679793505
0.857559733867021,-1.61506030367237,1.96475389670767,-0.349693593035274,-3258.5564925819,5916.2972323226,-2657.7407397407
0.857766324263871,-1.69829192784538,1.91323359999363,-0.21494167214821,-3572.62065688129,5881.29760283948,-2308.67694595819
0.857907553231478,-1.75111747416445,1.87334918071264,-0.122231706548152,-3778.82546132134,5843.09948811224,-2064.2740267909
0.85796302501148,-1.77093640372092,1.85666430826067,-0.0857279045397071,-3857.83501760723,5824.93900719513,-1967.1039895879
0.858026183507958,-1.79284440109117,1.83698206208167,-0.0441376609904637,-3946.35726234755,5802.10787102861,-1855.75060868107
0.858150706340293,-1.83395247660777,1.79607325948122,0.0378792171265948,-4116.26377389776,5750.41841070279,-1634.15463680503
0.858237142060023,-1.86084310539828,1.76605336805044,0.0947897373478749,-4230.52459844614,5709.353115183,-1478.82851673687
0.858347344906068,-1.89313215157089,1.72589588383007,0.16723626774086,-4371.65550201043,5650.89681719773,-1279.2413151873
0.85848586788741,-1.93049009054761,1.67249636613489,0.257993724412764,-4541.57780605606,5567.82776009404,-1026.24995403798
0.858690021245246,-1.97884474375757,1.58808517757029,0.390759566187318,-4776.1501416803,5426.28721566761,-650.137073987314
0.858828015396985,-2.00694422123451,1.52728485363034,0.479659367604205,-4923.70147956304,5317.90110883755,-394.199629274514
0.858875191298145,-2.01569124691936,1.50582710681489,0.509864140104511,-4972.05362268152,5278.53000477933,-306.476382097807
0.858973117718939,-2.03242838497696,1.4602426299607,0.572185755016309,-5068.90215660274,5193.12492193615,-124.222765333411
0.859071044139734,-2.04724034970454,1.41327756233538,0.633962787369202,-5160.9458623938,5102.80570987719,58.1401525166134
0.859236568317049,-2.06785696177945,1.33089902764638,0.73695793413312,-5305.32974901827,4939.25167186763,366.078077150636
0.859479832735813,-2.08798513576105,1.20343558747483,0.884549548286266,-5491.29573099658,4674.93716444109,816.358566555487
0.859590467822675,-2.09311996190947,1.14304496912752,0.950074992781991,-5565.40288192602,4545.49937137329,1019.90351055274
0.859681291300256,-2.09544493035554,1.09243002965207,1.00301490070351,-5621.21838277084,4435.12062387374,1186.09775889711
0.859805175167124,-2.09586391960607,1.02197562857864,1.07388829102748,-5689.94774724802,4278.78062982759,1411.16711742043
0.859929059033992,-2.09310756833137,0.949974617316962,1.14313295101445,-5750.05362820507,4115.96128436329,1634.09234384177
0.86005294290086,-2.08718026950264,0.876534433612745,1.21064583588994,-5801.44741244635,3946.90602117901,1854.54139126735
0.860176826767728,-2.07809102382086,0.801766197389617,1.27632482643129,-5844.05151186749,3771.8707678881,2072.1807439794
0.860300710634596,-2.06585358798814,0.725783255465382,1.34007033252281,-5877.80130501512,3591.12092116623,2286.68038384889
0.860483913687312,-2.04203361275762,0.611471621212366,1.4305619915453,-5911.36829861248,3314.02048949125,2597.34780912123
0.860739715754135,-1.99750575907302,0.44864824408635,1.54885751498672,-5925.47814778575,2909.19507891389,3016.28306887186
0.860993778822053,-1.94052610894553,0.284065542553002,1.65646056639258,-5901.67971900969,2488.55668074557,3413.12303826411
0.861176396378375,-1.8918908752943,0.164513735464915,1.72737713982943,-5861.34859586999,2176.0798544179,3685.26874145209
0.861300373174122,-1.85530248243523,0.082991023029662,1.77231145940561,-5822.95297214389,1959.7250128092,3863.22795933469
0.861362876743556,-1.83578144387433,0.0418281032427837,1.79395334063159,-5800.23513083495,1849.48004317411,3950.75508766084
0.861458896663393,-1.80441976135907,-0.0214243450475813,1.82584410640669,-5760.98190811127,1678.76704344184,4082.21486466943
0.861584024596328,-1.76109630967227,-0.10380182484544,1.86489813451775,-5701.97059505205,1454.06455347101,4247.90604158104
0.861709152529263,-1.71505149049934,-0.186017873371063,1.90106936387045,-5634.14534695546,1227.11706458503,4407.02828237043
0.861834280462199,-1.66635576869008,-0.267946957697479,1.9343027263876,-5557.61051570025,998.271410914125,4559.33910478613
0.862027278986519,-1.58625382873881,-0.393412784387358,1.9796666131262,-5422.81547843728,642.528548259042,4780.28693017824
0.862141526934906,-1.53604882284115,-0.467064188003947,2.00311301084514,-5333.55993426071,430.653603996985,4902.90633026373
0.862179541143193,-1.51889756523491,-0.491447843302411,2.01034540853736,-5302.32387986575,360.001426914965,4942.32245295078
0.86228415157991,-1.47059713589411,-0.558163043325289,2.02876017921943,-5212.48924224145,165.378468545953,5047.11077369549
0.862388762016627,-1.42071015030959,-0.62427178499938,2.04498193530901,-5117.0255628908,-29.4133655609707,5146.43892845177
0.862493372453345,-1.36928820372663,-0.689706160884987,2.05899436461165,-5016.03226557959,-224.1735571836,5240.20582276319
0.862657695066495,-1.28557131234266,-0.790932392243285,2.07650370458598,-4846.53769426956,-529.452470249556,5375.99016451912
0.862897989406511,-1.15711291995257,-0.935014220144033,2.09212714009663,-4575.71199266623,-972.871626792343,5548.58361945857
0.863019095666451,-1.08977387384542,-1.00572054528004,2.09549441912549,-4429.13044937308,-1194.58730428276,5623.71775365584
0.863140201926392,-1.02085751340695,-1.07496990882206,2.09582742222903,-4276.13610384807,-1414.57057632423,5690.7066801723
0.863261308186333,-0.950464708288576,-1.14266097189075,2.09312568017935,-4116.95260527498,-1632.49942519366,5749.45203046864
0.863382414446273,-0.87869646238041,-1.2086968698907,2.08739333227114,-3951.8087257211,-1848.06168423763,5799.87040995873
0.863503520706214,-0.805656099407921,-1.27298269050863,2.07863878991658,-3780.94254144699,-2060.94731994908,5841.88986139607
0.863624626966154,-0.731449149342478,-1.33542561047355,2.06687475981605,-3604.60111508458,-2270.84884018806,5875.44995527264
0.86380424357838,-0.619505693874338,-1.42442360006124,2.0439292939356,-3333.61162620816,-2575.92599763968,5909.53762384785
0.864056861841034,-0.458897606978459,-1.5417925660692,2.00069017304768,-2934.95398140226,-2990.6780263925,5925.63200779476
0.864362853137331,-0.260690697748224,-1.67083303504196,1.9315237327902,-2427.872994711,-3467.38296445428,5895.25595916529
0.864508945230314,-0.164962431717959,-1.7271596506407,1.89212208235868,-2177.23500768937,-3684.28159857438,5861.51660626374
0.864655037323298,-0.0688919824451895,-1.77984351233841,1.84873549478362,-1922.02216144821,-3893.40262843034,5815.42478987855
0.864711394005444,-0.0317704675087492,-1.79917625472756,1.83094672223632,-1822.42768741296,-3971.9275207293,5794.35520814226
0.864793188079856,0.0221145347676738,-1.82622609218688,1.80411155741922,-1676.88779546512,-4083.65790192017,5760.5456973853
0.864915014558958,0.102321222830257,-1.86426657417514,1.7619453513449,-1458.12728195091,-4245.02020320313,5703.14748515404
0.86503684103806,0.182376517454325,-1.89957501127133,1.71719849381702,-1237.23364326355,-4400.1583819498,5637.39202521335
0.865158667517162,0.262165221749252,-1.93210080737247,1.66993558562323,-1014.52514326799,-4548.84981659999,5563.37495986798
0.865348809371133,0.385841043710136,-1.97717604665948,1.59133500294935,-664.207576674387,-4767.44624770027,5431.65382437465
0.865472971151937,0.465914865254274,-2.00282296568024,1.53690810042598,-434.010438633317,-4901.10709926366,5335.11753789698
0.865528573044896,0.501560146538957,-2.01332517224649,1.51176502570755,-330.661749133026,-4958.57160292311,5289.23335205613
0.865615133841231,0.556737399401349,-2.02844858760144,1.4717111882001,-169.598061567391,-5045.00134637342,5214.59940794082
0.865701694637566,0.611501410440356,-2.04207092637531,1.43056951593496,-8.41268004551603,-5127.69528830254,5136.10796834805
0.865842308161137,0.699462310741223,-2.06097138267608,1.36150907193486,253.330883669145,-5253.88733028316,5000.55644661401
0.866063070162011,0.834674521486532,-2.08250758361798,1.24783306213145,662.871205957551,-5431.14934778982,4768.27814183227
0.866225506194087,0.931674499198562,-2.09197044716854,1.16029594796998,962.399497164412,-5544.99842800254,4582.59893083813
0.866334493346056,0.995432639508865,-2.09526891404262,1.09983627453376,1162.07454777248,-5613.33156118817,4451.25701341569
0.866398234690523,1.0321903403346,-2.09605949078262,1.06386915044803,1278.25362217558,-5650.25429370494,4372.00067152936
0.866479713390156,1.07856792941458,-2.095845358996,1.01727742958142,1425.99702108533,-5694.14359345287,4268.14657236754
0.866608213118932,1.15024838095056,-2.09271661180921,0.942468230858655,1657.02322887641,-5755.75266888321,4098.7294400068
0.866736712847708,1.22005306122733,-2.0861770651804,0.866124003953065,1885.34496740425,-5807.97822219116,3922.63325478691
0.866865212576484,1.28787017522892,-2.07623742314809,0.788367247919172,2110.59631424325,-5850.73734172345,3740.14102748021
0.866993712305259,1.35358900911045,-2.06291385566803,0.709324846557572,2332.40953546599,-5883.9601285954,3551.55059312941
0.867184981940483,1.44726130615849,-2.03687114090804,0.589609834749542,2655.31792553014,-5915.62786618961,3260.30994065947
0.867235149186725,1.47099536711416,-2.0288142163565,0.557818849242337,2738.52945502854,-5920.40709871878,3181.87764369024
0.86734669392235,1.52243689160507,-2.00910009843951,0.486663206834443,2921.03661878538,-5925.75576669788,3004.7191479125
0.867458238657975,1.57200603167372,-1.9869189604568,0.414912928783077,3099.94677272106,-5923.82367341637,2823.87690069531
0.867610397473603,1.63648703207085,-1.95273833640334,0.31625130433249,3337.77388211225,-5909.45936328911,2571.68548117686
0.867831894560145,1.72359198907118,-1.89505487925836,0.171462890187183,3670.06000805801,-5864.4553898268,2194.39538176879
0.867939377375601,1.76290873460241,-1.86371968462705,0.100810950024637,3825.11382183813,-5832.35522058023,2007.24139874209
0.867985476236167,1.77916100696117,-1.84962408512776,0.0704630781665866,3890.30092254886,-5816.54363893087,1926.24271638201
0.868061818654887,1.80524989375337,-1.82543125158292,0.0201813578295486,3996.43969357807,-5787.67751620121,1791.23782262313
0.868167831673155,1.83974816625709,-1.79010075483064,-0.0496474114264511,4139.98456354892,-5742.07619242843,1602.09162887951
0.868234289284151,1.86033848990435,-1.76693472181051,-0.0934037680938441,4227.64767590777,-5710.23294897747,1482.5852730697
0.868340231398324,1.8914777585175,-1.7284204530259,-0.163057305491604,4363.55077126314,-5654.33315362734,1290.78238236419
0.86848544396526,1.93074153538263,-1.67253678617436,-0.25820474920828,4541.91457103812,-5567.56123636809,1025.64666532997
0.868696841433579,1.98067814545246,-1.58502817103238,-0.395649974420082,4784.48664322955,-5420.6452065698,636.158563340251
0.868825848844929,2.00689048723587,-1.52813835480412,-0.478752132431762,4922.29648047176,-5319.15529497676,396.858814505
0.868892589186647,2.01916315228946,-1.49770812075001,-0.521455031539451,4990.44853303119,-5263.19573847047,272.747205439283
0.868998806145085,2.03685865757369,-1.44793323363508,-0.588925423938616,5094.35609622366,-5169.385630798,75.029534574337
0.869105023103523,2.05228520814611,-1.39654695464886,-0.655738253497249,5192.58591304955,-5069.81905045703,-122.76686259252
0.86928132294662,2.07283093859382,-1.30787962864848,-0.764951309945348,5342.76354595906,-4892.20830917091,-450.555236788158
0.869534726472759,2.0912040328244,-1.17355638623831,-0.917647646586098,5529.71606180398,-4610.95933391762,-918.756727886361
0.869636725278295,2.09487315284984,-1.11728606571098,-0.977587087138867,5595.22224218326,-4489.28832926217,-1105.93391292109
0.869689542614043,2.09592772446759,-1.08768973813634,-1.00823798633126,5626.8913591638,-4424.45570548966,-1202.43565367414
0.869790244699342,2.09633811748749,-1.03044755299451,-1.06589056449298,5682.95802675786,-4297.50336166177,-1385.4546650961
0.869890946784641,2.09464979470885,-0.97217587261683,-1.12247392209203,5733.3314448448,-4166.25185411558,-1567.07959072923
0.870030015456494,2.0888725177166,-0.890128203945892,-1.19874431377071,5793.4404010503,-3978.19374806873,-1815.24665298157
0.870169084128347,2.07910858082366,-0.806381700924408,-1.27272687989925,5842.49092077458,-3782.54199713,-2059.94892364458
0.8703081528002,2.06537656124126,-0.721094953844712,-1.34428160739654,5880.39055723136,-3579.66734799683,-2300.72320923452
0.870494015061414,2.04088091875336,-0.605020345052685,-1.43586057370067,5913.50148968597,-3298.00335987812,-2615.49812980785
0.870745888113336,1.9966269142815,-0.444585295490065,-1.55204161879143,5926.20608680112,-2898.75902451286,-3027.44706228826
0.870999334471217,1.93949627846815,-0.280347694706859,-1.65914858376128,5901.60436168204,-2478.74890189665,-3422.85545978539
0.871180910216732,1.89096512920024,-0.161457480314284,-1.72950764888594,5860.97597074944,-2167.84659814433,-3693.12937260512
0.871303717320001,1.85463239701014,-0.0806980738964865,-1.77393432311364,5822.666309568,-1953.43640128743,-3869.22990828057
0.871367087360181,1.83479716418873,-0.038963504976459,-1.79583365921225,5799.49737275899,-1841.6202062241,-3957.87716653488
0.87146249726838,1.80356764906153,0.0238871560758413,-1.82745480513736,5760.28242097565,-1671.9289756836,-4088.35344529205
0.871588727692974,1.75977039578506,0.106986206307129,-1.86675660209218,5700.45706461413,-1445.16998811479,-4255.28707649934
0.871714958117568,1.71320628448882,0.18991606326976,-1.90312234775856,5631.6655664541,-1216.13969793833,-4415.52586851577
0.871841188542162,1.66394781433372,0.272547901517121,-1.93649571585082,5554.01561157808,-985.194216312716,-4568.82139526536
0.872036326890066,1.58270924147329,0.399350635896464,-1.98205987736973,5416.88808427811,-625.392751770892,-4791.49533250722
0.872172308163073,1.52254502029112,0.486883960117091,-2.00942898040819,5309.23347210967,-373.110360741702,-4936.12311136797
0.872243925611437,1.48972514896763,0.532651033022017,-2.02237618198962,5248.60951617597,-239.899801418996,-5008.70971475697
0.872342275064003,1.44343421508237,0.595049706462576,-2.03848392154492,5161.04031277641,-56.8032555152948,-5104.23705726112
0.872440624516568,1.39576614582903,0.656878742241484,-2.05264488807049,5068.5436145875,126.343711683749,-5194.88732627125
0.872577314097773,1.32732295218776,0.741743320829782,-2.06906627301751,4931.99106678344,380.610379914543,-5312.60144669798
0.872787865910663,1.21720050060942,0.86967928041629,-2.08687978102568,4704.05208126881,770.566589773248,-5474.61867104206
0.872941889385513,1.13321595936385,0.960922984617212,-2.09413894398103,4524.1640986362,1053.89207834365,-5578.05617697985
0.872988782186581,1.10709845421241,0.988278640002609,-2.09537709421498,4467.24718556018,1139.73303415953,-5606.98021971971
0.873049461937839,1.07294938333426,1.02335424018166,-2.09630362351589,4392.16439748284,1250.43117451341,-5642.59557199625
0.873168354739676,1.00493365204566,1.09097580954005,-2.09590946158567,4240.47608512824,1465.92966461398,-5706.40574974222
0.873253153345448,0.955555693307747,1.13828566132751,-2.09384135463522,4128.6479193322,1618.4125887581,-5747.06050809029
0.873360050609762,0.892351949138109,1.19676523725,-2.08911718638807,3983.52009428679,1808.96984845784,-5792.48994274463
0.873501035782515,0.807478630654418,1.27180733491677,-2.07928596557115,3785.29800939828,2057.10192889923,-5842.39993829751
0.873642020955268,0.721021848155645,1.34435460279378,-2.06537645094938,3579.65138848813,2301.19857149339,-5880.84995998152
0.873831401597326,0.602724090592074,1.43760479695627,-2.0403288875483,3292.51490594167,2621.81190854781,-5914.32681448947
0.874085278595423,0.440948557337917,1.55451844883303,-1.9954670061709,2889.709096815,3036.6654863584,-5926.3745831734
0.874336465095248,0.278125501655592,1.66047756864597,-1.93860307030151,2473.10270777982,3428.15993942846,-5901.26264720828
0.874516898303301,0.159968296277097,1.73029770285466,-1.89026599913171,2164.01777705456,3696.52874286151,-5860.54651991607
0.874637927568041,0.0803739136714977,1.77404493512957,-1.85441884880101,1952.66442639633,3869.99995400652,-5822.66438040285
0.874701264173248,0.0386607033844088,1.79592319809096,-1.83458390147531,1840.896358226,3958.57827745154,-5799.47463567753
0.874796026359545,-0.0237640453242773,1.82732111632855,-1.80355707100422,1672.34699808846,4088.14810230869,-5760.49510039715
0.874923180195413,-0.107470891469429,1.86689525553809,-1.75942436406861,1443.91567254398,4256.26599661477,-5700.18166915875
0.875050334031281,-0.191004853564458,1.90348970156729,-1.71248484800277,1213.18301429206,4417.58853157025,-5630.77154586231
0.875177487867149,-0.274234307431389,1.93704696308381,-1.66281265565236,980.512926723331,4571.86201044443,-5552.37493716776
0.875373539801793,-0.401608731961605,1.98269474998923,-1.58108601802756,618.973735301627,4795.26472144061,-5414.23845674224
0.875505902343485,-0.486803575913343,2.0092825209051,-1.52247894499169,373.383776563407,4935.91437194003,-5309.29814850344
0.875570072621308,-0.527824223279878,2.02092809302031,-1.49310386974037,254.027872376486,5001.06327877028,-5255.09115114676
0.875669100027127,-0.590691235815956,2.03728297202397,-1.44659173620795,69.6782945565501,5097.58650531318,-5167.26479986973
0.875788670894276,-0.665824387770288,2.0543989630331,-1.38857457526274,-152.965023035221,5207.53554920989,-5054.57052617467
0.875980233985849,-0.784146207010216,2.0757598957652,-1.29161368875492,-508.94145203138,5368.24347914282,-4859.30202711144
0.876187409384115,-0.908885749659989,2.09039984320268,-1.18151409354262,-891.764076837248,5520.14350179508,-4628.37942495783
0.876291718606857,-0.970306025059465,2.09442794863856,-1.12412192357902,-1083.30396245865,5587.86212701866,-4504.55816456001
0.876346234854459,-1.00200035042646,2.09563834027011,-1.09363798984357,-1182.97362515537,5620.87449206163,-4437.90086690626
0.876453635827943,-1.06355967393666,2.09622303164134,-1.03266335770461,-1378.24974543783,5681.06320568106,-4302.81346024323
0.876561036801426,-1.12390534702704,2.09442064026016,-0.970515293233047,-1571.94832413535,5734.7789705771,-4162.83064644175
0.876700688227686,-1.20043687785926,2.08851188013534,-0.88807500227601,-1821.06619635662,5794.84137320372,-3973.7751768471
0.876840339653947,-1.27465747954525,2.07858343360477,-0.803925954059451,-2066.67763532865,5843.74985606031,-3777.07222073166
0.876979991080207,-1.34642518376366,2.06465434663455,-0.718229162870816,-2308.31275838611,5881.41111292022,-3573.09835453412
0.877167663052728,-1.43873983703483,2.03968924913247,-0.600949412097557,-2625.87060216494,5914.17666913233,-3288.30606696739
0.877255001682162,-1.48003764920055,2.02564165339105,-0.545604004190425,-2770.68723947978,5922.42891636065,-3151.74167688087
0.877334368522858,-1.51659999755356,2.01155278112565,-0.494952783572007,-2900.47830762888,5926.0585895069,-3025.58028187802
0.877436509004721,-1.56225784496703,1.99158332426024,-0.429325479293139,-3064.82920501466,5925.30457069112,-2860.47536567646
0.877575281198963,-1.62169364177198,1.96117463374293,-0.339480991970863,-3282.99664131351,5914.50393573305,-2631.50729441954
0.877786456602065,-1.70615197926767,1.9077921501048,-0.201640170837049,-3602.74546566375,5876.53184413594,-2273.78637847218
0.877936055535439,-1.76148464711602,1.86486694597973,-0.103382298863625,-3819.83564508509,5833.96571620042,-2014.13007111533
0.877971965872736,-1.77419862616907,1.85394129424956,-0.0797426680804098,-3870.73360799561,5821.82112226621,-1951.08751427059
0.878064043021183,-1.80575597708926,1.82485670433573,-0.0191007272463855,-3998.94744825639,5787.30206537914,-1788.35461712275
0.878178696918401,-1.84292970462223,1.78651336957716,0.0564163350451465,-4153.88431905907,5737.55573459689,-1583.67141553782
0.878350007828007,-1.89398807794915,1.72493599817077,0.169052079778457,-4375.21697598561,5649.40108550893,-1274.18410952332
0.878521318737613,-1.93956124905619,1.65836488219942,0.281196366856853,-4583.87778094434,5544.89134254713,-961.013561602792
0.878692629647219,-1.979519136203,1.58699082513711,0.392528311065964,-4779.27057204472,5424.32675038492,-645.056178340198
0.878826424548533,-2.00675187454457,1.52802752346004,0.478724351084615,-4922.30902961572,5319.19994379972,-396.890914183997
0.878875499309422,-2.01585721430172,1.50571095407537,0.510146260226432,-4972.62304391625,5278.26129012785,-305.638246211597
0.878977493958071,-2.03324185376759,1.45819838102437,0.575043472743302,-5073.37667289602,5189.18673074952,-115.810057853493
0.879079488606719,-2.0485374844975,1.40919007591969,0.639347408577898,-5168.91431591397,5094.78507710403,74.1292388099391
0.879247972087577,-2.06918300211884,1.32511387754169,0.744069124577231,-5315.01547532152,4927.48293789314,387.532537428377
0.879492823554484,-2.08883025019758,1.19644764629086,0.892382603906797,-5500.60431054757,4660.03437425985,840.569936287728
0.879587341574827,-2.09312171754435,1.1447954060144,0.948326311530029,-5563.66983185915,4549.23056507915,1014.43926678
0.879695567948065,-2.09576741702909,1.08442002083215,1.01134739619702,-5629.84346387013,4417.44525882468,1212.39820504545
0.879803794321302,-2.09598941789423,1.0227927936333,1.07319662426101,-5689.50268334454,4280.55522364622,1408.94745969832
0.87991202069454,-2.09378778920777,0.959983638895091,1.13380415031275,-5742.58088796553,4138.71616186008,1603.86472610544
0.880020247067778,-2.0891651971971,0.896064654937636,1.19310054225953,-5789.01768755549,3992.09115367029,1796.9265338852
0.880058487605328,-2.08695355877416,0.8732233096131,1.21373024916114,-5803.83064947348,3939.15918090921,1864.67146856427
0.880148425529289,-2.08056554606211,0.819018692171214,1.26154685389097,-5835.35697872764,3812.45599924427,2022.90097948337
0.880238363453249,-2.07251615044748,0.764161345603884,1.30835480484366,-5862.22129732049,3682.71064949078,2179.51064782971
0.880404355437558,-2.05332527223444,0.661378008119895,1.39194726411461,-5899.4836380779,3435.6831762294,2463.8004618485
0.880652221135091,-2.0143175499058,0.50472901738196,1.50958853252391,-5925.24008281631,3049.86915920904,2875.37092360727
0.880952160773195,-1.95085765618457,0.311271858532578,1.63958579765206,-5908.45775837437,2558.79985219392,3349.65790618045
0.881136620075608,-1.90315703939407,0.190689591113402,1.71246744828073,-5872.09385473775,2244.9291356179,3627.16471911985
0.881282742298442,-1.86081652581204,0.0946712001332321,1.76614532567887,-5829.2756047131,1990.82857590615,3838.44702880695
0.881352897323958,-1.83908294142934,0.0484755379187193,1.79060740351068,-5804.33739663173,1867.27288820335,3937.06450842838
0.881454944806752,-1.80588134512409,-0.0187459138065737,1.82462725893072,-5763.03243694473,1685.97252728038,4077.05990966435
0.881556992289546,-1.77082421338009,-0.0859454905207393,1.85676970390089,-5715.80119276433,1502.94476807728,4212.85642468705
0.881695878044068,-1.72020198740631,-0.177233694725752,1.89743568213212,-5642.09826115931,1251.43886016397,4390.65940099534
0.881834763798589,-1.66630532788771,-0.268183643621376,1.93448897150914,-5557.65274422979,997.552177485078,4560.10056674471
0.882026692009028,-1.58664950285469,-0.392955194928062,1.9796046977828,-5423.61897170571,643.783637513207,4779.8353341925
0.882146807781133,-1.5338242470287,-0.470375864483912,2.00420011151266,-5329.63732429608,421.01859678227,4908.6187275138
0.88220630276074,-1.50683951405204,-0.50849058281985,2.01533009687194,-5280.2557944366,310.413584075806,4969.8422103608
0.88231994332072,-1.45385080252421,-0.580773570456388,2.03462437298065,-5180.83556073329,98.9207427966586,5081.91481793663
0.8824335838807,-1.39901041999505,-0.652313552884139,2.05132397287923,-5074.81201599906,-112.690935135222,5187.50295113428
0.88254722444068,-1.34238651588888,-0.723021999487686,2.06540851537661,-4962.31753749099,-324.159203886626,5286.47674137762
0.882731838415684,-1.24681668385796,-0.835846237166674,2.08266292102467,-4766.21496085371,-666.576706731957,5432.79166758567
0.8829022953694,-1.15483942767646,-0.937538313176158,2.09237774085266,-4570.89262059191,-980.792832909976,5551.68545350189
0.88299276368555,-1.1046401745529,-0.990459824957509,2.09509999951044,-4461.82112795307,-1146.5461396986,5608.36726765167
0.883023102320228,-1.08760168241072,-1.0080322556813,2.09563393809206,-4424.42698465052,-1201.93795498209,5626.36493963261
0.8831093348907,-1.03864474038274,-1.05746635989653,2.0961111002793,-4315.96986231222,-1358.74450509554,5674.71436740776
0.883216733807518,-0.976615531718162,-1.1179379244516,2.0945534561698,-4176.48332926087,-1552.61057711442,5729.09390637528
0.8833795850028,-0.880485891925186,-1.20715835845819,2.08764425038341,-3956.01380471219,-1843.0539522017,5799.06775691389
0.883542436198082,-0.782053182098231,-1.29321858846792,2.07527177056618,-3725.19466915284,-2128.67048583634,5853.86515498919
0.883705287393364,-0.681572073765613,-1.37589622267656,2.0574682964422,-3484.62355264542,-2408.72185122215,5893.34540386757
0.883910973959999,-0.55217934175135,-1.47512210072585,2.02730144247722,-3167.90868928722,-2753.24658611864,5921.15527540586
0.884177010242356,-0.381567490762532,-1.59421411606654,1.97578160682909,-2739.07970516462,-3181.40666250553,5920.48636767015
0.884443046524713,-0.208295378950465,-1.70218445720887,1.91047983615934,-2291.16159775059,-3587.38184567213,5878.54344342271
0.88455899930082,-0.132158766787893,-1.74562368818799,1.8777824549759,-2090.51555938229,-3756.86429968187,5847.37985906416
0.884678237126454,-0.0536915565900104,-1.7878706673519,1.84156222394192,-1881.31348427713,-3925.92289820616,5807.23638248329
0.884797474952088,0.0248460745751055,-1.82760496832068,1.80275889374558,-1669.48214921592,-4089.45749184373,5758.93964105965
0.884916712777722,0.103347033071857,-1.86477310428483,1.76142607121297,-1455.31132389246,-4247.24673275154,5702.55805664399
0.885035950603356,0.181702453105611,-1.89932382584756,1.71762137274195,-1239.09852109177,-4399.07256143896,5638.17108253073
0.88515518842899,0.259802724632893,-1.931208881326,1.67140615669311,-1021.14642866851,-4544.72283946148,5565.86926813
0.885344170907181,0.38274991131752,-1.97615849213554,1.59340858081801,-673.023742965122,-4762.34200831626,5435.36575128138
0.885471614457557,0.464954116170206,-2.00255814280062,1.53760402663041,-436.767641108718,-4899.71513279817,5336.48277390689
0.885529498252172,0.502062490273872,-2.0134939538516,1.51143146357772,-329.178514341104,-4959.5437888592,5288.7223032003
0.885618427910679,0.558739207585578,-2.02899395462275,1.47025474703717,-163.703713396591,-5048.24553233671,5211.9492457333
0.885707357569185,0.614978189690617,-2.04290920939151,1.42793101970089,1.89488078683917,-5133.00189941575,5131.10701862891
0.885850927024219,0.704719671978615,-2.06199940157493,1.35727972959631,269.123257974788,-5261.31914851169,4992.1958905369
0.88607405780506,0.841212765131164,-2.0833194595289,1.24210669439773,682.947905759432,-5439.32581627668,4756.37791051725
0.886245920085587,0.943597493449584,-2.09277507151743,1.14917757806783,999.615392447417,-5558.31103318928,4558.69564074187
0.886314720294267,0.983852047642062,-2.09485362969998,1.1110015820579,1125.68748338007,-5601.44571019483,4475.75822681476
0.886366395745169,1.01378479228969,-2.09577065593438,1.08198586364467,1220.03427658911,-5632.12113543296,4412.08685884385
0.886476681205302,1.07675134716011,-2.09587909086593,1.0191277437058,1420.24390452775,-5692.59841819274,4272.35451366499
0.886567691030282,1.12774384206799,-2.09407305929262,0.966329217224609,1584.19220653133,-5737.36051173519,4153.16830520386
0.886692984574866,1.19641983411684,-2.08878632263454,0.892366488517677,1807.72603669421,-5791.29415168441,3983.5681149902
0.886742016899041,1.22280351309223,-2.0858350135939,0.863031500501646,1894.48268744586,-5809.96631224011,3915.48362479425
0.886835156467249,1.27211009269741,-2.07886658638028,0.806756493682841,2058.00575071659,-5841.62810063484,3783.62234991825
0.886961188305872,1.33707790966187,-2.06660551375316,0.729527604091258,2276.41409858626,-5876.49501686942,3600.08091828316
0.887161743681256,1.43605819045968,-2.04043345533648,0.604375264876775,2616.3336078375,-5912.95158287739,3296.61797503989
0.887236030973417,1.47131909885443,-2.02867085526391,0.557351756409451,2739.76041193321,-5920.51287423213,3180.75246229892
0.887306324192283,1.50394565696815,-2.01652275252128,0.5125770955531,2855.17515915016,-5924.69586412393,3069.52070497377
0.88742796347177,1.55865167377323,-1.99318452543569,0.434532851662433,3051.53470630635,-5925.10303104814,2873.56832474179
0.887549602751256,1.6110800051412,-1.96693566487611,0.355855659734881,3243.43225931139,-5916.85501593949,2673.4227566281
0.887740484140655,1.6885532390387,-1.91998609958776,0.231432860549033,3534.80767927729,-5886.51183395056,2351.70415467327
0.887900634486374,1.74889344322619,-1.87525581413097,0.126362370904748,3769.55627869792,-5844.71904120134,2075.16276250342
0.887994697197851,1.78229199491517,-1.84675426075508,0.0644622658398774,3903.07109549204,-5813.25863983877,1910.18754434674
0.888118980316504,1.8240226383375,-1.80663138032604,-0.0173912580114898,4074.20897667521,-5763.91295280753,1689.70397613232
0.888243263435158,1.8629714123784,-1.76375464182353,-0.0992167705549046,4239.1306629123,-5705.77857203634,1466.64790912404
0.888367546553811,1.8990799462393,-1.71818873075001,-0.180891215489325,4397.58863648934,-5638.9437428101,1241.35510632076
0.888491829672465,1.93229334990184,-1.67000301749657,-0.262290332405309,4549.34192848761,-5563.51038130459,1014.16845281699
0.888681894542337,1.97735656088155,-1.59144179358494,-0.385914767296642,4767.85065302839,-5431.83528674348,663.98463371509
0.888806483931526,2.00309155512043,-1.53682899532616,-0.466262559794308,4901.96258492474,-5334.95179017357,432.989205248822
0.888864472398484,2.01402817174877,-1.51059530445119,-0.503432867297625,4961.8493897542,-5287.04916110984,325.199771355638
0.888925933269656,2.02488898798049,-1.48224454737542,-0.542644440605107,5023.51967336253,-5234.36344664914,210.843773286606
0.889032504017928,2.04192638798312,-1.43178835562396,-0.610138032359198,5125.98362637773,-5138.40501536729,12.4213889895623
0.889188266119424,2.06270009948414,-1.35518812533349,-0.707511974150691,5265.34165330412,-4987.85514086856,-277.486512435562
0.889414064962263,2.0840248031528,-1.23848745962124,-0.845537343531598,5444.81787577564,-4748.62462234825,-696.193253427395
0.889580339510916,2.093038688827,-1.14849941366459,-0.94453927516245,5559.57990908486,-4557.0503787417,-1002.52953034316
0.889655198511244,2.09523561168318,-1.10692829742433,-0.988307314258895,5606.33734944736,-4466.66837636009,-1139.66897308727
0.889737955611157,2.09631460839465,-1.06026269934278,-1.03605190905191,5654.41084366243,-4363.88235671344,-1290.52848694899
0.889820712711071,2.09597599740817,-1.01288149454223,-1.08309450286598,5698.65800313844,-4258.1473696879,-1440.51063345054
0.88992332485601,2.09358841187755,-0.953189334145689,-1.1403990777319,5748.16218460929,-4123.06276563783,-1625.09941897146
0.890052382892566,2.08749710635104,-0.876722015894362,-1.21077509045671,5801.92945653544,-3947.11392792578,-1854.81552860966
0.890181440929123,2.07797432444941,-0.798813241899059,-1.27916108255039,5846.15834747819,-3764.67529179064,-2081.48305568755
0.89031049896568,2.06503566578134,-0.719590374538063,-1.34544529124331,5880.77675182275,-3576.04523619441,-2304.73151562834
0.890497362406918,2.04029986402971,-0.602857218205705,-1.43744264582404,5913.74766274447,-3292.68010867876,-2621.06755406571
0.89075490797614,1.99473389882355,-0.43873802853483,-1.55599587028876,5925.79724725576,-2883.97797452685,-3041.81927272891
0.89100483046005,1.93804291172733,-0.27671467677687,-1.66132823495049,5900.47062142145,-2469.30851539365,-3431.1621060278
0.891184764479258,1.88979043565963,-0.158880171621477,-1.73091026403818,5859.71526402719,-2161.01758646674,-3698.69767756045
0.891304909501375,1.85418842306089,-0.0798671329736369,-1.77432129008729,5822.05711771555,-1951.18903862614,-3870.86807908942
0.891367940346582,1.83444747924203,-0.0383558998672192,-1.79609157937484,5798.97341278501,-1839.95875347164,-3959.01465931337
0.891462451566836,1.80350494575297,0.0239025524997784,-1.82740749825277,5760.10334931303,-1671.85789390635,-4088.24545540668
0.891589931736815,1.75926105419854,0.107822779996034,-1.8670838341946,5699.6409925713,-1442.84290094771,-4256.7980916236
0.891717411906793,1.71219599434846,0.19156912537285,-1.90376511972133,5630.03539750563,-1211.51525446024,-4418.5201430454
0.891844892076772,1.66238447007635,0.275008968302242,-1.93739343837862,5551.39763185013,-978.241609456325,-4573.1560223938
0.892041171545632,1.58053679710503,0.402523257238028,-1.98306005434308,5413.01134823439,-616.272381079458,-4796.73896715493
0.892171944729791,1.52262973404844,0.486693580319709,-2.00932331436817,5309.31884357977,-373.629360970999,-4935.68948260877
0.892232541509729,1.49491205087954,0.525436985064055,-2.02034903594361,5258.20640870916,-260.924130928292,-4997.28227778087
0.892331476850999,1.4485042655597,0.588267696256281,-2.036771961816,5170.67817246279,-76.7538856752299,-5093.92428678756
0.892430412192269,1.40069815403017,0.650528211509357,-2.05122636553955,5078.15453687295,107.485748131872,-5185.64028500483
0.892561539870985,1.33526723581588,0.732058450223595,-2.06732568603949,4947.99437673136,351.454004703738,-5299.4483814351
0.89276474129516,1.22948018880049,0.855847307165148,-2.08532749596566,4729.87840658088,728.038200626566,-5457.91660720744
0.892912594542428,1.14930883738302,0.94378581092856,-2.09309464831159,4558.95767912705,1000.36367140929,-5559.32135053634
0.893013264525512,1.09327886683674,1.00252232198834,-2.09580118882509,4436.90047107998,1184.63088362318,-5621.53135470317
0.893135753996451,1.02364267255342,1.07262368925191,-2.09626636180534,4282.42891534388,1407.19669929818,-5689.62561464207
0.893258243467389,0.95249181912603,1.14113541062631,-2.09362722975235,4121.6169357945,1627.67488344348,-5749.29181923797
0.893380732938327,0.879930597803588,1.207957255262,-2.0878878530656,3954.70061196755,1845.74264800043,-5800.44325996799
0.893503222409265,0.806066266792621,1.27299049678264,-2.07905676357527,3781.92684342167,2061.07771262057,-5843.00455604224
0.893625711880204,0.731008208827798,1.33613882945273,-2.06714703828053,3603.55157465661,2273.3611520436,-5876.91272670022
0.893806003371902,0.618627003202412,1.42543413811444,-2.04406114131685,3331.45284975982,2579.51617629428,-5910.9690260541
0.894058859540952,0.457841915134912,1.54284143543734,-2.00068335057225,2932.26812556452,2994.51949866021,-5926.78762422473
0.894365087784027,0.259457992733346,1.67187588614806,-1.9313338788814,2424.61855105488,3471.37634495208,-5895.99489600696
0.894508993913978,0.165156424951495,1.72733183855112,-1.89248826350261,2177.68661907953,3684.97104360102,-5862.65766268054
0.894652900043929,0.0705233046031289,1.77925282519125,-1.84977612979437,1926.31694640435,3891.01769475139,-5817.33464115574
0.894719345310559,0.0267570333317329,1.80201071122333,-1.82876774455505,1808.86147961016,3983.51874652174,-5792.3802261319
0.894799792870579,-0.026241374932179,1.82850961146402,-1.80226823653183,1665.61533554545,4093.17397414243,-5758.78930968788
0.894922584982969,-0.107078398764943,1.86669164114155,-1.75961324237659,1444.98576479115,4255.45230091369,-5700.43806570484
0.895045377095359,-0.187754221077317,1.90209478962461,-1.71434056854727,1222.20958688351,4411.39291156984,-5633.60249845335
0.895168169207749,-0.268150844401977,1.93466747632153,-1.66651663191953,997.613027029304,4560.76831904658,-5558.38134607588
0.895361349950756,-0.393732192203646,1.980049082579,-1.58631689037533,641.528509500195,4781.86645647771,-5423.3949659779
0.895473982583954,-0.46634391516764,2.00316516879276,-1.53682125362509,432.650001240904,4902.75647782112,-5335.40647906202
0.895497978767604,-0.48174546060703,2.00776808794192,-1.52602262733486,388.057906192056,4927.73025595432,-5315.78816214638
0.89558679644679,-0.53849752539619,2.02380709573727,-1.48530957034106,222.861424540912,5017.70244569799,-5240.5638702389
0.895760933848938,-0.648463227993949,2.05065671289075,-1.40219348489677,-101.277209732219,5182.62995695383,-5081.35274722161
0.895971487012868,-0.778763061323219,2.0749120200402,-1.29614895871695,-492.585134151114,5361.24191461048,-4868.65678045937
0.896177311832089,-0.902853680537448,2.08985521688776,-1.18700153635028,-873.048973953749,5513.20286364519,-4640.15388969144
0.896291539679415,-0.970166591170276,2.09438737489971,-1.1242207837294,-1082.85037883644,5587.68374513979,-4504.83336630335
0.896356161786757,-1.00770499428907,2.09575691597586,-1.08805192168676,-1200.9580459064,5626.64270376506,-4425.68465785866
0.896462694442896,-1.06866382539344,2.09612747327869,-1.02746364788522,-1394.52675256537,5685.78353065692,-4291.25677809155
0.896569227099034,-1.12842309129138,2.09414945088832,-0.965726359596908,-1586.52597198234,5738.5503355559,-4152.02436357356
0.896703622459387,-1.20199130694005,2.08830840795992,-0.886317101019841,-1826.14975851194,5795.93177301094,-3969.78201449899
0.89683801781974,-1.27341638352387,2.07874470977481,-0.805328326250904,-2062.51681796508,5842.98014716919,-3780.46332920411
0.896972413180094,-1.34257170773393,2.06547535407269,-0.722903646338722,-2295.20806240877,5879.6122932843,-3584.40423087553
0.897157285604484,-1.43373996859917,2.04121817466967,-0.607478206070456,-2608.43883317319,5912.85829048175,-3304.41945730856
0.897262482327963,-1.48349948288471,2.02433013886339,-0.54083065597864,-2782.88986481504,5922.88659474502,-3139.99672992998
0.897330978012438,-1.51503473133059,2.01214256553609,-0.497107834205465,-2894.86876174065,5925.93814923941,-3031.06938749877
0.89742680616764,-1.5579680162031,1.99353055077457,-0.435562534571424,-3049.25235711008,5925.59883901762,-2876.34648190755
0.897558340678248,-1.61458192443125,1.96504860370838,-0.350466679277091,-3256.59780322562,5916.3863984091,-2659.78859518348
0.897764665548457,-1.69775981788871,1.91365362451322,-0.215893806624467,-3570.36889636831,5881.61143915629,-2311.24254278798
0.897907737919235,-1.75129317108568,1.87326809731865,-0.121974926232921,-3779.30326410274,5842.97374964809,-2063.67048554535
0.897964088434471,-1.77142031974202,1.85631219460851,-0.0848918748664393,-3859.55202543013,5824.50442482902,-1964.95239939888
0.898027230978267,-1.79331153098377,1.83662244749543,-0.0433109165116131,-3948.02739611769,5801.63973678584,-1853.61234066815
0.898151478199374,-1.83430935282796,1.79578324726708,0.0385261055609226,-4117.51531946477,5749.99806579255,-1632.48274632778
0.89823749789691,-1.86106237991993,1.7658988394404,0.0951635404795765,-4231.20793703923,5709.10146201445,-1477.89352497522
0.898347355008352,-1.89324725009386,1.72586326792422,0.167383982169691,-4371.88972065251,5650.81532941541,-1278.9256087629
0.898486021521783,-1.93064271701835,1.67240587825302,0.258236838765372,-4541.98539992395,5567.65163057011,-1025.66623064616
0.898690529037123,-1.97906949782904,1.58783663240348,0.391232865425609,-4776.93643629744,5425.82585296496,-648.889416667524
0.898829035574915,-2.00725336582862,1.52679380616179,0.480459559666874,-4924.98694030808,5316.9792435428,-391.992303234718
0.898875835947984,-2.01592337125048,1.50550077097738,0.510422600273148,-4972.93608444462,5277.90033130636,-304.964246861739
0.898956260081,-2.02980077264997,1.46815646182834,0.561644310821677,-5052.80427826289,5208.09124909789,-155.286970834997
0.899036684214015,-2.04238129510179,1.42987580559166,0.612505489510185,-5129.44164018742,5134.95756240151,-5.51592221408828
0.899180992554931,-2.06167561511858,1.3589315839236,0.702744031195029,-5258.67971630062,4995.57500052775,263.104715772872
0.899408996117028,-2.08349821412553,1.24127039616251,0.842227817963068,-5440.65311781259,4754.68154437032,685.971573442268
0.899578104583671,-2.09279407227839,1.14982202722677,0.942972045051665,-5557.70513731825,4560.12644006371,997.578697254543
0.899654153766242,-2.09505235352603,1.10760318777493,0.987449165751155,-5605.27563283705,4468.36132102091,1136.91431181614
0.899734318785847,-2.09613710635343,1.06241793399349,1.03371917235998,-5651.94945261511,4368.87327835297,1283.07617426214
0.899814483805452,-2.09589165483805,1.01655991487552,1.07933173996258,-5695.03404384853,4266.61517910331,1428.41886474522
0.89994041041376,-2.09282160523206,0.943245338760364,1.14957626647174,-5755.39526523526,4100.56987624796,1654.8253889873
0.900066337022067,-2.08647588300488,0.868455305446554,1.21802057755837,-5806.74605666091,3928.10786781276,1878.63818884815
0.900192263630375,-2.07686444408169,0.792305273750355,1.28455917033138,-5849.00782137079,3749.49572931003,2099.51209206076
0.900318190238682,-2.06400230264527,0.714914590077986,1.34908771256733,-5882.11418295854,3565.01339095175,2317.10079200679
0.900506539130441,-2.03875002505812,0.59714910389403,1.44160092116414,-5914.42516841817,3278.85487053913,2635.57029787904
0.900767649331451,-1.9919880190133,0.430615692449175,1.56137232656417,-5924.97419358768,2863.63425603716,3061.33993755053
0.901028759532462,-1.93184067854744,0.261191281744148,1.67064939680334,-5895.73095786473,2429.19179022681,3466.53916763793
0.901196007936231,-1.88643182763249,0.151587908906921,1.73484391872561,-5856.14465972312,2141.93044796638,3714.21421175674
0.901317857961513,-1.85005390470236,0.0714361740547171,1.77861773064769,-5817.1062437686,1928.82520324963,3888.28104051897
0.901388461247448,-1.82772773685739,0.0249321269500051,1.80279560990743,-5790.57437282998,1804.01400620749,3986.56036662248
0.901473222577679,-1.79973927256957,-0.0309068164492092,1.83064608901882,-5754.95884180193,1653.01888910685,4101.93995269508
0.901600681145011,-1.75526292036787,-0.114805339540604,1.87006825990851,-5693.73437329629,1423.82816218035,4269.90621111594
0.901728139712342,-1.70797274188641,-0.198518310454332,1.90649105234078,-5623.37873597537,1192.35766476823,4431.02107120714
0.901855598279674,-1.65794358538045,-0.281913587540367,1.93985717292085,-5544.00394655867,958.973139237759,4585.03080732091
0.902055069797913,-1.57437667321145,-0.411417630918324,1.98579430412981,-5402.04884544974,590.929813928356,4811.11903152139
0.902174342696117,-1.52141070377365,-0.488149998585032,2.00956070235871,-5306.95740553419,369.558369033691,4937.39903650049
0.902267208796376,-1.4786834399556,-0.547431378057085,2.02611481801271,-5227.74190120825,196.803633519255,5030.938267689
0.902342324145247,-1.44319915373743,-0.595044519043731,2.03824367278119,-5160.40470480866,56.9353386971112,5103.46936611155
0.90243666194907,-1.39750097596953,-0.654365023903477,2.05186599987303,-5071.77257537625,-118.748949972777,5190.52152534903
0.902574220901628,-1.32868892306323,-0.739803576003652,2.0684924990669,-4934.59217193434,-374.648683497315,5309.24085543166
0.902787753231974,-1.21705499765868,-0.869575943081107,2.08663094073981,-4703.59656981506,-770.14120407237,5473.73777388743
0.902941609352992,-1.13316620134262,-0.960724521944351,2.09389072328699,-4523.91873228659,-1053.1670639018,5577.08579618839
0.902966733419903,-1.11920345795748,-0.975409089575698,2.0946125475332,-4493.54705775379,-1099.19253395877,5592.73959171256
0.903047308207389,-1.07396475505888,-1.02208120280075,2.09604595785965,-4394.27725877624,-1246.29913381739,5640.57639259362
0.903244798417736,-0.960294924734011,-1.13358228404574,2.09387720877977,-4139.32577539867,-1603.09228916374,5742.41806456241
0.903338556061525,-0.904985893976196,-1.18503799732966,2.09002389130588,-4012.59509272344,-1770.4745486435,5783.06964136694
0.903432313705313,-0.848890579846481,-1.23546632025641,2.0843569001029,-3882.3793505034,-1936.32317922599,5818.70252972939
0.903526071349102,-0.792058887702367,-1.28482225829701,2.07688114599939,-3748.79416687695,-2100.49027651422,5849.28444339116
0.903656691006936,-0.711759801247982,-1.35170538322223,2.06346518447023,-3557.31754945022,-2326.09872281696,5883.41627226718
0.90386320176468,-0.582470687720284,-1.45271650212376,2.03518718984406,-3242.63724835875,-2674.4969049609,5917.13415331965
0.904137448421389,-0.407180914062013,-1.5772717343944,1.98445264845643,-2804.15117947469,-3119.28796614071,5923.43914561539
0.904411695078097,-0.228875103320169,-1.69013582714425,1.91901093046442,-2344.90258475142,-3540.96923611276,5885.87182086418
0.904545848770106,-0.140850195692166,-1.7408945836552,1.88174477934737,-2113.44135093108,-3738.11135302825,5851.55270395933
0.904680002462116,-0.0525815894953921,-1.78855585371025,1.84113744320564,-1878.24007332033,-3928.59440964579,5806.83448296612
0.904814156154126,0.0357750281366834,-1.83303630219809,1.79726127406141,-1639.71419935075,-4112.08378535609,5751.79798470684
0.904894968542618,0.0889895911227683,-1.85826891704833,1.76927932592556,-1494.56711915812,-4219.12993400357,5713.69705316168
0.905003089273534,0.160082926897898,-1.89014784638964,1.73006491949174,-1298.90149198256,-4358.06583903472,5656.96733101728
0.905138257739761,0.248680053969815,-1.92692463240697,1.67824457843716,-1052.23722973187,-4524.6426169305,5576.87984666237
0.905337493456306,0.378358906499434,-1.97476144248733,1.59640253598789,-685.463282946177,-4755.12838690603,5440.59166985221
0.905468190577898,0.462687868232501,-2.0019643317094,1.53927646347689,-443.217378952703,-4896.32363495847,5339.54101391118
0.905500033526671,0.483128317818582,-2.00808464985103,1.52495633203244,-384.046578660269,-4929.49456110807,5313.54113976834
0.90559646450485,0.544713714663817,-2.02538663529227,1.48067292062844,-204.680807035828,-5026.90310114366,5231.58390817948
0.905740008849149,0.635422456831332,-2.0476875001067,1.41226504327535,62.5515637260664,-5163.29283813915,5100.74127441308
0.905925752900055,0.750823061293051,-2.07035185914694,1.31952879785387,407.987468033537,-5324.11396787792,4916.12649984438
0.906166952472966,0.896745750790416,-2.08924850065234,1.19250274986191,854.126765079858,-5505.76283347201,4651.63606839215
0.90625759911425,0.950354115694512,-2.09326171785629,1.14290760216177,1020.82937732911,-5565.9812296125,4545.15185228339
0.906368348120394,1.01479121611367,-2.09585876033074,1.08106754421706,1223.3357528683,-5633.40817705121,4410.07242418292
0.906479097126539,1.07799662238856,-2.09591767679345,1.01792105440488,1424.35184824152,-5694.00856384326,4269.65671560174
0.906589846132683,1.1398959145351,-2.09343880204293,0.953542887507815,1623.64053358758,-5747.71205132365,4124.07151773607
0.906700595138828,1.20041483781438,-2.08842527025824,0.888010432443834,1820.96253186892,-5794.45470011698,3973.49216824806
0.906759537126083,1.23204121041638,-2.0847249869873,0.852683776570909,1925.11366595328,-5816.4777281779,3891.36406222462
0.906847212020097,1.27829551008166,-2.07789882802337,0.799603317941689,2078.78997562588,-5845.53925574487,3766.74928011899
0.906979013715143,1.34598136121715,-2.06467400240501,0.71869264118784,2306.7662311419,-5880.8662722789,3574.100041137
0.907189218948866,1.44906129694154,-2.03628049605914,0.587219199117578,2661.85214227036,-5916.30981126461,3254.45766899425
0.907289681598742,1.49615213052256,-2.0195578328919,0.523405702369321,2827.65778336555,-5924.15620927306,3096.49842590751
0.907333282430966,1.51613169038537,-2.01167169722667,0.495540006841276,2898.76196270379,-5925.72494382353,3026.96298111975
0.907412487162413,1.55169133434333,-1.99638239347944,0.444691059136086,3026.51208769234,-5925.72729226727,2899.21520457493
0.907539856143339,1.60683945191434,-1.9692118405224,0.362372388608035,3227.94336815699,-5918.03451737606,2690.09114921907
0.907750612645499,1.69235870980383,-1.91737428228811,0.225015572484256,3549.59177528186,-5884.52177215125,2334.92999686939
0.907898156869179,1.74785854839924,-1.87605581954254,0.128197271143276,3765.67845062378,-5845.694854658,2080.01640403423
0.907969399245716,1.77332926820525,-1.8546489302495,0.0813196620442296,3867.18599646393,-5822.43723825431,1955.25124179038
0.90804337766307,1.7988360106586,-1.83143730133229,0.0326012906736663,3970.53404970431,-5795.19814036136,1824.66409065704
0.908152289086196,1.83460954973862,-1.7954723569107,-0.0391371928279485,4118.74263191829,-5749.40665451066,1630.66402259237
0.908211470475078,1.8531529444742,-1.77504209418022,-0.0781108502940135,4197.27690497639,-5721.69262267169,1524.4157176953
0.908321572008304,1.88593634060839,-1.73541153310486,-0.150524807503562,4339.47811347065,-5664.8834276899,1325.40531421925
0.908454028293923,1.92237798597188,-1.68499222436516,-0.237385761606745,4503.63671978847,-5587.570338115,1083.93361832652
0.908646187498785,1.96929604319667,-1.60670966332324,-0.362586379873453,4727.77834014649,-5458.29202428466,730.513684138165
0.908792391215933,2.00020555226822,-1.54319526160412,-0.457010290664129,4886.86664751705,-5346.55688800575,459.690240488696
0.908886213399431,2.0178269771553,-1.50070219471077,-0.517124782444562,4983.57286389113,-5268.87692277968,285.304058888556
0.909006306102632,2.03781894442682,-1.44441955800509,-0.593399386421757,5101.01026506687,-5162.78523495928,61.774969892404
0.909126398805833,2.05490938381956,-1.3860815435879,-0.668827840231691,5211.18239944054,-5049.3443562043,-161.838043236241
0.909308193399491,2.07520091572243,-1.29407243565225,-0.78112848007021,5363.74750967973,-4864.05649764486,-499.69101203487
0.909520115618634,2.09030639247006,-1.18153498633232,-0.908771406137764,5519.45715860713,-4628.14334634354,-891.313812263594
0.909619618253338,2.09421129095912,-1.12682184728039,-0.967389443678755,5584.21964811461,-4510.15864863449,-1074.06099948013
0.909660102826931,2.09521442963287,-1.10423915781897,-0.990975271813923,5609.01372726358,-4460.87833721756,-1148.13539004602
0.909730436111412,2.0961504675964,-1.06458787065313,-1.03156259694329,5649.92158078447,-4373.56053728196,-1276.36104350251
0.909846202271439,2.09546161590968,-0.998210933225283,-1.09725068268442,5711.22453549183,-4225.23018788665,-1485.99434760518
0.909923358960938,2.09346261107308,-0.953227475904811,-1.1402351351683,5747.89418840631,-4123.24074941631,-1624.65343899
0.910023454515584,2.08903633729342,-0.89404320674523,-1.19499313054821,5790.42491374374,-3987.33537425252,-1803.08953949122
0.910165589242748,2.0792040006568,-0.808511839389216,-1.27069216126761,5840.95890760297,-3787.64214201616,-2053.3167655868
0.910307723969913,2.06522630596274,-0.721368883435432,-1.34385742252733,5879.84676492544,-3580.39810829726,-2299.44865662818
0.910497929376784,2.04009162566643,-0.602565682262689,-1.43752594340376,5913.52827940396,-3292.04697119854,-2621.48130820542
0.910751910192224,1.99521663094589,-0.440728055284509,-1.5544885756614,5925.59215866339,-2889.08239639615,-3036.50976226724
0.911002764301295,1.93843833143589,-0.27812423046787,-1.66031410096804,5900.54187262692,-2473.038628862,-3427.50324376492
0.911183010455663,1.89016758071671,-0.160093008072584,-1.73007457264414,5859.9157225891,-2164.29290978947,-3695.62281279963
0.911303755932393,1.85442037411273,-0.0806874158008907,-1.77373295831186,5822.17070844472,-1953.45236702208,-3868.71834142264
0.911367087431264,1.83459694080663,-0.0389785677018128,-1.79561837310484,5799.01336257656,-1841.70363395568,-3957.30972862088
0.911461744685729,1.80362000749464,0.0233760027599128,-1.82699601025456,5760.12538616938,-1673.35614182139,-4086.76924434799
0.911589042195343,1.75945752642194,0.10717673058205,-1.866634257004,5699.80710270129,-1444.68497824314,-4255.12212445815
0.911716339704957,1.71248144160997,0.190805020195123,-1.9032864618051,5630.37103711656,-1213.70515949502,-4416.66587762154
0.911843637214571,1.66276610852173,0.274128805667915,-1.93689491418966,5551.92767678856,-980.781774676756,-4571.1459021118
0.912039537357255,1.58112196537614,0.401406525437696,-1.98252849081384,5413.96164891478,-619.533561293887,-4794.4280876209
0.912171532825001,1.522695017313,0.486368811939278,-2.00906382925228,5309.37233793208,-374.631379307059,-4934.74095862502
0.912235434476623,1.49345426410951,0.527220821789976,-2.02067508589949,5255.43157447756,-255.77826163255,-4999.65331284501
0.912334383251065,1.44699872295689,0.590044201452942,-2.03704292440983,5167.74393990188,-71.5786127366159,-5096.16532716526
0.912453572499279,1.38919333842183,0.664948035007281,-2.05414137342911,5055.50457214777,150.353412199031,-5205.8579843468
0.912606407935086,1.31224333114257,0.759602467908916,-2.07184579905149,4901.25408062039,434.537745877171,-5335.79182649756
0.912824859543979,1.19709771045727,0.891746151288937,-2.0888438617462,4661.36083525312,838.661213885159,-5500.02204913828
0.912946592384854,1.13041228262088,0.963646312461372,-2.09405859508224,4518.00073477979,1062.40625047886,-5580.40698525865
0.91300493718539,1.09785112158094,0.997621707017374,-2.09547282859831,4446.91738841921,1169.13810184763,-5616.05549026684
0.913113277360907,1.0364292968837,1.05980061100018,-2.09622990788387,4311.00007907842,1366.22130772517,-5677.22138680359
0.913221617536423,0.973808724794555,1.12074921279387,-2.09455793758842,4170.09096987112,1561.71408956166,-5731.80505943278
0.913365617349057,0.888855927287286,1.19972469584434,-2.08858062313162,3975.38075148033,1818.67349088008,-5794.05424236041
0.913509617161691,0.802084389500817,1.27624494923356,-2.07832933873437,3772.53533860805,2071.91060363121,-5844.44594223926
0.913653616974326,0.713670495277968,1.35015450030511,-2.06382499558306,3561.96728669178,2320.91081372833,-5882.87810042011
0.913843938684227,0.594636014164537,1.44355132677943,-2.03818734094395,3272.62933541995,2642.55607232155,-5915.18540774149
0.914099223124683,0.431793000202678,1.56061086847341,-1.99240386867607,2866.56973941173,3058.75665733799,-5925.32639674972
0.914346391231539,0.271463972929761,1.66441035024133,-1.93587432317107,2455.83312136052,3443.06135261217,-5898.89447397268
0.914523956957138,0.155149580594508,1.73286939840911,-1.88801897900359,2151.30929373539,3706.63932662763,-5857.94862036302
0.914640937081272,0.0782096165854389,1.77505159506019,-1.8532612116456,1946.90342544567,3874.08936880916,-5820.99279425483
0.914704119831463,0.0365968232883475,1.79684374435272,-1.83344056764104,1835.37267790093,3962.38003611641,-5797.75271401733
0.914797322484954,-0.0248009742266376,1.82769015871636,-1.8028891844897,1669.56304323077,4089.74046718922,-5759.30351041999
0.914926343260562,-0.109734140511909,1.86779209551604,-1.7580579550041,1437.73596429402,4260.20567499999,-5697.94163929401
0.91505536403617,-0.194485797728948,1.90482464359,-1.71033884586102,1203.5491637425,4423.66771955421,-5627.21688329671
0.915184384811777,-0.278918554595472,1.93872795070356,-1.65980939610805,967.382638627936,4579.86214594043,-5547.24478456836
0.91538252238284,-0.407592833325393,1.98455546963078,-1.57696263630535,601.881034628673,4804.90832496681,-5406.78935959548
0.91550569378315,-0.48685270796903,2.00919171845757,-1.5223390104885,373.305159873531,4935.53883728038,-5308.84399715392
0.915532904249929,-0.504273893992171,2.01423141271899,-1.50995751872678,322.705476465076,4963.41609522164,-5286.12157168672
0.915615247502769,-0.556755537780493,2.02858137725435,-1.47182583947382,169.476692716122,5045.54468495264,-5215.02137766876
0.915728358379584,-0.628221209597259,2.04607442491067,-1.41785321531337,-41.1382703080399,5152.82468091828,-5111.68641061024
0.915909111007642,-0.740701456963235,2.06864820298804,-1.32794674602476,-377.3702412305,5310.64249367989,-4933.27225244939
0.91615679028714,-0.89080398144844,2.08872877342472,-1.19792479197623,-835.67320017838,5498.91450485793,-4663.24130467955
0.916249047707035,-0.945443040841822,2.09299018579039,-1.14754714494853,-1005.4168175878,5560.66789150495,-4555.25107391715
0.916363145797638,-1.01190397615721,2.09582643384128,-1.08392245768403,-1214.13202673931,5630.55939183476,-4416.42736509545
0.916477243888242,-1.07706168818343,2.09596891329101,-1.01890722510754,-1421.27820161466,5693.20975034897,-4271.93154873431
0.916591341978846,-1.14083452966293,2.09341783367201,-0.952583304009032,-1626.59534551118,5748.54141632289,-4121.94607081171
0.916705440069449,-1.20314122769338,2.0881766017972,-0.885035374103769,-1829.8215975821,5796.48433850894,-3966.66274092683
0.916819538160053,-1.26390185819871,2.08025197726827,-0.816350119069518,-2030.69618507299,5836.97718653576,-3806.28100146277
0.916933636250657,-1.32303835649533,2.06965414178061,-0.74661578528523,-2228.96098056214,5869.96800372399,-3641.00702316184
0.917103777871964,-1.40801814403174,2.04892101821115,-0.64090287417936,-2519.13493080658,5905.13174116167,-3385.99681035509
0.917222706472182,-1.46505985223447,2.03094509917009,-0.565885246935566,-2717.79361908616,5919.70412042841,-3201.91050134224
0.917301832439412,-1.50188879971569,2.01741073998029,-0.515521940264549,-2847.90171871748,5924.82214375059,-3076.92042503311
0.91741915077079,-1.55477100311753,1.99505415877435,-0.440283155656765,-3037.51767370814,5925.66742125591,-2888.14974754777
0.917536469102168,-1.6055399865366,1.96998743568498,-0.36444744914832,-3223.00301134799,5918.46078004704,-2695.45776869905
0.917719944397606,-1.68051464994979,1.92544788779593,-0.244933237846085,-3504.11996052107,5891.08629199905,-2386.96633147798
0.917893655475995,-1.74636276573739,1.8773807631533,-0.131017997415853,-3759.57892761011,5847.13635871103,-2087.55743110092
0.917978643169852,-1.77671132764194,1.85180681171989,-0.0750954840778903,-3880.58850232527,5819.27060145417,-1938.6820991289
0.918070450684532,-1.80806911387873,1.8226987884796,-0.0146296746008074,-4008.1886410927,5784.5067083998,-1776.3180673071
0.918162258199212,-1.83792158562335,1.79207462924026,0.0458469563831486,-4132.44961149544,5744.9287487779,-1612.47913728246
0.918233018471454,-1.85988916216758,1.76745082699116,0.0924383351764829,-4225.88678772948,5711.15747269532,-1485.27068496584
0.918350744759754,-1.89438960016274,1.72455986108407,0.169829739078725,-4376.66628994256,5648.73201476097,-1272.06572481841
0.918501764482324,-1.9348394653211,1.66610255322636,0.268736912094795,-4561.26169216996,5557.36469306354,-996.103000893575
0.918713339914564,-1.98414734387057,1.57796162688555,0.406185716985077,-4802.43385280979,5408.43521797216,-606.001365162364
0.918827653571257,-2.0071706301547,1.52738519461019,0.479785435544576,-4924.05639962477,5317.93734220171,-393.880942576938
0.9188963812708,-2.01977035221638,1.49601989634745,0.523750455868993,-4994.14175597986,5260.20856314965,-266.066807169788
0.919004895587904,-2.03774103827783,1.44509021845184,0.592650819826054,-5100.02684369922,5164.0897847711,-64.062941071883
0.919113409905007,-2.05334258206977,1.39248194592973,0.660860636140099,-5199.97977470573,5061.96927409358,138.010500612157
0.919293047204537,-2.07390902608356,1.30189600821328,0.772013017870339,-5352.05473396715,4880.10587810115,471.948855865995
0.919549251194308,-2.09179380776984,1.16567953357907,0.926114274190831,-5539.26030187374,4594.1732240665,945.08707780724
0.919669214674091,-2.09552587603684,1.09918714791294,0.996338728123963,-5614.74425466137,4449.82020224648,1164.92405241488
0.919717235458087,-2.09618582840422,1.07212119461929,1.02406463378498,-5642.73652706718,4390.23861393529,1252.49791313189
0.919795472851328,-2.09623831391699,1.02750989766789,1.06872841624916,-5685.58005687639,4291.04238125391,1394.53767562249
0.919917121182226,-2.09380409287858,0.956934484745899,1.13686960813273,-5745.34919864553,4131.70394653158,1613.64525211395
0.920038769513125,-2.08831161779962,0.884962727311482,1.20334889048819,-5796.7235015144,3966.33246496986,1830.39103654454
0.920160417844023,-2.07976903609042,0.811697675152111,1.26807136093837,-5839.63052959451,3795.16521894434,2044.46531065017
0.920282066174922,-2.06818880773692,0.737246444077283,1.33094236365969,-5874.00750577664,3618.45250827116,2255.55499750547
0.920457737513598,-2.04614597457498,0.62788988319254,1.4182560913825,-5908.48981602977,3354.07649452292,2554.41332150684
0.920705179206382,-2.00456941600538,0.470772641114529,1.5337967748909,-5926.52942352352,2964.76806766671,2961.76135585681
0.921007483294703,-1.93741848819183,0.27516379879958,1.6622546893923,-5900.07237303172,2465.38608676313,3434.68628626859
0.921167989340632,-1.89458374881968,0.170054281516101,1.72452946730362,-5864.38546255122,2190.59146786269,3673.79399468853
0.921328495386561,-1.84693327521621,0.064515999492689,1.78241727572357,-5813.78666240475,1910.23512939385,3903.5515330109
0.92148900143249,-1.794589347534,-0.0411807965838444,1.83577014411789,-5748.40535920208,1625.03470890944,4123.37065029264
0.921577336597197,-1.76381654135237,-0.0993428390852193,1.86315938043763,-5706.1605709094,1466.21184497421,4239.94872593519
0.921665671761905,-1.73168577410359,-0.157426531229405,1.88911230533304,-5659.51881149078,1306.2634397658,4353.25537172498
0.921790042538211,-1.68419927238114,-0.238976548083688,1.92317582046486,-5586.47659580412,1079.42189816888,4507.05469763524
0.921991215433559,-1.60201336613401,-0.37000256964374,1.97201593577778,-5450.38417305275,709.322163642214,4741.06200941054
0.922126647246592,-1.54304065188599,-0.457443493888148,2.00048414577417,-5346.43667828741,458.386952154825,4888.04972613259
0.922171587167171,-1.52284221582028,-0.486293992362494,2.00913620818281,-5309.78267084552,374.883853631353,4934.89881721417
0.922281419191111,-1.47221869985893,-0.556368886234927,2.02858758609389,-5215.77799054427,170.567243698531,5045.21074684574
0.922311815159557,-1.45789396673863,-0.575651693268335,2.033545660007,-5188.65503095944,113.967133982677,5074.68789697677
0.922366984955883,-1.43155649563608,-0.610513585488936,2.04207008112504,-5138.22029595977,11.2178632894707,5127.0024326703
0.922422154752209,-1.40478910988524,-0.645191643173654,2.04998075305892,-5086.24134313062,-91.5338275708808,5177.7751707015
0.922546820317178,-1.34277407172616,-0.722806783433865,2.06558085516005,-4963.2051682683,-323.523065041409,5286.72823330971
0.922766654535335,-1.22852241506203,-0.856823395581239,2.08534581064329,-4727.95019568178,-730.955529224057,5458.90572490583
0.922907417773284,-1.15221977330406,-0.940571119453264,2.09279089275734,-4565.33064921879,-990.256044886136,5555.58669410493
0.92298841707245,-1.10726928580973,-0.987952534300945,2.0952218201107,-4467.65906784141,-1138.66285992581,5606.32192776723
0.923057394941991,-1.06842338224968,-1.02779847461703,2.09622185686673,-4382.19800491129,-1264.4662142945,5646.6642192058
0.923157636445173,-1.01108765506259,-1.08483199992355,2.09591965498616,-4254.35689935023,-1446.19330585277,5700.550205203
0.92321784255529,-0.976161829732854,-1.11857679207355,2.09473862180642,-4175.52854399118,-1554.67371654859,5730.20226053977
0.923334172316338,-0.907711472802361,-1.18262280228168,2.09033427508405,-4019.03453195457,-1762.63324446736,5781.66777642193
0.923409019568054,-0.863017553181045,-1.22300577802723,2.08602333120828,-3915.47971411899,-1895.22530346612,5810.70501758511
0.923521563499975,-0.79493123831855,-1.28244021775612,2.07737145607468,-3755.730151353,-2092.57715750234,5848.30730885534
0.923660457739999,-0.709553185341669,-1.35356325194089,2.06311643728256,-3552.15054019339,-2332.47320657691,5884.62374677029
0.92386610244847,-0.580761407547853,-1.45405633290663,2.03481774045448,-3238.55550481708,-2679.23848672802,5917.7939915451
0.924136211468184,-0.408095668797253,-1.57670548179767,1.98480115059492,-2806.59146840343,-3117.27276741147,5923.8642358149
0.924406320487899,-0.232497766630122,-1.68801719863312,1.92051496526324,-2354.46910185633,-3532.90349027983,5887.37259213616
0.92454663217685,-0.140442307318544,-1.74115773497419,1.88160004229273,-2112.4630103718,-3739.19752674963,5851.66053712143
0.924686943865802,-0.0481199347479363,-1.79091047831013,1.83903041305806,-1866.36539167425,-3938.20909114012,5804.57448281437
0.924827255554753,0.0442904966882815,-1.83717967794502,1.79288918125672,-1616.65349961806,-4129.5537641495,5746.20726376756
0.924880481399319,0.079343694454028,-1.85380743272477,1.77446373827073,-1521.04898940363,-4200.08058786584,5721.12957726948
0.924972308759941,0.139752855116288,-1.88126868598956,1.74151583087326,-1355.1451548178,-4318.96561642012,5674.11077123792
0.925154146136836,0.258933149591223,-1.93098402486277,1.67205087527153,-1023.56628765125,-4543.58423245149,5567.15052010274
0.925398983998371,0.417919060660171,-1.98791548519572,1.56999642453553,-572.261580553984,-4822.34577832843,5394.60735888242
0.925475308876448,0.467072127703187,-2.00329294968989,1.53622082198668,-430.605995814717,-4903.58279901739,5334.18879483211
0.925601012594841,0.547406124281305,-2.02609689616495,1.47869077188362,-196.86119543941,-5031.1722947788,5228.03349021821
0.925726716313234,0.626881786391285,-2.04573910420928,1.41885731781797,37.178309978879,-5150.90519163321,5113.72688165433
0.92588094633415,0.723030064484065,-2.06547374100061,1.34244367651652,324.169343748002,-5286.79355047088,4962.62420672288
0.926099865110296,0.856481458788353,-2.08514207637338,1.22866061758499,729.894463726304,-5458.22677679744,4728.33231307114
0.926260784517362,0.952067084762507,-2.09332261321379,1.14125552845125,1026.14983830581,-5567.87738335811,4541.7275450523
0.926320733484917,0.987084409194519,-2.09500459799191,1.10792018879736,1135.93951431627,-5605.12167191271,4469.18215759644
0.926369392936098,1.01524883170012,-2.09582288493446,1.0805740532343,1224.7546564875,-5633.88749920385,4409.13284271634
0.926481559198452,1.07924377246233,-2.09584213108089,1.01659835861853,1428.31983853384,-5695.15403705773,4266.83419852389
0.926536826998518,1.11029211066067,-2.09489402183942,0.984601911178712,1527.99916234262,-5722.7478029067,4194.74864056408
0.926649176856317,1.17235573390812,-2.09102005630695,0.918664322398786,1729.14455009243,-5773.50266507206,4044.35811497963
0.926761526714116,1.23295736658002,-2.08454069831904,0.851583331738979,1928.13126911091,-5817.06131285856,3888.93004374765
0.926873876571915,1.29202288547657,-2.07546397915366,0.783441093677047,2124.71579816772,-5853.37085042678,3728.65505225905
0.927015770195767,1.36430126442788,-2.06030842752928,0.696007163101363,2369.14871257988,-5888.79540232026,3519.64668974039
0.927225941510855,1.46629364077441,-2.03035935278431,0.564065712009848,2722.26275093136,-5919.73760317543,3197.47485224407
0.927297132537072,1.49944001127492,-2.01819313973662,0.518753128461654,2839.34855033899,-5924.38076101754,3085.03221067856
0.927398784854999,1.54545743283783,-1.9990744524417,0.453617019603822,3004.03104583356,-5925.86862172066,2921.83757588711
0.927500437172927,1.58989650021854,-1.97791689929064,0.388020399072051,3165.64231711069,-5921.30936992931,2755.66705281862
0.927669123349582,1.66001813961735,-1.93837802422314,0.278359884605738,3426.54024315026,-5900.42486252462,2473.88461937436
0.927873601093547,1.73873006657015,-1.88317746916417,0.144447402593973,3729.75083884378,-5852.91968361597,2123.16884477219
0.927938733282548,1.76232970924486,-1.86393793336487,0.101608224119959,3823.23298706334,-5832.69426021774,2009.4612731544
0.928060607931069,1.80448775042155,-1.82585476401436,0.0213670135927665,3993.78024633284,-5788.30020407004,1794.5199577372
0.92818248257959,1.84399768418317,-1.78509601331189,-0.0589016708713255,4158.46190406799,-5735.41917637066,1576.95727230267
0.928256977007394,1.86682388450847,-1.75888541875284,-0.107938465755685,4256.15076556082,-5698.94291126697,1442.79214570615
0.92834773760474,1.89324925456952,-1.72565247087074,-0.167596783698833,4372.0063727907,-5650.28567335158,1278.27930056088
0.928489674814383,1.93147213590572,-1.67088890781813,-0.260583228087642,4545.98804653793,-5565.01258211092,1019.02453557299
0.928711117384068,1.98338253454458,-1.57890204338477,-0.40448049115986,4799.12501343798,-5410.0262824268,610.901268988825
0.928818060250052,2.00504711662704,-1.53168346565912,-0.473363650967976,4913.2164805103,-5325.7039471644,412.487466654101
0.928854513395174,2.01191709008033,-1.51518689209468,-0.496730197985706,4950.85259222288,-5295.5757691346,344.723176911719
0.928954916780127,2.02946791098023,-1.46873726661375,-0.56073064436654,5051.12000791485,-5209.02715139602,157.907143481164
0.92905532016508,2.04499771598423,-1.42082820387566,-0.62416951210863,5146.35304611257,-5117.29715498654,-29.055891126025
0.929215065499601,2.06549993280538,-1.34172864661445,-0.723771286190991,5287.24065101609,-4960.93265204839,-326.3079989677
0.929449142999004,2.08612369234099,-1.21983812349121,-0.866285568849843,5469.45631085398,-4709.49407209169,-759.962238762289
0.929592515799509,2.09320041461303,-1.14183451116766,-0.951365903445425,5566.59303531306,-4542.73282092422,-1023.86021438884
0.929683626210587,2.09549213202014,-1.09103807351677,-1.00445405850343,5622.47827134996,-4431.92003338554,-1190.55823796441
0.929800288330827,2.09591835480241,-1.02470457296937,-1.07121378183309,5687.29092751621,-4284.75660040792,-1402.53432710829
0.929916950451067,2.09352839777282,-0.956995899752052,-1.13653249802083,5744.45860928373,-4131.83863914029,-1612.61997014344
0.930033612571307,2.0883256962242,-0.888001613871759,-1.2003240823525,5793.906736214,-3973.36888093589,-1820.53785527811
0.930074657257518,2.08582706859178,-0.863433173204142,-1.22239389538769,5809.45946176558,-3916.32051166323,-1893.13895010235
0.930161263189216,2.0794175417466,-0.811132807862549,-1.2682847338841,5839.09736299559,-3793.83427951917,-2045.26308347642
0.930284495199548,2.06764586250809,-0.735699612589889,-1.33194624991826,5873.80361538061,-3614.75325579896,-2259.05035958164
0.930485580520792,2.0418020654958,-0.610347387574167,-1.43145467792169,5911.49598422907,-3311.15585524204,-2600.34012898704
0.930753403154409,1.99477976749991,-0.439793171407145,-1.55498659609282,5925.07433276649,-2886.75032738614,-3038.32400538035
0.931021225788026,1.93365566211604,-0.266131077820369,-1.66752458429572,5896.79179807927,-2441.95672965089,-3454.83506842838
0.931187889524478,1.88865111426168,-0.156938261944418,-1.73171285231731,5858.10761408776,-2156.00204584314,-3702.10556824462
0.931314025182759,1.85113368405388,-0.0739792948019927,-1.77715438925193,5818.13648439779,-1935.56651636097,-3882.56996803682
0.931381324288091,1.82991913048286,-0.0296536228976161,-1.8002655075853,5793.06008454376,-1816.66721296242,-3976.39287158134
0.931468093880046,1.80136305648942,0.0275069415508734,-1.82886999804034,5756.90749589403,-1662.19209021931,-4094.71540567473
0.9315952671897,1.75710393310177,0.111220815557244,-1.86832474865906,5696.20340099228,-1433.62431588222,-4262.57908511007
0.931722440499354,1.71004042196698,0.194755709827883,-1.90479613179491,5626.40425346201,-1202.77101095502,-4423.63324250699
0.931849613809008,1.6602467078472,0.277980304105982,-1.93822701195323,5547.62075305274,-969.995465143951,-4577.62528790879
0.932047319361525,1.57763530121382,0.406383283342227,-1.98401858455608,5407.66015802794,-605.321643839523,-4802.33851418842
0.932172429541639,1.52217157661217,0.486893203477643,-2.00906478008986,5308.24154894094,-373.160646671773,-4935.08090226917
0.932208289515829,1.50583158085675,0.509843529783627,-2.01567511064042,5278.21657323977,-306.47382257494,-4971.74275066483
0.932262316830819,1.48085505204459,0.544294684707689,-2.02514973675232,5231.71889567174,-205.940073290559,-5025.77882238118
0.932341463496133,1.44350038834169,0.594473267438359,-2.03797365578009,5160.88838419187,-58.5774095985977,-5102.31097459327
0.932463419168996,1.38421087355783,0.671050037264355,-2.05526091082223,5045.53022908731,168.494899233372,-5214.02512832068
0.932632523519801,1.29867654612501,0.775552576120157,-2.0742291222452,4873.39523495435,482.798284122958,-5356.19351907731
0.932865446320942,1.17496746398961,0.915788472273445,-2.09075593626308,4614.00782194525,913.114583560711,-5527.12240550596
0.932929279598498,1.13990369807353,0.953435031795217,-2.09333872986877,4538.47776586111,1030.40724064244,-5568.88500650355
0.933049344334596,1.07273718025685,1.02317535039388,-2.09591253065076,4391.52360458753,1249.80700650517,-5641.3306110927
0.933169409070693,1.00404763554485,1.09145557636462,-2.0955032119095,4238.32590641203,1467.41550160016,-5705.74140801219
0.933248286039951,0.958131092390457,1.1354798205151,-2.09361091290558,4134.3690710889,1609.2780340822,-5743.64710517111
0.933353828321342,0.895781803228361,1.19328601686801,-2.0890678200964,3991.31868434427,1797.52008432516,-5788.83876866943
0.933494793917789,0.810994925066574,1.26842429206865,-2.07941921713524,3793.46771115498,2045.78373230979,-5839.25144346478
0.933635759514236,0.724617818634956,1.34107461688275,-2.06569243551773,3588.17694970102,2290.0337599401,-5878.21070964112
0.933823623780185,0.607353676014934,1.43375942219633,-2.04111309821128,3303.79241796635,2608.40101202643,-5912.19342999278
0.934075536025448,0.446942740703817,1.55009531020839,-1.99703805091222,2904.78020612179,3020.66434502964,-5925.44455115143
0.934380016512374,0.249520706554121,1.67763288961852,-1.92715359617265,2398.76524364615,3493.2728231283,-5892.03806677445
0.934515102211079,0.160965002411633,1.72945499546287,-1.89041999787451,2166.63753129423,3693.28685885278,-5859.92439014701
0.934650187909784,0.0721259447430633,1.77815671716674,-1.85028266190981,1930.62172494287,3886.62899524703,-5817.2507201899
0.934710467313241,0.0324228730166444,1.79886473175677,-1.83128760477342,1824.13167080482,3970.682738526,-5794.81440933082
0.934796638114204,-0.0243437980032893,1.82734112508549,-1.80299732708221,1670.79095525304,4088.34289383599,-5759.13384908903
0.934922903036102,-0.107465279484805,1.86663494131853,-1.75916966183373,1443.95918822429,4255.28093673663,-5699.24012496092
0.935049167958,-0.190416229661124,1.902990529723,-1.71257430006188,1214.85789346757,4415.51791422149,-5630.37580768906
0.935175432879898,-0.273068136939906,1.93635175824566,-1.66328362130576,983.842400922809,4568.80615530809,-5552.6485562309
0.935370865159261,-0.400054924773164,1.98194472978706,-1.58188980501389,623.490746121833,4791.72094842973,-5415.21169455156
0.935505075568584,-0.486447620683349,2.00894951308067,-1.52250189239732,374.493327289849,4934.44737509838,-5308.94070238823
0.935573707086004,-0.530314198995559,2.02138528382438,-1.49107108482882,246.841818823235,5004.07824296762,-5250.92006179085
0.935672364473901,-0.592926953848376,2.03761080425424,-1.44468385040586,63.1801512483435,5100.07260097854,-5163.25275222688
0.935793782071032,-0.669187586468232,2.05488821120618,-1.38570062473794,-162.892303254705,5211.46183277843,-5048.56952952373
0.935987633483093,-0.788832506876425,2.0762565663382,-1.28742405946177,-523.066024844153,5373.45600738355,-4850.3899825394
0.936190614278495,-0.91095979428127,2.09037934811189,-1.17941955383061,-898.068766105103,5521.71016784434,-4623.64140173923
0.936294641825156,-0.972184025311335,2.09433066437223,-1.12214663906088,-1089.05640339586,5589.07209129783,-4500.01568790197
0.936359762344134,-1.0099893736564,2.09566558364356,-1.08567620998714,-1208.04641253098,5628.20841177443,-4420.16199924344
0.936467303204818,-1.07147807724054,2.09594835177835,-1.0244702745378,-1403.384792809,5687.65937187182,-4284.27457906282
0.936574844065503,-1.13174169604087,2.09383799343948,-0.962096297398596,-1597.11516150574,5740.61297370074,-4143.497812195
0.936704995011804,-1.20293447298531,2.0880875569518,-0.885153083966473,-1829.09565571191,5795.92220459316,-3966.82654888126
0.936835145958105,-1.27211616366222,2.07884591640711,-0.80672975274488,-2058.01813243931,5841.53973993687,-3783.52160749757
0.936965296904406,-1.33917157629764,2.06612847684493,-0.726956900547273,-2283.50135453331,5877.3897627084,-3593.8884081751
0.937147929757356,-1.4294409279785,2.04246993393562,-0.613029005957107,-2593.30014375283,5911.10601754949,-3317.80587379666
0.93726454779407,-1.48465905671745,2.02383493676547,-0.539175880048007,-2786.78764949679,5922.46869279183,-3135.68104329504
0.937299026436666,-1.5006104229119,2.01780226466541,-0.517191841753496,-2843.30329680994,5924.30611415053,-3081.00281734058
0.937385018875452,-1.53961696496658,2.00172790245286,-0.462110937486264,-2982.76804800231,5925.85631679731,-2943.088268795
0.937471011314238,-1.57749778546385,1.98419261005708,-0.406694824593204,-3120.04871166133,5923.07842059762,-2803.02970893629
0.937634329015384,-1.64622682618743,1.94692403863633,-0.300697212448876,-3374.34057335378,5905.90594821683,-2531.56537486305
0.93788002019006,-1.74134799169303,1.88127618200951,-0.139928190316455,-3739.74514083919,5850.8541365239,-2111.10899568471
0.937997448296511,-1.7832213897904,1.8458900531946,-0.0626686634041829,-3906.80722889984,5812.18994724378,-1905.38271834394
0.938114876402961,-1.822666930827,1.80799141523948,0.0146755155875467,-4068.54854644323,5765.61263360942,-1697.06408716619
0.938232304509411,-1.8596302993964,1.7676324689094,0.0919978304870269,-4224.74607981369,5711.18592486111,-1486.43984504742
0.938349732615862,-1.89406196707047,1.7248677567676,0.169194210302899,-4375.19007887385,5648.98385070445,-1273.7937718306
0.938467160722312,-1.92591552936047,1.67975522226997,0.246160307090519,-4519.67752548069,5579.09107604196,-1059.41355056127
0.938648880702729,-1.97001253611014,1.60548338525334,0.364529150856827,-4731.00831791883,5456.03970541347,-725.031387494638
0.938795475640903,-2.00092126107217,1.54173198935418,0.459189271718015,-4890.32046942197,5343.77795914714,-453.457489725173
0.938863650874978,-2.01385867126423,1.51095072529958,0.502907945964674,-4960.92214231792,5287.67369625736,-326.751553939439
0.938920783770209,-2.02398885453758,1.4846205642919,0.539368290245708,-5018.33500986788,5238.78598403269,-220.450974164808
0.93902325433915,-2.04051913881198,1.43620979749927,0.604309341312738,-5117.22861928024,5146.89564175631,-29.6670224760719
0.93917134164675,-2.06066270913381,1.36364599383993,0.697016715293905,-5250.71980582219,5004.7262526197,245.993553202487
0.939391154848607,-2.08231883878146,1.25059274216419,0.831726096617296,-5427.75829924603,4773.93014635445,653.828152891579
0.939556453511461,-2.0920767268315,1.16158906260803,0.930487664223488,-5543.94281047422,4585.2588802059,958.683930268324
0.939664057553768,-2.09540085163004,1.10193264456768,0.993468207062387,-5611.58541056338,4455.72136256699,1155.86404799639
0.939793398957797,-2.09622618501932,1.02857233969574,1.0676538453236,-5684.38661105196,4293.30541688228,1391.08119416968
0.939922740361825,-2.09359015458728,0.953514902419112,1.14007525216819,-5747.79853914645,4123.8017246463,1623.99681450015
0.940052081765854,-2.0874973356057,0.876882951625963,1.21061438397977,-5801.71860847069,3947.48764417657,1854.23096429411
0.940181423169882,-2.0779578442732,0.798802735019895,1.27915510925333,-5846.05832094314,3764.65383963438,2081.40448130876
0.940310764573911,-2.06498743609079,0.719403152556063,1.34558428353475,-5880.74454505011,3575.6022309962,2305.14231405391
0.940497129327666,-2.04031682462099,0.602978828876188,1.43733799574482,-5913.62679784973,3292.98895439652,2620.63784345321
0.940754344674924,-1.99482934500398,0.43907207178163,1.55575727322237,-5925.72143116479,2884.83711368882,3040.88431747597
0.941004715208454,-1.9380533008517,0.27675957227422,1.66129372857749,-5900.39915533071,2469.44500379916,3430.95415153155
0.941184897719526,-1.88973386543563,0.158760781345666,1.73097308408998,-5859.5865866436,2160.72565571485,3698.86093092875
0.941305425634495,-1.85401115573203,0.0794944441314668,1.77451671160058,-5821.78582796861,1950.21876595296,3871.56706201565
0.941368490413308,-1.83425341872173,0.0379600333419243,1.79629338537983,-5798.67032468677,1838.92112860394,3959.74919608283
0.941463135857118,-1.80325640502588,-0.0243877861505505,1.82764419117644,-5759.71158794784,1670.5697039215,4089.14188402634
0.941590432537251,-1.75906281210595,-0.108188058161612,1.86725087026757,-5699.29325974535,1441.87006997611,4257.42318976924
0.941717729217384,-1.71205644642354,-0.191814424429732,1.90387087085329,-5629.75831562647,1210.86576484007,4418.8925507864
0.941845025897517,-1.66231170864839,-0.275134828411281,1.93744653705969,-5551.21740118867,977.921905128819,4573.29549605985
0.942041340452827,-1.5804445480986,-0.402672789402369,1.98311733750097,-5412.78958781606,615.881492774468,4796.90809504159
0.94217317503527,-1.52205367433324,-0.487522906860797,2.00957658119405,-5308.20679909908,371.263332094464,4936.94346700462
0.942235720354084,-1.49342431069674,-0.527505592453781,2.02092990315053,-5255.3789185213,254.928980862626,5000.44993765867
0.942334805687639,-1.44689934267079,-0.590414677298921,2.03731401996972,-5167.55166978123,70.4721809365254,5097.07948884471
0.942433891021195,-1.39897329864917,-0.652749861770708,2.05172316041988,-5074.71670598349,-114.04843747435,5188.76514345784
0.942567341901205,-1.33230032981977,-0.735682458618062,2.06798278843783,-4941.94513241573,-362.324861707683,5304.26999412342
0.942773297490613,-1.22489502751437,-0.86103186927607,2.08592689679044,-4720.17163312215,-743.929311700214,5464.10094482236
0.942917246646866,-1.14672690707521,-0.946567544008164,2.09329445108337,-4553.32337775649,-1008.9934579869,5562.31683574339
0.943019265041353,-1.08988671253573,-1.0060390376492,2.09592575018492,-4429.39048007396,-1195.671175163,5625.06165523696
0.94312128343584,-1.03192783635966,-1.06447576450561,2.09640360086526,-4300.90763881332,-1381.1169476874,5682.02458650071
0.943223301830328,-0.972909684144847,-1.12181795634006,2.09472764048491,-4168.0067048161,-1565.14093267984,5733.14763749593
0.943365451515613,-0.889036673652951,-1.19976906089554,2.08880573454848,-3975.74860218839,-1818.78896213908,5794.53756432746
0.943507601200898,-0.803391631136115,-1.27532722656245,2.07871885769856,-3775.56347116118,-2068.80860438896,5844.37207555014
0.943649750886184,-0.716143782729503,-1.34834330015794,2.06448708288743,-3567.84717913143,-2314.70615090837,5882.5533300398
0.943838392402885,-0.598215677252256,-1.44104067392596,2.0392563511782,-3281.35577345585,-2633.73758974098,5915.09336319683
0.944092335327638,-0.436305803679535,-1.55772262083802,1.99402842451754,-2877.89808323473,-3048.20616503489,5926.10424826963
0.944342124841039,-0.274329163012144,-1.66284324599617,1.93717240900829,-2463.17916052887,-3437.02715410716,5900.20631463602
0.94452137952634,-0.156922697955952,-1.73205666201061,1.88897935996654,-2155.89981269459,-3703.3290030857,5859.2288157803
0.944640852618604,-0.0783456404358299,-1.77516573262783,1.85351137306364,-1947.17077332905,-3874.40787230171,5821.57864563076
0.944704424517138,-0.0364763131615353,-1.79709140618369,1.8335677193452,-1834.95063943339,-3963.24134894857,5798.19198838196
0.944798506031961,0.0255005371584886,-1.82821682369438,1.80271628653586,-1667.56430611287,-4091.77693205053,5759.3412381634
0.944926504668858,0.109761003897863,-1.86798656368289,1.758225559785,-1437.55738769909,-4260.86023788674,5698.41762558583
0.945054503305756,0.193842704188706,-1.90473527153937,1.71089256735063,-1205.22832602045,-4423.05057838394,5628.27890440439
0.945182501942653,0.277611426982503,-1.93840446512489,1.66079303814236,-970.948307286415,-4578.08958309086,5549.03789037727
0.945380063144595,0.405927002261431,-1.98418343406251,1.57825643180105,-606.538390907113,-4802.68553945752,5409.22393036463
0.945507205717497,0.487743179925576,-2.00962610604824,1.52188292612264,-370.599918818401,-4937.55617832403,5308.15609714243
0.945553389331253,0.517285388075621,-2.01807881796901,1.50079342989336,-284.704776315742,-4984.62173934591,5269.32651566165
0.945649307007204,0.578275380796871,-2.03427113854415,1.45599575774725,-106.169950711074,-5078.98837840505,5185.15832911612
0.945745224683155,0.638737636561853,-2.0486151433577,1.40987750679581,72.4544160704363,-5168.73709593817,5096.28267986773
0.945913320521019,0.74323225345298,-2.06925182291936,1.32601956946635,385.137714449805,-5314.60606050721,4929.46834605741
0.946160621135091,0.893027916497285,-2.08909992093359,1.19607200443627,842.690396037578,-5502.06622240042,4659.37582636284
0.946251837196988,0.947022733560792,-2.09325141098211,1.14622867742128,1010.4909530309,-5562.95825644949,4552.46730341859
0.946365614371906,1.01326789082317,-2.09601854162189,1.08275065079868,1218.58740204393,-5632.4890615898,4413.90165954588
0.946479391546823,1.07821549541619,-2.09610702944246,1.01789153402623,1425.11835516872,-5694.81787851265,4269.69952334393
0.946593168721741,1.14178451108378,-2.09351712034673,0.951732609262914,1629.82572674997,-5749.86780721131,4120.04208046134
0.946706945896659,1.20389433784775,-2.08825224156428,0.884357903716482,1832.44977872037,-5797.56947635028,3965.11969762991
0.946820723071576,1.26446574184451,-2.08031914363147,0.815853401786907,2032.73194389404,-5837.86219050579,3805.13024661175
0.946934500246494,1.3234213380643,-2.06972796280448,0.746306624740134,2230.41630152025,-5870.69453861405,3640.2782370938
0.947104704264687,1.40841205481966,-2.04895736544718,0.640545310627473,2520.66294738787,-5905.78510311191,3385.12215572404
0.947222853385345,1.4650713881523,-2.03108717546384,0.566015787311489,2718.00548110979,-5920.22679917573,3202.22131806594
0.947301327282637,1.50159912830404,-2.01766762710206,0.516068498797974,2847.04646652197,-5925.31205967924,3078.26559315727
0.94741888032194,1.5545941815741,-1.99527611022218,0.440681928648028,3037.05620454799,-5926.18749072299,2889.131286175
0.947536433361244,1.60546770351,-1.97016352559612,0.364695822086074,3222.91931522399,-5918.9787841163,2696.05946889231
0.947719941610107,1.68045674308367,-1.92561780390684,0.245161060823125,3504.08996142931,-5891.60434516505,2387.51438373574
0.947894192367514,1.74650164240674,-1.87739385825329,0.130892215846496,3760.32688453455,-5847.49389992966,2087.16701539511
0.947978991669991,1.77677661969773,-1.851870164323,0.0750935446252158,3881.05522018616,-5819.66966595893,1938.61444577277
0.948069895720486,1.80782779092505,-1.82305072408218,0.0152229331570789,4007.40487702337,-5785.25463577201,1777.84975874864
0.948160799770982,1.8374032563985,-1.79274469330299,-0.0446585630955649,4130.48128875644,-5746.11961439182,1615.63832563537
0.948218189948484,1.85530619496849,-1.77285526898484,-0.0824509259836994,4206.45998659743,-5718.99370911487,1512.53372251744
0.948333818804055,1.88953255373474,-1.7310455088003,-0.158487044934497,4355.33463367857,-5658.71184485316,1303.37721117459
0.948479458588602,1.92908226358598,-1.67514894007608,-0.253933323509952,4534.61842231134,-5572.18082893405,1037.56240662271
0.948683720954666,1.97771348192735,-1.59090232801498,-0.386811153912421,4769.91396692083,-5431.2673201145,661.353353193675
0.948826392925048,2.00687633532336,-1.52812976803932,-0.478746567284101,4922.73548706975,-5319.50856708534,396.773080015588
0.948880212791916,2.01683712576179,-1.50363676327833,-0.513200362483516,4977.85260368798,-5274.54504932771,296.692445639726
0.948981099091069,2.03394914491952,-1.45657923999165,-0.577369904927924,5077.30324736434,-5186.21998277854,108.916735414206
0.949081985390221,2.04901670403997,-1.40806000306716,-0.640956700972867,5171.64715717382,-5092.68625633015,-78.960900843671
0.949250544119577,2.06958471254382,-1.32388919765025,-0.745695514893627,5317.59173859396,-4925.09643149077,-392.495307103196
0.949496496218012,2.08916254719322,-1.19455141266051,-0.894611134532765,5503.60189585776,-4656.08370093548,-847.518194922282
0.949585012592401,2.0931694511245,-1.14617084286097,-0.946998608263581,5562.63230825154,-4552.2848886388,-1010.34741961274
0.949723055836122,2.09618432723299,-1.06898377969389,-1.02720054753915,5646.06339722789,-4383.45069394372,-1262.61270328417
0.949861099079844,2.09525642127758,-0.989789589941663,-1.10546683133597,5718.87026529845,-4206.37872746709,-1512.49153783137
0.949924854145191,2.09349694353517,-0.952565590174064,-1.14093135336116,5748.88136524802,-4121.88233807171,-1626.99902717631
0.950008633323181,2.08990771168617,-0.903075182554322,-1.1868325291319,5784.80454499138,-4008.34544121838,-1776.45910377301
0.950098307064106,2.08446154374477,-0.849412093663688,-1.23504945008114,5818.81066379473,-3883.74825871877,-1935.06240507596
0.950187980805031,2.07736066270087,-0.79507492166779,-1.28228574103313,5848.19641672483,-3756.06779461675,-2092.12862210808
0.95031836212091,2.06409812839231,-0.714969276413417,-1.34912885197895,5882.62787316632,-3565.16363576259,-2317.46423740373
0.950525496349643,2.03592960259742,-0.585351968529914,-1.45057763406756,5917.00304228594,-3249.85135276115,-2667.15168952479
0.95079951731813,1.98547841728397,-0.410265272628304,-1.57521314465571,5924.00941993608,-2812.08077351153,-3111.92864642454
0.951073538286616,1.92033697330015,-0.232145298021363,-1.68819167527883,5887.21442679538,-2353.52679908226,-3533.68762771312
0.951210408310003,1.88240496706725,-0.142348041385425,-1.74005692568186,5852.47079217535,-2117.48344405595,-3734.9873481194
0.95134727833339,1.84099390778083,-0.0522940921218013,-1.78869981565907,5806.90204159895,-1877.53950198264,-3929.36253961631
0.951484148356776,1.79618065156445,0.0378509408555939,-1.83403159242009,5750.59380943846,-1634.13677257891,-4116.45703685954
0.95155212805826,1.77267742783018,0.082619147671198,-1.85529657550142,5718.65837456664,-1512.06266940768,-4206.59570515895
0.951655155623535,1.73552330439956,0.150380608696033,-1.88590391309564,5665.29393012392,-1325.77875070696,-4339.51517941696
0.951788703633239,1.684669567716,0.237957503087655,-1.92262707080369,5587.30394996656,-1082.30735949242,-4504.99659047414
0.951986197879334,1.6040869785107,0.366608101385071,-1.97069507989581,5454.03651505166,-719.023892690362,-4735.0126223613
0.952127291424629,1.54269912746742,0.457713315583882,-2.00041244305133,5345.91003930869,-457.625628246731,-4888.28441106196
0.952157398522814,1.52919770317578,0.477051674024414,-2.00624937720023,5321.46005592759,-401.689541409051,-4919.77051451854
0.952251414475245,1.48616881089382,0.537145915474703,-2.02331472636855,5242.06651291234,-226.840548090181,-5015.22596482216
0.95241399470283,1.40874739301714,0.639894169551473,-2.04864156256865,5094.06716028459,75.7984013726536,-5169.86556165725
0.952576574930415,1.32765548844702,0.740967758172804,-2.06862324661985,4932.78801951405,378.223571068513,-5311.01159058256
0.952779341902333,1.22171741871041,0.864256429150817,-2.08597384786125,4713.72205272035,753.837831536249,-5467.5598842566
0.952939539643036,1.13447048430429,0.959234836659314,-2.09370532096363,4527.03351406915,1048.59228510897,-5575.62579917813
0.95299973066078,1.1009191951983,0.994322481223977,-2.0952416764223,4453.86626543931,1158.74536440667,-5612.61162984598
0.953083327657355,1.05367598723521,1.04245535370367,-2.09613134093891,4349.62061625108,1311.01724380825,-5660.63786005933
0.953166924653931,1.00570742144324,1.08986704887287,-2.09557447031613,4242.37629149406,1462.37857297217,-5704.75486446623
0.953233330401367,0.967105644807372,1.12699587924909,-2.09410152405648,4155.09226966595,1581.90374822586,-5736.99601789181
0.953357319671902,0.893930061581582,1.19498232467223,-2.08891238625383,3987.33787009478,1803.14959577428,-5790.48746586906
0.95351124910963,0.801224535171689,1.27683797021223,-2.07806250538393,3770.72004973901,2073.93205019945,-5844.65209993846
0.953665178547359,0.706645778398966,1.35570781863875,-2.06235359703773,3545.28627745497,2339.86433898101,-5885.15061643598
0.953862195425825,0.58324358911278,1.45198038596263,-2.03522397507542,3244.80643221774,2672.08565528053,-5916.89208749827
0.954119795683999,0.418678344595473,1.56935802226455,-1.98803636686003,2833.57482248062,3090.64273573475,-5924.21755821536
0.954377395942173,0.251376673260932,1.67646865007749,-1.92784532333843,2403.82749664107,3488.98726572975,-5892.81476237081
0.954538612737261,0.145681835045261,1.73801723757271,-1.88369907261797,2126.47669994964,3727.03382950606,-5853.51052945571
0.954656848897651,0.0678969280715294,1.78033983163079,-1.84823675970231,1919.51784116554,3895.60582203167,-5815.1236631972
0.954697997332929,0.0407935057687138,1.79449800519186,-1.83529151096057,1846.84133045882,3953.03301174116,-5799.87434219998
0.954781231735417,-0.0140391302431547,1.82221289425055,-1.8081737640074,1698.92149617778,4067.14726489631,-5766.06876107409
0.954903095042506,-0.0942779556168361,1.86052974884222,-1.76625179322538,1480.32091504198,4229.15198227312,-5709.4728973151
0.955058202452493,-0.196172241331831,1.90533898674976,-1.70916674541792,1199.03974324252,4426.31648142548,-5625.356224668
0.955213309862479,-0.297600161430718,1.94562416545915,-1.64802400402843,914.913478275072,4612.96985777288,-5527.88333604795
0.955418433064784,-0.430569354892317,1.99177666192565,-1.56120730703332,536.060285619464,4842.85306794448,-5378.91335356394
0.955483130534079,-0.472195872823568,2.00463737600299,-1.53244150317941,415.939978997184,4911.28718101985,-5327.22716001704
0.955604744726791,-0.549881667133572,2.02655938157102,-1.47667771443744,189.774848204204,5034.37564249712,-5224.15049070133
0.955726358919503,-0.626760565586533,2.04552108221814,-1.41876051663159,-36.6558238953467,5150.10510787513,-5113.44928397979
0.955882485044812,-0.724082719807658,2.06547867003088,-1.34139595022321,-327.169165444167,5287.60638559712,-4960.43722015295
0.95610475288538,-0.859514568876535,2.08529998241063,-1.22578541353407,-739.049765737267,5461.26724683264,-4722.21748109537
0.956260687790289,-0.952109031461971,2.09314992918387,-1.14104089772188,-1026.10669501991,5567.31583219328,-4541.20913717336
0.956329236292825,-0.992120155251046,2.09501325149251,-1.10289309624144,-1151.60976724149,5609.73923176714,-4458.12946452565
0.95639706880679,-1.03125783300539,2.09589976245919,-1.06464192945377,-1275.26860634017,5649.15302702595,-4373.88442068578
0.956492760147793,-1.08566250811306,2.09553087103947,-1.00986836292638,-1448.69653612437,5700.37804843029,-4251.68151230592
0.956540297226954,-1.1123305631972,2.09464306483166,-0.98231250163443,-1534.38362021065,5723.9140779594,-4189.53045774875
0.956650706362498,-1.17329140972084,2.09077857817621,-0.917487168455343,-1732.01216208451,5773.63193070339,-4041.61976861887
0.956761115498043,-1.23283894201467,2.08439799081681,-0.851559048802114,-1927.55142119283,5816.39893388664,-3888.84751269381
0.956871524633587,-1.29090320845499,2.0755089413145,-0.784605732859483,-2120.77152981476,5852.16531806372,-3731.39378824896
0.957012672229111,-1.36285170629897,2.06051106799002,-0.697659361691017,-2364.00454648538,5887.62164638128,-3523.6170998959
0.957222712846435,-1.46487269749289,2.03071405426639,-0.565841356773461,-2717.06460711895,5918.92478690954,-3201.86017979058
0.95730153207268,-1.50156233587775,2.01723517393962,-0.515672838061841,-2846.67833894183,5924.03563311337,-3077.35729417155
0.957404980740755,-1.54830960446832,1.99766982434503,-0.449360219876682,-3014.11012003282,5925.22590075411,-2911.11578072129
0.95750842940883,-1.59341956931366,1.97599417924303,-0.382574609929342,-3178.35145318992,5920.15385343312,-2741.8024002432
0.957679433478047,-1.66425156437412,1.93560977784361,-0.271358213469456,-3442.31833403062,5898.06492597407,-2455.74659194345
0.957878001050242,-1.74044630459645,1.88172626485682,-0.141279960260334,-3736.26115121396,5851.07812709817,-2114.81697588421
0.957944528672484,-1.76449237538741,1.86201177833585,-0.0975194029484053,-3831.61779509437,5830.22192710887,-1998.6041320145
0.958039360327178,-1.7974283476767,1.83250876219196,-0.0350804145152162,-3964.61901533971,5796.09220695946,-1831.47319161976
0.958159945834298,-1.83699495608389,1.79265184028546,0.0443431157984586,-4128.61798197307,5745.26943128815,-1616.65144931508
0.958246401544869,-1.8637462764563,1.76248490702767,0.101261369428659,-4242.57803311864,5703.74450953057,-1461.16647641193
0.958351648572046,-1.89445199748747,1.72401014562489,0.170441851862617,-4377.06449099439,5647.5182410293,-1270.45375003491
0.958490923402581,-1.93188983869436,1.67021266432061,0.261677174373784,-4547.6243358214,5563.64128941174,-1016.01695359034
0.958700467839209,-1.98120588948425,1.58331678601963,0.397889103464655,-4787.63633997666,5417.49471082248,-629.858370845825
0.958827687798138,-2.00698695776288,1.52716174324158,0.479825214521336,-4923.37132384872,5317.22667386392,-393.855350015199
0.958892528347221,-2.01889892172096,1.49758921088558,0.521309710835416,-4989.55543339954,5262.83010808521,-273.274674685673
0.958997828504727,-2.03645281007015,1.44825209481354,0.588200715256645,-5092.59375737128,5169.85826493332,-77.2645075620403
0.959103128662233,-2.05177690266028,1.39733078619859,0.654446116461727,-5190.0529080681,5071.2279292654,118.824978802703
0.95927915639158,-2.07236394225813,1.30884850398139,0.763515438276783,-5340.18504372061,4894.06803711206,446.117006608551
0.959532570416315,-2.09085064466151,1.17458774141892,0.916262903242628,-5527.43938966694,4613.06626289922,914.373126767728
0.959633307704445,-2.09453257241513,1.1190451469103,0.975487425504869,-5592.2901907346,4493.02625384107,1099.26393689353
0.959675603629535,-2.09545310129706,1.09538405686518,1.00006904443192,-5617.8548481954,4441.2691940415,1176.58565415389
0.959773062798988,-2.09616431668013,1.04014367867145,1.05602063800872,-5672.96374787563,4319.057949174,1353.90579870163
0.959870521968441,-2.0949096278338,0.983930369658673,1.11097925817516,-5722.74782784324,4192.8004380218,1529.94738982144
0.960019172784512,-2.08921471429231,0.896449651166604,1.19276506312574,-5788.31683340341,3992.73435443124,1795.58247897217
0.960086344096711,-2.08514464182694,0.85625330405514,1.22889133777183,-5813.82082256472,3899.41556864509,1914.40525391963
0.960177540231854,-2.07813300516789,0.80107714874607,1.27705585642185,-5844.29561906497,3769.95637760086,2074.33924146411
0.960302847442069,-2.06571867102727,0.724209562462779,1.34150910856452,-5878.33150114276,3587.07068723645,2291.26081390631
0.960504246511478,-2.03907811382778,0.598415994899329,1.44066211892848,-5913.91440207233,3281.73117260813,2632.1832294642
0.960774210216632,-1.99061949121352,0.426228746367109,1.56439074484644,-5924.48994477638,2852.32133585303,3072.16860892336
0.961044173921786,-1.92786371375181,0.250980470144176,1.67688324360766,-5892.53889027402,2402.44098024933,3490.09791002469
0.961199309725356,-1.88546517701014,0.14927595234783,1.73618922466233,-5854.98165063785,2135.6384968347,3719.34315380314
0.961324938127715,-1.84783925229214,0.0666349416063227,1.78120431068584,-5814.36248741553,1915.80738340116,3898.55510401437
0.961392644942858,-1.82635932621943,0.0220373556088598,1.80432197061059,-5788.70272775185,1796.04979661756,3992.65293113429
0.961460351758001,-1.8040534654812,-0.0225682290029245,1.82662169448414,-5760.4217219004,1675.48370985735,4084.93801204305
0.961572151532468,-1.76544455466901,-0.0961794077212339,1.86162396239027,-5708.02759164092,1474.79618414729,4233.23140749362
0.961722979458158,-1.70992559324851,-0.195263955973145,1.90518954922167,-5626.2087532541,1201.26380494808,4424.94494830602
0.961873807383848,-1.65056829079964,-0.293909693859183,1.94447798465884,-5531.7575865766,925.034980303246,4606.72260627336
0.962077145032801,-1.56473275288947,-0.425773104967668,1.99050585785716,-5384.85541807912,549.580795073745,4835.27462300538
0.962161648701231,-1.52713861240682,-0.480129796625368,2.0072684090322,-5317.26497378921,392.695810358785,4924.56916343042
0.962215758286726,-1.5024978153878,-0.514761882802594,2.01725969819041,-5272.01002737169,292.08135253028,4979.92867484141
0.962330214705666,-1.4489640408624,-0.587501047800882,2.03646508866329,-5171.29584296678,79.053871907423,5092.24197105935
0.962444671124606,-1.39355837455141,-0.659477922407058,2.05303629695848,-5063.89551163624,-134.068900638384,5197.96441227463
0.962588044296837,-1.32162996509268,-0.74841422541592,2.07004419050861,-4920.15549954613,-400.726155622447,5320.88165516858
0.962797762077264,-1.21167285136267,-0.875670675475479,2.08734352683816,-4692.09906781646,-789.010538851975,5481.10960666843
0.962945600944863,-1.13094060035514,-0.963163532925468,2.09410413328061,-4518.97330464372,-1060.87928116273,5579.85258580645
0.962981858985216,-1.11075222554587,-0.984321334685762,2.09507356023163,-4474.99031954479,-1127.26004247184,5602.25036201662
0.963073991953606,-1.05881957591054,-1.03749291760867,2.09631249351921,-4360.64677532318,-1295.22658574867,5655.87336107185
0.963166124921995,-1.00600256548518,-1.0897918137495,2.09579437923468,-4242.65368228003,-1462.0976282432,5704.75131052323
0.963255658080101,-0.953867581829711,-1.13974069806563,2.09360827989534,-4124.58106185941,-1623.08821450381,5747.66927636322
0.963374409736486,-0.88356819510404,-1.20458557438732,2.08815376949135,-3962.97144813894,-1834.59296800994,5797.56441614887
0.963524082934092,-0.793236891567294,-1.28390463465861,2.0771415262259,-3751.48038638845,-2097.46012001124,5848.94050639969
0.963673756131698,-0.701151785498996,-1.36038579201108,2.06153757751007,-3531.69480398328,-2355.6917842328,5887.38658821608
0.963873165364514,-0.576130001182149,-1.4575528417153,2.03368284289744,-3226.91891034929,-2691.45081101,5918.36972135929
0.964135623406992,-0.408298302101926,-1.5766090176711,1.98490731977301,-2806.90375181447,-3116.86551312319,5923.76926493766
0.964398081449471,-0.237695757837229,-1.68496110087913,1.92265685871634,-2367.84679795253,-3521.12932510843,5888.97612306096
0.964546248554056,-0.140505612653867,-1.74117834946761,1.88168396212146,-2112.45256390905,-3739.17838527144,5851.63094918049
0.9646671341301,-0.0609680785227518,-1.78425880319345,1.84522688171618,-1900.64496352853,-3911.11269813152,5811.75766166005
0.964788019706144,0.0186529795596897,-1.82476253359471,1.806109554035,-1686.10517438448,-4077.39314522999,5763.49831961447
0.964908905282189,0.0982448799323672,-1.86263281421997,1.76438793428757,-1469.1376197209,-4237.78578691707,5706.92340663797
0.965029790858233,0.177694317666714,-1.89781607432712,1.72012175666038,-1250.05172708192,-4392.06315743116,5642.11488451308
0.965150676434277,0.256887241535437,-1.93026192909772,1.67337468756225,-1029.16228450949,-4540.004131767,5569.16641627649
0.965338180752521,0.378905266074223,-1.97504797141424,1.59614270533999,-683.84237577251,-4756.36710165191,5440.20947742443
0.965469730346627,0.463777521554033,-2.00239753330206,1.53862001174799,-440.009725726954,-4898.4036503345,5338.41337606145
0.965532520378865,0.504028945903035,-2.01425222753715,1.51022328163408,-323.302000035927,-4963.28227607188,5286.5842761078
0.965648785031109,0.578015680239123,-2.03412524683717,1.45610956659801,-106.945306153239,-5078.27016663018,5185.21547278342
0.965765049683353,0.651228664099689,-2.05128342666806,1.40005476256833,109.547416421581,-5186.47696991016,5076.92955348858
0.965939821460133,0.759587482587063,-2.07191406353625,1.31232658094915,434.525343292678,-5336.02964365805,4901.50430036538
0.966186109727057,0.908248053076643,-2.09036537984123,1.18211732676454,889.797743619155,-5519.29768749622,4629.49994387707
0.966249467151192,0.945690616518212,-2.09309794687061,1.14740733035235,1006.2971984522,-5561.19811648085,4554.90091802865
0.966370166731708,1.01595178500019,-2.09600551250879,1.08005372750856,1227.0328533393,-5634.88408451067,4407.85123117137
0.966490866312223,1.08474720417358,-2.09589838688548,1.01115118271186,1445.98950353218,-5700.45951224521,4254.47000871303
0.966588585549066,1.13931099916325,-2.09360362251942,0.954292623356117,1621.76468871536,-5747.55197979713,4125.78729108178
0.966686304785908,1.19280087887877,-2.08933535878236,0.896534479903539,1796.01121683156,-5789.22538229004,3993.21416545847
0.966770711318669,1.23810224662673,-2.08406289994646,0.845960653319688,1945.16866538983,-5820.83040085695,3875.66173546713
0.966855117851429,1.28253265577604,-2.07732464695919,0.794791991183094,2092.95737614297,-5848.34023786845,3755.38286172548
0.966983436285417,1.34832860107374,-2.0642857530248,0.715957151951009,2314.74153391695,-5882.26930887335,3567.52777495639
0.96719186098823,1.45043594244779,-2.03598070111242,0.585544758664583,2666.64534129753,-5916.97319741523,3250.3278561177
0.967293635713772,1.49809263502233,-2.01897128519971,0.520878650177325,2834.52371482541,-5924.72010703655,3090.19639221114
0.967395410439314,1.54421713858957,-1.99989747508551,0.455680336495888,2999.50224423696,-5926.40760262272,2926.90535838576
0.967497185164857,1.58876169850933,-1.97877901287817,0.390017314368781,3161.4100041999,-5922.03370927268,2760.62370507279
0.967659924124209,1.65657567081423,-1.9408260178042,0.284250346989916,3413.44661744508,-5902.4656283482,2489.01901090312
0.967902314155153,1.74945054292241,-1.87496302741672,0.125512484494252,3771.91198888172,-5844.78874622641,2072.87675734469
0.968007179024502,1.78655484528991,-1.84305163672956,0.0564967914395992,3920.47846866868,-5809.29294756661,1888.81447889793
0.96811204389385,1.821718439987,-1.80914014862453,-0.0125782913625309,4064.7836467323,-5767.48983778594,1702.70619105364
0.968216908763198,1.85490311193668,-1.7732656611362,-0.081637450800534,4204.67023956595,-5719.42506472631,1514.75482516036
0.96835803129012,1.8963699160359,-1.72196474290725,-0.174405173128705,4385.66058603908,-5644.96278017261,1259.30219413354
0.968499153817041,1.93410900863082,-1.66727995486665,-0.266829053764227,4558.02854473697,-5559.40557748746,1001.37703275049
0.968690371096679,1.97915356052735,-1.5879983966384,-0.391155163889015,4777.1675740647,-5426.118173895,648.9505998303
0.968812922523581,2.00428899096866,-1.53413535652462,-0.4701536344441,4908.65511935052,-5330.33395983998,421.678840489468
0.96887602946253,2.0160783239058,-1.50550041173177,-0.510577912174086,4973.55161788444,-5277.90700852312,304.355390638673
0.968989996353378,2.03535353553522,-1.45230533451013,-0.583048201025152,5085.75529270702,-5178.00049710962,92.2452044025999
0.969103963244226,2.05201852222913,-1.39724988305817,-0.654768639171017,5191.43366340997,-5071.45700283201,-119.976660577963
0.969280903089892,2.07266538182891,-1.30827728835434,-0.764388093474626,5342.22343443796,-4893.26606869255,-448.957365745417
0.969530802748663,2.09089688700196,-1.17587082218487,-0.915026064817143,5526.88870155423,-4616.14785520733,-910.740846346894
0.969623470055774,2.09439514378999,-1.12483520540131,-0.96955993838874,5586.8419484553,-4505.95917562565,-1080.88277282965
0.969691829824493,2.09583751256979,-1.08657199628641,-1.00926551628344,5628.0350549568,-4422.21693350075,-1205.81812145605
0.969804419293528,2.0961045410212,-1.02247888624257,-1.07362565477869,5690.19770987114,-4279.88662875634,-1410.3110811148
0.969917008762564,2.09374855139583,-0.957108365681161,-1.13664018571473,5745.23623493391,-4132.20395459421,-1613.0322803397
0.9700295982316,2.08877275238314,-0.890540182686293,-1.19823256969691,5793.08474553446,-3979.34961947339,-1813.73512606107
0.970110544439056,2.08357943987917,-0.841981815305361,-1.24159762457387,5823.01239888027,-3866.3529066411,-1956.65949223917
0.970191490646512,2.07703832843004,-0.792878943733418,-1.28415938469668,5849.17221318039,-3750.85479042038,-2098.31742276001
0.970319713220693,2.06393119992062,-0.714074365526966,-1.34985683439371,5882.85356620238,-3562.99643516574,-2319.85713103664
0.970530778717277,2.03508677651813,-0.581955061717483,-1.4531317148007,5917.47206384191,-3241.47530677936,-2675.99675706255
0.970809121831339,1.9834307472941,-0.404013302913661,-1.57941744438049,5923.37849792547,-2796.20613456042,-3127.17236336506
0.971087464945402,1.91663391452282,-0.222989370779469,-1.69364454374341,5884.0991154231,-2329.61431495678,-3554.48480046632
0.971211680161463,1.88202856273873,-0.141468654368686,-1.7405599083701,5852.02003155022,-2115.16719177765,-3736.85283977257
0.971336913158707,1.84424017402184,-0.0590703173671188,-1.78516985665477,5810.65157746346,-1895.72124128912,-3914.93033617435
0.971462146155952,1.8035985692774,0.0234138251862938,-1.82701239446374,5760.28497563861,-1673.3533021674,-4086.93167347121
0.971587379153196,1.76016578716379,0.105859465959897,-1.86602525312373,5700.99903783406,-1448.39952529847,-4252.59951253559
0.971712612150441,1.71400863088635,0.188140462218424,-1.90214909310482,5632.8859634311,-1221.20467252044,-4411.68129091065
0.971837845147685,1.66519841597991,0.270129862850688,-1.93532827883064,5556.05142126053,-992.119549580881,-4563.93187167965
0.972031933651641,1.58451663461836,0.396278811817412,-1.98079544643582,5420.07492744516,-634.308291198188,-4785.76663624697
0.972143217468437,1.53555893480073,0.468006429466909,-2.00356536426768,5332.95198206253,-427.909404648511,-4905.04257741402
0.972167217561039,1.52474950115048,0.483407608187764,-2.00815710933828,5313.29893887485,-383.307408904003,-4929.99152997084
0.972256087124789,1.48397936736532,0.540181248227711,-2.02416061559307,5237.91370532316,-218.006921454863,-5019.9067838683
0.972429145960789,1.40132806633491,0.649445622690229,-2.05077368902518,5079.51004761646,104.129719155454,-5183.63976677192
0.97260220479679,1.31454127507914,0.756783067676217,-2.07132434275539,4906.10654207533,425.936381661173,-5332.0429237365
0.972814505343666,1.20282458251475,0.885341052737545,-2.08816563525232,4673.6997127112,818.799766332318,-5492.49947904352
0.97294997690148,1.12867307590994,0.965395259917789,-2.09406833582776,4514.3934517939,1067.82532631089,-5582.21877810479
0.973015389699943,1.09211822288656,1.00344325985128,-2.09556148273787,4434.50322726396,1187.43707937861,-5621.94030664257
0.973122443390783,1.03131512774523,1.06477906725575,-2.09609419500101,4299.7508029518,1382.05187176682,-5681.80267471862
0.973229497081623,0.969347399050477,1.12490782011722,-2.09425521916773,4160.13702006274,1575.09547056803,-5735.23249063077
0.97336922531567,0.886838916325002,1.20145291746509,-2.08829183379012,3970.8809259117,1824.30901031588,-5795.18993622758
0.973508953549716,0.802622077943008,1.27568245409821,-2.07830453204124,3773.97380625639,2070.00556248216,-5843.97936873855
0.973648681783763,0.716858112883537,1.34745439427763,-2.06431250716119,3569.79289335732,2311.71488099287,-5881.50777435019
0.973836656663418,0.599363768023265,1.43986252999146,-2.03922629801474,3284.4103604547,2629.68685423249,-5914.09721468719
0.974090898824169,0.437285000300488,1.55674331699511,-1.99402831729561,2880.61196604693,3044.75835928735,-5925.37032533427
0.974341108752047,0.275048103025553,1.66209112326563,-1.93713922629119,2465.28752851994,3434.33326699629,-5899.62079551623
0.974520717172841,0.15741402952028,1.73146769836116,-1.88888172788145,2157.44318476299,3701.21579601153,-5858.65898077452
0.974640670385459,0.0785223174298265,1.7747597133309,-1.85328203076073,1947.88987963232,3873.00277040464,-5820.89265003697
0.974704175842839,0.0366969716041159,1.79666545742858,-1.8333624290327,1835.7914025761,3961.74991032619,-5797.54131290229
0.974798462681769,-0.0254148350571478,1.82786207661836,-1.80244724156121,1668.04494518014,4090.57315526755,-5758.61810044769
0.974926196209296,-0.109500696566906,1.86755472466241,-1.75805402809551,1438.52100498012,4259.31819116132,-5697.83919614144
0.975053929736823,-0.193408873199098,1.90423899842381,-1.71083012522472,1206.68336712001,4421.19953208752,-5627.88289920753
0.97518166326435,-0.277005971683366,1.93785675545601,-1.66085078377264,972.900953381582,4575.96033995239,-5548.86129333397
0.975378968261304,-0.405161326495733,1.98361515786702,-1.57845383137129,608.981962318871,4800.35802004315,-5409.33998236202
0.975507457655358,-0.487845519334613,2.00933894716291,-1.5214934278283,370.551394070952,4936.68502245693,-5307.23641652788
0.975559182600016,-0.520923898774785,2.01877507625231,-1.49785117747752,274.347645989859,4989.32141492272,-5263.66906091258
0.975656923960982,-0.583036967858139,2.03514482060263,-1.45210785274449,92.4098385646967,5085.15756034398,-5177.56739890867
0.975754665321948,-0.644597818676596,2.04959429096873,-1.40499647229213,-89.6085595536438,5176.19230032579,-5086.58374077215
0.975925588721475,-0.750720443450794,2.07020207732152,-1.31948163387072,-407.49882906639,5323.55539347572,-4916.05656440933
0.976175845536335,-0.902022116356118,2.08958306642905,-1.18756095007292,-870.290178853622,5511.41954293549,-4641.12936408187
0.976217704479919,-0.926841810511785,2.09157092616415,-1.16472911565235,-947.346826105337,5539.58731670885,-4592.24049060351
0.976317347000947,-0.985255494050672,2.09484454718827,-1.10958905313759,-1130.04523279671,5602.75429596484,-4472.70906316813
0.976488987140279,-1.08354096685431,2.09566589613551,-1.01212492928118,-1441.93303365362,5698.61048221238,-4256.67744855876
0.976585926708591,-1.13769379190636,2.09343642289863,-0.95574263099225,-1616.34109019758,5745.45721696624,-4129.11612676865
0.976682866276903,-1.19079167482668,2.0892647664923,-0.898473091665597,-1789.25090393398,5786.97277639762,-3997.72187246363
0.976770066903444,-1.23761389267987,2.08385589411657,-0.846242001436678,-1943.37946751196,5819.73110618676,-3876.3516386748
0.976857267529984,-1.28350671313618,2.07688256527228,-0.793375852136081,-2096.04775677443,5848.1187659464,-3752.07100917197
0.976986910436822,-1.34993430602686,2.06363673100305,-0.713702424976175,-2320.04292963002,5882.19443241298,-3562.15150278296
0.977195412669795,-1.45197888249844,2.03517632447338,-0.583197441974924,-2671.90155005081,5916.49699559681,-3244.595445546
0.977301308584068,-1.50147802495599,2.01736125116403,-0.51588322620802,-2846.41487136157,5924.21617976708,-3077.80130840551
0.977407204498341,-1.54931467046498,1.9973127448694,-0.447998074404395,-3017.77550403168,5925.37517921637,-2907.59967518469
0.977513100412614,-1.59543515344893,1.97505326850563,-0.379618115056674,-3185.79110853276,5919.97240757788,-2734.18129904512
0.977682421340165,-1.66546696791759,1.93494133457907,-0.269474366661456,-3446.95335616125,5897.72640872334,-2450.77305256208
0.97788063618002,-1.74143349629733,1.88104904763926,-0.139615551341908,-3740.18030475582,5850.50405588366,-2110.32375112784
0.977943199753445,-1.76404019588499,1.86250164018547,-0.0984614443004538,-3829.84198706532,5830.86802713246,-2001.02604006714
0.978062846268559,-1.805357016411,1.82504133739924,-0.0196843209882094,-3997.11811188938,5787.054038286,-1789.93592639662
0.978182492783673,-1.84412052052376,1.78500342480298,0.0591170957208094,-4158.73642832288,5735.0617716447,-1576.32534332182
0.978260507894559,-1.8679996258594,1.75753039011344,0.110469235745995,-4260.98300076192,5696.78358875776,-1435.80058799584
0.978338523005444,-1.89075612459557,1.72900123514829,0.161754889447311,-4360.66795595288,5655.08106663066,-1294.41311067778
0.978460006579988,-1.92391987483891,1.68252101949775,0.241398855341188,-4510.6321340081,5583.39592061277,-1072.76378660466
0.978669231200066,-1.97441516997972,1.59680560034653,0.37760956963321,-4753.26724330621,5441.00443674202,-687.737193435814
0.978792242171343,-2.00014983346303,1.54314085377008,0.457008979692984,-4886.47269841783,5346.23250692197,-459.759808504139
0.978860560689705,-2.01315754459034,1.5123286092448,0.500828935345571,-4957.32875637336,5290.12619387497,-332.797437501612
0.978916172046826,-2.02306094859899,1.486732135754,0.536328812845018,-5013.31927291099,5242.6535284846,-229.334255573605
0.979023066990867,-2.0403567224455,1.43627059853486,0.604086123910671,-5116.61152576051,5146.93247459912,-30.3209488386065
0.979172391639096,-2.06065624890774,1.36309439519385,0.697561853713919,-5251.18722604619,5003.54932169679,247.637904349406
0.97939124812716,-2.08219405711557,1.25051927589506,0.831674781220546,-5427.39576949576,4773.70316252937,653.692606966393
0.979557242845396,-2.09197891948376,1.16113480315779,0.930844116326003,-5544.03334046519,4584.2102690922,959.823071372987
0.979664152347372,-2.09527250443183,1.10185940211224,0.993413102319627,-5611.21624481896,4455.4910650373,1155.72517978166
0.979793395812268,-2.09609679011369,1.02855575462577,1.06754103548796,-5683.96228058826,4293.20007420207,1390.76220638618
0.979922639277164,-2.09346494668943,0.95355756531418,1.13990738137528,-5747.33323958075,4123.83216712063,1623.50107246012
0.98005188274206,-2.08738154168629,0.876987142168477,1.21039439951785,-5801.22680823311,3947.66400102233,1853.56280721078
0.980181126206956,-2.07785666236724,0.798970440398094,1.27888622196918,-5845.55467452686,3764.98555806198,2080.56911646488
0.980310369671852,-2.06490601741484,0.719636064655855,1.34526995275902,-5880.24383847193,3576.09805263896,2304.14578583297
0.980496810874011,-2.04023993717799,0.603170940216403,1.43706899696161,-5913.18308954818,3293.39861271797,2619.78447683021
0.980754161708398,-1.99474301915207,0.439184909364639,1.55555810978746,-5925.32852730783,2885.06193082171,3040.26659648612
0.981004343950334,-1.93802459558207,0.276999977125345,1.66102461845675,-5900.07237782281,2470.00938945708,3430.06298836573
0.981184406309729,-1.88975314560672,0.15908384406936,1.73066930153738,-5859.33688207123,2161.52036621172,3697.81651585951
0.981304761080611,-1.85409533980537,0.0799337387339809,1.77416160107141,-5821.63373601566,1951.33452390395,3870.29921211171
0.981367823127054,-1.8343465085007,0.0384022232622362,1.79594428523849,-5798.54502625618,1840.05206193899,3958.49296431719
0.981462402410057,-1.80338365253393,-0.0239007148456828,1.82728436737964,-5759.65386580509,1671.83349065269,4087.82037515239
0.981589782599228,-1.7591773904116,-0.107754803273203,1.86693219368482,-5699.24922152815,1443.00248802323,4256.24673350492
0.9817171627884,-1.71215429585841,-0.19143544406745,1.90358973992588,-5629.7154899387,1211.86193377972,4417.85355615898
0.981844542977571,-1.66238889281652,-0.27481032309899,1.93719921591553,-5551.16346205018,978.777634065181,4572.385827985
0.982040714966201,-1.58059975081454,-0.402256856452176,1.98285660726673,-5412.90024395397,617.016076761511,4795.88416719245
0.982171926349286,-1.52250434798788,-0.486709887086,2.00921423507389,-5308.88011531068,373.56451588867,4935.31559942201
0.982233683361008,-1.49425126070511,-0.526193001131219,2.02044426183634,-5256.77256315457,258.701759479086,4998.07080367548
0.982332657574036,-1.44780914839799,-0.589041694245547,2.03685084264355,-5169.15307520501,74.4590214020839,5094.69405380293
0.982431631787063,-1.39996812627252,-0.651319066437518,2.05128719271005,-5076.53523240004,-109.851193407602,5186.38642580764
0.982563533527977,-1.33412339310201,-0.733315321859602,2.06743871496162,-4945.50536359625,-355.251661285073,5300.75702488132
0.982767674206189,-1.22778581103095,-0.857635200668733,2.08542101169969,-4726.14748103407,-733.543370932441,5459.69085196651
0.98291378244321,-1.14852522349568,-0.944509671887976,2.09303489538366,-4557.10723068131,-1002.63022263628,5559.73745331759
0.983014964589382,-1.0921947867749,-1.00353044224983,2.09572522902474,-4434.36673890225,-1187.81708718364,5622.18382608589
0.983137043986644,-1.02277325844475,-1.07337812317922,2.09615138162397,-4280.33616455205,-1409.61303195285,5689.9491965049
0.983259123383907,-0.951848260116551,-1.14164573374422,2.09349399386078,-4120.00989538049,-1629.3319767857,5749.34187216619
0.983381202781169,-0.879523081861169,-1.20823404168182,2.08775712354299,-3953.62178092725,-1846.65431084438,5800.27609177162
0.983503282178432,-0.805903920030282,-1.27304532210987,2.07894924214015,-3781.41630192273,-2061.26099580649,5842.67729772922
0.983625361575694,-0.731099064624689,-1.33598424117305,2.06708330579774,-3603.64685781975,-2272.83631222415,5876.4831700439
0.983805702837726,-0.61869185988105,-1.42531155349882,2.04400341337987,-3331.49693901277,-2579.08739856375,5910.58433757652
0.984058807592304,-0.457753025195743,-1.54283962071425,2.00059264590999,-2931.93987918831,-2994.50657683375,5926.44645602206
0.984365208148714,-0.259259430171695,-1.67194365443056,1.93120308460224,-2424.00946151795,-3471.62344936271,5895.63291088066
0.984508542367628,-0.165333548584244,-1.72718299918287,1.89251654776711,-2178.06607799007,-3684.37701576594,5862.44309375601
0.984651876586542,-0.0710782603342294,-1.77891565908585,1.84999391942007,-1927.71881118239,-3889.64341294812,5817.36222413051
0.984734093300618,-0.0169249613858919,-1.80697345571909,1.82389841710497,-1782.29117747996,-4003.87260055255,5786.16377803252
0.984816310014694,0.0372373823585053,-1.83382392228999,1.79658653993147,-1635.67893965442,-4115.4234953215,5751.10243497592
0.984916143363452,0.102963067556461,-1.8647781788644,1.76181511130792,-1456.20693753815,-4247.16548129802,5703.37241883617
0.985043392014399,0.186572394802145,-1.90156487546257,1.7149924806604,-1225.42272144458,-4408.99044330847,5634.41316475305
0.985197057086509,0.287115439349413,-1.94192695553952,1.65481151619009,-944.188895225883,-4594.96851029527,5539.15740552115
0.985412181279141,0.426640898421857,-1.99079179969209,1.56415090127021,-547.079188248933,-4837.15868642076,5384.2378746697
0.985455016662794,0.454236081357996,-1.99945200843801,1.54521592707999,-467.578552220387,-4882.82481906129,5350.40337128167
0.985562441566968,0.523050850296396,-2.01956825283124,1.49651740253482,-267.909765537772,-4993.41003439644,5261.31979993421
0.985724982902466,0.625981839469663,-2.04561560600381,1.41963376653412,34.6157860231738,-5149.82708491578,5115.21129889261
0.985887524237964,0.727276932031368,-2.0663289962696,1.3390520642382,337.040366892404,-5292.81251500141,4955.772148109
0.98610497770289,0.85973601794855,-2.08560141332178,1.2258653953732,739.982771316344,-5462.41039225419,4722.42762093785
0.986261382232319,0.95260322108039,-2.09345798818309,1.14085476710267,1027.89656635259,-5568.73570944653,4540.83914309395
0.986321852487168,0.987919711103362,-2.09514275065824,1.10722303955485,1138.63391226706,-5606.27092608027,4467.63701381321
0.986390469007019,1.02755750710649,-2.09613777013902,1.06858026303249,1263.77800828581,-5646.4049289819,4382.62692069609
0.986495360472201,1.08721246037627,-2.09577526506784,1.00856280469154,1453.89933851221,-5702.66728281054,4248.76794429833
0.986582007933039,1.1356056384755,-2.09375879828358,0.958153159808042,1609.77676796425,-5744.4752264199,4134.69845845564
0.986697763023823,1.19892975623389,-2.08864439858367,0.889714642349743,1816.11590838326,-5793.67312643848,3977.55721805522
0.986842246157524,1.27572483354498,-2.07838715099478,0.802662317449754,2070.2285209599,-5844.31505856117,3774.08653760127
0.986986729291225,1.3498915993216,-2.06384821319137,0.713956613869725,2320.0758576894,-5882.91662267978,3562.84076499039
0.987179501647127,1.44446389946912,-2.03784222049131,0.593378321022158,2645.80779876708,-5915.52936921128,3269.7215704442
0.987210669950811,1.45927784289815,-2.03292967231705,0.573651829418861,2697.63349906278,-5918.77157618516,3221.13807712238
0.987304860036123,1.50317975726884,-2.01690367536028,0.513723918091397,2852.62507602912,-5925.11441956059,3072.48934353148
0.987491013822688,1.58599798128852,-1.98006581783591,0.39406783654734,3151.32660901991,-5922.38445593913,2771.05784691922
0.987677167609253,1.6633869745847,-1.93646102904054,0.273074054455796,3439.23121271574,-5899.4091045561,2460.17789184036
0.987910560726216,1.75232131068466,-1.87247782200723,0.120156511322534,3783.36394540203,-5842.15327492119,2058.78932951916
0.988009243027107,1.78715165716116,-1.84235281743284,0.0552011602716329,3922.98789578298,-5808.45942861823,1885.47153283524
0.988107925327999,1.8202615834402,-1.81045769436235,-0.00980388907789965,4058.83123064176,-5769.18031319391,1710.34908255215
0.98820660762889,1.85161989840122,-1.77682304468965,-0.074796853711614,4190.76530394143,-5724.35395668816,1533.58865274672
0.988353580436983,1.89500515943062,-1.72358400582287,-0.171421153607796,4379.71310736237,-5647.41882014039,1267.70571277802
0.988500553245075,1.93434983748103,-1.66667158810747,-0.267678249373601,4559.32020536714,-5558.4452471145,999.125041747361
0.988692365470063,1.97947178155916,-1.58709115486266,-0.392380626696538,4778.99196114536,-5424.57133604987,645.579374904516
0.988836064587827,2.0085855717048,-1.52366340703267,-0.484922164672174,4932.28609050762,-5311.31774713929,379.031656631671
0.988916906120196,2.02317307575385,-1.48659672450207,-0.536576351251827,5014.15040095815,-5242.81120320549,228.660802247342
0.989013961346289,2.03895936838271,-1.44083462246424,-0.598124745918519,5108.1452469693,-5156.10562812061,47.9603811513102
0.989136243568277,2.05614551868481,-1.3812824447206,-0.674863073964247,5219.78341001826,-5040.05898214308,-179.724427875174
0.989332231606639,2.07734241610828,-1.2816600558094,-0.795682360298925,5382.51214384966,-4838.70598284817,-543.806161001492
0.989530261557469,2.09076439918631,-1.17607283127903,-0.914691567907322,5526.21690595723,-4616.6493942625,-909.567511694733
0.989634258821685,2.09457967195778,-1.11874181123254,-0.975837860725277,5593.19783150143,-4492.75681621053,-1100.4410152909
0.989709025200154,2.09594078933019,-1.07678009416318,-1.01916069516705,5637.66805929692,-4400.70724672201,-1236.96081257491
0.989813086017659,2.09590931020967,-1.01740035667445,-1.07850895353527,5694.36862029851,-4268.57465486821,-1425.7939654303
0.989918166192946,2.09360387708562,-0.956336966596946,-1.13726691048872,5745.44432628122,-4130.51996952075,-1614.92435676047
0.990023246368233,2.08901638332914,-0.89423114642936,-1.19478523689982,5790.25615260832,-3987.96213905574,-1802.29401355258
0.990052624494654,2.08732594788724,-0.876686685840899,-1.21063926204638,5801.65991183004,-3947.31295586566,-1854.34695596438
0.99010654757362,2.08376053458343,-0.844292690553425,-1.23946784403005,5821.3022248234,-3871.83329506612,-1949.46892975729
0.990208358697552,2.07539962136573,-0.782485107668597,-1.29291451369717,5853.82194924701,-3726.32728229663,-2127.49466695038
0.990379280851767,2.05659876505377,-0.676987563551888,-1.37961120150192,5894.91897149195,-3473.6345576285,-2421.28441386345
0.99062145847764,2.01984297097641,-0.524319712712732,-1.49552325826371,5924.027246512,-3098.83121892614,-2825.19602758587
0.990912445509482,1.96028042608768,-0.337038694397957,-1.62324173168975,5913.72618562563,-2625.22695868593,-3288.4992269397
0.991113516115723,1.90949559293544,-0.20578109493068,-1.70371449800479,5877.76087228301,-2284.65645455984,-3593.10441772317
0.991264631815396,1.86628915239471,-0.10653011350685,-1.75975903888789,5835.27840411765,-2022.53558161235,-3812.74282250531
0.991314201379676,1.85118940442153,-0.0738978081859841,-1.77729159623557,5818.46552044892,-1935.49820404061,-3882.96731640831
0.99137192537163,1.83304135786062,-0.0358793230124082,-1.79716203484824,5797.10776207258,-1833.56236697234,-3963.54539510023
0.991494159790489,1.79263707535777,0.0446333155166406,-1.83727039087444,5745.60302289072,-1615.80321220344,-4129.79981068728
0.991570127475824,1.76618669024856,0.0946517554351175,-1.8608384456837,5709.31171991354,-1479.22899118935,-4230.08272872419
0.99167574612954,1.72774703964371,0.164090973061414,-1.89183801270515,5653.45812460506,-1287.98132837857,-4365.47679622649
0.991817132847126,1.67332765859434,0.256735130471515,-1.93006278906588,5568.96717701904,-1029.824245635,-4539.14293138404
0.992025634540114,1.58711849953792,0.392325236940496,-1.97944373647843,5424.43280484033,-645.717899181312,-4778.71490565902
0.992160966032349,1.527470624997,0.479507452989931,-2.00697807798695,5318.08450639949,-394.709568041103,-4923.37493835838
0.992203632007403,1.50808083614431,0.506831080974697,-2.01491191711903,5282.54058283587,-315.375876011868,-4967.164706824
0.992250586449018,1.48643034623469,0.53679336091568,-2.02322370715039,5242.32859714375,-228.009405522578,-5014.31919162118
0.992319025125387,1.45429743449307,0.580250926477708,-2.0345483609708,5181.678874388,-100.592957723866,-5081.08591666413
0.992423624689064,1.40389794796514,0.646137163200358,-2.05003511116551,5084.3732054617,94.1936884400806,-5178.56689390178
0.992562934099734,1.33443964909429,0.732777699018569,-2.06721734811288,4946.28899478557,353.383694802854,-5299.67268958843
0.99277112502081,1.22595914109041,0.859539604258203,-2.08549874534863,4722.44802161664,739.159640071995,-5461.60766168863
0.992917187667191,1.14666435530185,0.946345565209908,-2.09300992051176,4553.23190812003,1008.12816578373,-5561.36007390376
0.993018623098982,1.09015323808273,1.00548168789671,-2.09563492597944,4430.02577556627,1193.74554194976,-5623.77131751602
0.993140576219936,1.02075767955538,1.07521462925508,-2.09597230881046,4275.96644458813,1415.26275368848,-5691.22919827661
0.993262529340891,0.949864782562013,1.14336777656477,-2.09323255912679,4115.63102006631,1634.69781811741,-5750.32883818372
0.993384482461846,0.877577548625865,1.20984231049568,-2.08741985912155,3949.25284224809,1851.73231272606,-5800.98515497414
0.9935064355828,0.804001886816285,1.27454089357687,-2.07854278039316,3777.07585992744,2066.04833008394,-5843.12419001138
0.993628388703755,0.729245796187874,1.33736856171246,-2.06661435790034,3599.35291016078,2277.3312462667,-5876.68415642749
0.993808685933243,0.616829942179461,1.42660372575797,-2.04343366793743,3327.08381637652,2583.38833252103,-5910.47214889755
0.994061791008428,0.455850857946391,1.54402622343666,-1.99987708138304,2927.29237019828,2998.61526616537,-5925.90763636365
0.994368186802334,0.257328122974131,1.67298928168021,-1.93031740465433,2419.12730907812,3475.45177821729,-5894.5790872954
0.994512032085288,0.163058016385874,1.72835002897814,-1.891408045364,2172.20152560022,3688.80743746743,-5861.00896306765
0.994655877368241,0.068460739672037,1.78017646454376,-1.84863720421578,1920.85244181699,3894.61240574783,-5815.46484756483
0.99472352066456,0.0239048249496277,1.80330286387549,-1.82720768882511,1801.236096508,3988.69016439975,-5789.92626090775
0.994791163960878,-0.020659618808774,1.82561310755519,-1.8049534887464,1680.81120015125,4080.95964824171,-5761.77084839296
0.994897200167246,-0.0904818745500425,1.85891787290788,-1.76843599835781,1490.55336117298,4221.8522810487,-5712.40564222167
0.995052449467632,-0.192483039777106,1.90393728291641,-1.71145424313928,1209.13356413683,4419.59133882463,-5628.72490296146
0.995207698768018,-0.294024701826482,1.94442747468466,-1.65040277285816,924.841753822141,4606.81406933409,-5531.65582315623
0.995411260675197,-0.426029805661619,1.99048287749098,-1.56445307182934,548.962705421151,4835.56435613385,-5384.527061555
0.99549773522365,-0.481647738079376,2.00760757185765,-1.52595983377825,388.411561134215,4926.87181380084,-5315.28337493505
0.995546056725999,-0.512576513832135,2.01653243673088,-1.50395592289872,298.557788054713,4976.31633022716,-5274.87411828187
0.995657281688372,-0.583292381419813,2.03530137481855,-1.45200899339871,91.5488172142595,5085.72387659608,-5177.27269381034
0.995768506650745,-0.65329284239323,2.05158378972072,-1.39829094732745,-115.563442768913,5188.91389808068,-5073.35045531176
0.995947219882464,-0.764024638711202,2.07248444748347,-1.30845980877223,-447.834608869057,5341.34459012709,-4893.50998125803
0.996199016620395,-0.91578999998375,2.09082600769382,-1.17503600771003,-913.093079422224,5527.34966902849,-4614.25658960627
0.996293561820007,-0.971406544263605,2.09434773995367,-1.12294119569003,-1086.65488058624,5588.39678979825,-4501.74190921201
0.996357325907766,-1.00843636351931,2.09567911050549,-1.08724274698614,-1203.18282244893,5626.78709343472,-4423.60427098579
0.996468161733715,-1.07181800318632,2.0959903567048,-1.02417235351843,-1404.51868413405,5688.11862857428,-4283.59994444022
0.996578997559664,-1.13389738134153,2.09375957197726,-0.959862190635685,-1604.14345316891,5742.54741639177,-4138.40396322286
0.996689833385613,-1.19460167647336,2.08898974104411,-0.894388064570711,-1801.82256634363,5790.01064569935,-3988.18807935572
0.996750476902148,-1.22721298788262,2.08530671901944,-0.858093731136781,-1909.09082070955,5813.01489255883,-3903.92407184927
0.996846969542458,-1.27817328368181,2.07788685310199,-0.799713569420132,-2078.30650042683,5845.25837237945,-3766.95187195262
0.996979978895181,-1.34647277183438,2.06453161317895,-0.718058841344528,-2308.36034080062,5880.88352271034,-3572.52318190972
0.997186783947139,-1.44790970697471,2.03662816589655,-0.58871845892179,-2657.7516295632,5915.84708306078,-3258.09545349758
0.997278971097109,-1.49121165964059,2.02140410018547,-0.530192440544833,-2810.07065987211,5923.40335213232,-3113.33269226022
0.997336958253175,-1.51781278077941,2.01095714908849,-0.493144368309027,-2904.68968983813,5925.6096670055,-3020.91997716737
0.997424589426602,-1.55704945012373,1.99390540354307,-0.436855953419288,-3045.82365668214,5925.20886726878,-2879.38521058664
0.997557591003722,-1.61432467491131,1.96514659812539,-0.350821923214036,-3255.54168754887,5916.01802942184,-2660.47634187297
0.997769698131928,-1.69975387582181,1.91223022934153,-0.212476353519673,-3577.93672852976,5880.02037649983,-2302.08364797006
0.99790824700423,-1.75153022451491,1.87305086336708,-0.121520638852123,-3780.13227592655,5842.39084353647,-2062.25856760992
0.997974032609635,-1.77496634308761,1.85319435885118,-0.0782280157635142,-3873.68434825698,5820.63622647186,-1946.95187821489
0.998050313825571,-1.80118912332598,1.82918041871879,-0.027991295392755,-3980.07812554161,5792.29746557363,-1812.21934003202
0.998157393837934,-1.83624587826539,1.79370503963003,0.0425408386354176,-4125.5385673938,5746.90982831739,-1621.37126092359
0.99824100858168,-1.86217891877142,1.76458785481307,0.0975910639584048,-4235.89119588935,5706.93861228798,-1471.04741639863
0.998353514069221,-1.89503783748953,1.72349567782984,0.171542159659746,-4379.73122839862,5646.95022944681,-1267.21900104819
0.998497117878146,-1.93352881619363,1.66793119750139,0.265597618692295,-4555.33175194935,5560.15141124831,-1004.81965929896
0.998706067390641,-1.9824669269024,1.5810847851218,0.401382141780659,-4794.09445262405,5413.75620697824,-619.661754354193
0.998829112625396,-2.00731769449418,1.52670503206344,0.480612662430797,-4925.17183172207,5316.54937228735,-391.377540565277
0.998909726784905,-2.02197721126739,1.48982902544364,0.532148185823807,-5007.08318643049,5248.5336322803,-241.45044584981
0.999014390963288,-2.03907104477573,1.44053406564408,0.598536979131714,-5108.61770387524,5155.21666232655,-46.5989584513136
0.999140883270489,-2.05678332940684,1.37889079532328,0.677892534083623,-5223.93090380524,5035.01847135975,188.912432445486
0.999337558143305,-2.07785393776577,1.2787950492724,0.79905888849342,-5386.71283493676,4832.48823182967,554.224603107096
0.999533029322066,-2.09093976037655,1.17447746859661,0.916462291779992,-5528.13604738497,4612.93196992014,915.204077464836
0.999636439911047,-2.09468044883149,1.11744261923125,0.977237829600293,-5594.59776551564,4489.62579810132,1104.97196741431
0.999714575190956,-2.09604021922124,1.07355946315288,1.02248075606841,-5640.9028374785,4393.29961332954,1247.60322414896
0.999816303459068,-2.09591695246201,1.01546604557373,1.08045090688834,-5696.08244710815,4263.94010596447,1432.14234114368
0.999916591680248,-2.09369938031435,0.957179849432603,1.1365195308818,-5744.78270267094,4132.14734807373,1612.63535459721
1,-2.09027135014572,0.907974785583088,1.18229656456269,-5780.94445360732,4019.39907444512,1761.5453791622
